[
  {
    "model": "auth.user",
    "fields": {
      "password": "pbkdf2_sha256$1000000$YwypuEqeriNPgQ1wOvSJTu$R2yPOp56yWCytT5Uj+JGtlbZqypNkIXbBeA82jEF1+c=",
      "last_login": "2026-03-24T23:57:22.600Z",
      "is_superuser": true,
      "username": "phamquochuy",
      "first_name": "Phạm",
      "last_name": "Quốc Huy",
      "email": "phamquochuy13082003@gmail.com",
      "is_staff": true,
      "is_active": true,
      "date_joined": "2026-03-10T01:30:11.915Z",
      "groups": [],
      "user_permissions": []
    }
  },
  {
    "model": "auth.user",
    "fields": {
      "password": "pbkdf2_sha256$1000000$POiBLSIgesItbyMXfCW6cU$X36+UsxhKAKwAUSrtqkzCH4bLu+xBI7+aUcnwmwRYsU=",
      "last_login": "2026-03-13T08:14:11.789Z",
      "is_superuser": false,
      "username": "cd24clc",
      "first_name": "CD24CLC",
      "last_name": "",
      "email": "cd24clcitc@gmail.com",
      "is_staff": false,
      "is_active": true,
      "date_joined": "2026-03-12T01:48:24.274Z",
      "groups": [],
      "user_permissions": []
    }
  },
  {
    "model": "auth.user",
    "fields": {
      "password": "pbkdf2_sha256$1000000$UyusF95cr5aO1nrvyPzkVO$rMepAOzYW5Id3MkZOoFTPBLjH1xELf0GS74PHDo5R1M=",
      "last_login": "2026-03-13T17:44:50.596Z",
      "is_superuser": false,
      "username": "nguyenminhduc2246",
      "first_name": "Nguyễn",
      "last_name": "Minh Đức",
      "email": "nguyenminhduc2246@gmail.com",
      "is_staff": false,
      "is_active": true,
      "date_joined": "2026-03-13T16:16:00.903Z",
      "groups": [],
      "user_permissions": []
    }
  },
  {
    "model": "auth.user",
    "fields": {
      "password": "!oZz1GdMvRJgNRX2Iz2CJHedLYlXWPx1YyuVbQRmd",
      "last_login": "2026-03-24T18:14:28.421Z",
      "is_superuser": false,
      "username": "pham_quoc_huy",
      "first_name": "Phạm Quốc Huy",
      "last_name": "",
      "email": "itachihuy212@gmail.com",
      "is_staff": false,
      "is_active": true,
      "date_joined": "2026-03-24T18:14:28.345Z",
      "groups": [],
      "user_permissions": []
    }
  },
  {
    "model": "sites.site",
    "fields": {
      "domain": "127.0.0.1:8000",
      "name": "TeaZen Local"
    }
  },
  {
    "model": "account.emailaddress",
    "pk": 1,
    "fields": {
      "user": [
        "cd24clc"
      ],
      "email": "cd24clcitc@gmail.com",
      "verified": true,
      "primary": true
    }
  },
  {
    "model": "account.emailaddress",
    "pk": 2,
    "fields": {
      "user": [
        "pham_quoc_huy"
      ],
      "email": "itachihuy212@gmail.com",
      "verified": true,
      "primary": true
    }
  },
  {
    "model": "socialaccount.socialaccount",
    "pk": 1,
    "fields": {
      "user": [
        "cd24clc"
      ],
      "provider": "google",
      "uid": "107520195319120034722",
      "last_login": "2026-03-12T01:48:24.294Z",
      "date_joined": "2026-03-12T01:48:24.294Z",
      "extra_data": {
        "iss": "https://accounts.google.com",
        "azp": "361177892645-n65ts807f2hgvmeoqvck55f6shatj2ka.apps.googleusercontent.com",
        "aud": "361177892645-n65ts807f2hgvmeoqvck55f6shatj2ka.apps.googleusercontent.com",
        "sub": "107520195319120034722",
        "email": "cd24clcitc@gmail.com",
        "email_verified": true,
        "at_hash": "VH_BiO0gMMD_hr6yozBjPQ",
        "name": "CD24CLC",
        "picture": "https://lh3.googleusercontent.com/a/ACg8ocLOKaKWcX19ZYwaodoS2ewwX8eaiXm0MAMTZTDSZUqaHCX2dQ=s96-c",
        "given_name": "CD24CLC",
        "iat": 1773280146,
        "exp": 1773283746
      }
    }
  },
  {
    "model": "socialaccount.socialaccount",
    "pk": 2,
    "fields": {
      "user": [
        "pham_quoc_huy"
      ],
      "provider": "google",
      "uid": "110112050053837505117",
      "last_login": "2026-03-24T18:14:28.400Z",
      "date_joined": "2026-03-24T18:14:28.400Z",
      "extra_data": {
        "iss": "https://accounts.google.com",
        "azp": "361177892645-n65ts807f2hgvmeoqvck55f6shatj2ka.apps.googleusercontent.com",
        "aud": "361177892645-n65ts807f2hgvmeoqvck55f6shatj2ka.apps.googleusercontent.com",
        "sub": "110112050053837505117",
        "email": "itachihuy212@gmail.com",
        "email_verified": true,
        "at_hash": "VL80YkIBBbyDGpg3t5PwqA",
        "name": "Phạm Quốc Huy",
        "picture": "https://lh3.googleusercontent.com/a/ACg8ocIRrJgMFNYUWk7HmWRWAa84HoyqvEPnjtRnGl49On_wv6noizCO=s96-c",
        "given_name": "Phạm Quốc Huy",
        "iat": 1774376096,
        "exp": 1774379696
      }
    }
  },
  {
    "model": "MyApp.category",
    "pk": 1,
    "fields": {
      "name": "Trà Xanh",
      "slug": "tra-xanh",
      "description": "Các loại trà xanh truyền thống và hiện đại.",
      "image": "categories/tải_xuống_51.jpg",
      "is_active": true,
      "created_at": "2026-03-10T14:40:30.470Z"
    }
  },
  {
    "model": "MyApp.category",
    "pk": 2,
    "fields": {
      "name": "Trà Đen",
      "slug": "tra-en",
      "description": "Trà đen đậm đà, lên men hoàn toàn.",
      "image": "categories/tải_xuống_50.jpg",
      "is_active": true,
      "created_at": "2026-03-10T14:40:30.476Z"
    }
  },
  {
    "model": "MyApp.category",
    "pk": 3,
    "fields": {
      "name": "Ô Long",
      "slug": "o-long",
      "description": "Dòng trà ô long cao cấp với hương vị đa dạng.",
      "image": "categories/tải_xuống_49.jpg",
      "is_active": true,
      "created_at": "2026-03-10T14:40:30.481Z"
    }
  },
  {
    "model": "MyApp.category",
    "pk": 4,
    "fields": {
      "name": "Trà Thảo Mộc",
      "slug": "tra-thao-moc",
      "description": "Các loại trà từ hoa, quả và thảo mộc tự nhiên.",
      "image": "categories/tải_xuống_48.jpg",
      "is_active": true,
      "created_at": "2026-03-10T14:40:30.487Z"
    }
  },
  {
    "model": "MyApp.category",
    "pk": 5,
    "fields": {
      "name": "Phụ Kiện Pha Trà",
      "slug": "phu-kien-pha-tra",
      "description": "Ấm chén, dụng cụ pha trà tinh tế.",
      "image": "categories/tải_xuống_47.jpg",
      "is_active": true,
      "created_at": "2026-03-10T14:40:30.493Z"
    }
  },
  {
    "model": "MyApp.product",
    "pk": 2,
    "fields": {
      "category": 1,
      "title": "Trà Shan Tuyết Cổ Thụ",
      "slug": "tra-shan-tuyet-co-thu",
      "excerpt": "Hương vị nguyên bản từ núi rừng Tây Bắc",
      "image": "products/Khám_Phá_Các_Loại_Trà_Shan_Tuyết_Cổ_Thụ__Bảo_Vật_Trà_Núi_Cao_Việt_Nam.jpg",
      "description": "Trà Shan Tuyết được hái từ những cây chè cổ thụ hàng trăm năm tuổi, mọc tự nhiên trên độ cao 1500m.",
      "ingredients": "",
      "brewing_guide": "",
      "price": "350000",
      "physical_stock": 100,
      "reserved_stock": 0,
      "views_count": 69,
      "created_at": "2026-01-28T07:35:36.766Z"
    }
  },
  {
    "model": "MyApp.product",
    "pk": 3,
    "fields": {
      "category": 3,
      "title": "Trà Ô Long Thượng Hạng",
      "slug": "tra-o-long-thuong-hang",
      "excerpt": "Bán lên men tinh tế, hương hoa quả",
      "image": "products/tải_xuống_24.jpg",
      "description": "Ô Long cao cấp với quy trình lên men 30-40%, tạo nên hương vị độc đáo.",
      "ingredients": "",
      "brewing_guide": "",
      "price": "420000",
      "physical_stock": 99,
      "reserved_stock": 0,
      "views_count": 339,
      "created_at": "2026-01-28T07:35:36.769Z"
    }
  },
  {
    "model": "MyApp.product",
    "pk": 4,
    "fields": {
      "category": 5,
      "title": "Trà Thái Nguyên Đặc Sản",
      "slug": "tra-thai-nguyen-dac-san",
      "excerpt": "Búp non một tôm hai lá",
      "image": "products/tải_xuống_23.jpg",
      "description": "Trà xanh Thái Nguyên hái sớm, màu nước xanh trong, vị chát nhẹ.",
      "ingredients": "",
      "brewing_guide": "",
      "price": "280000",
      "physical_stock": 100,
      "reserved_stock": 0,
      "views_count": 427,
      "created_at": "2026-01-28T07:35:36.772Z"
    }
  },
  {
    "model": "MyApp.product",
    "pk": 5,
    "fields": {
      "category": 1,
      "title": "Trà Hoa Nhài Premium",
      "slug": "tra-hoa-nhai-premium",
      "excerpt": "Ướp hương nhài tự nhiên 7 lần",
      "image": "products/tải_xuống_22.jpg",
      "description": "Trà xanh được ướp cùng hoa nhài tươi theo phương pháp truyền thống.",
      "ingredients": "",
      "brewing_guide": "",
      "price": "320000",
      "physical_stock": 99,
      "reserved_stock": 0,
      "views_count": 308,
      "created_at": "2026-01-28T07:35:36.774Z"
    }
  },
  {
    "model": "MyApp.product",
    "pk": 6,
    "fields": {
      "category": 2,
      "title": "Trà Phổ Nhĩ Chín 10 Năm",
      "slug": "tra-pho-nhi-chin-10-nam",
      "excerpt": "Lên men tự nhiên, vị đậm đà",
      "image": "products/tải_xuống_21.jpg",
      "description": "Phổ Nhĩ chín được ủ trong điều kiện đặc biệt suốt 10 năm.",
      "ingredients": "",
      "brewing_guide": "",
      "price": "580000",
      "physical_stock": 99,
      "reserved_stock": 0,
      "views_count": 199,
      "created_at": "2026-01-28T07:35:36.777Z"
    }
  },
  {
    "model": "MyApp.product",
    "pk": 7,
    "fields": {
      "category": 5,
      "title": "Trà Matcha Nhật Bản",
      "slug": "tra-matcha-nhat-ban",
      "excerpt": "Bột trà xanh nguyên chất Grade A",
      "image": "products/tải_xuống_20.jpg",
      "description": "Matcha cao cấp nhập khẩu từ Uji, Nhật Bản.",
      "ingredients": "",
      "brewing_guide": "",
      "price": "450000",
      "physical_stock": 96,
      "reserved_stock": 0,
      "views_count": 224,
      "created_at": "2026-01-28T07:35:36.779Z"
    }
  },
  {
    "model": "MyApp.product",
    "pk": 9,
    "fields": {
      "category": 4,
      "title": "Trà xanh không độ",
      "slug": "1",
      "excerpt": "Trà xanh không độ",
      "image": "products/Gemini_Generated_Image_tje2sntje2sntje2.png",
      "description": "1",
      "ingredients": "",
      "brewing_guide": "",
      "price": "1",
      "physical_stock": 2147483647,
      "reserved_stock": 0,
      "views_count": 432,
      "created_at": "2026-01-29T04:41:59.554Z"
    }
  },
  {
    "model": "MyApp.product",
    "pk": 10,
    "fields": {
      "category": 1,
      "title": "Trà Xanh Thái Nguyên",
      "slug": "tra-xanh-thai-nguyen",
      "excerpt": "Trà xanh đặc sản vùng Thái Nguyên, vị chát nhẹ, hậu ngọt.",
      "image": "products/Harvesting_Seasons_on_Pu_Erh_Tea_Quality.jpg",
      "description": "Trà xanh Thái Nguyên được hái từ những búp non trên đồi chè vùng cao. Lá trà xanh tươi, sao suốt thủ công, giữ nguyên hương vị tự nhiên. Nước trà xanh trong, vị chát dịu, hậu ngọt thanh kéo dài.",
      "ingredients": "Lá trà xanh Thái Nguyên 100% tự nhiên, không chất bảo quản.",
      "brewing_guide": "Dùng nước 80-85°C, cho 3-5g trà vào ấm 200ml. Hãm lần đầu 30 giây rồi đổ bỏ nước tráng. Hãm lần 2 khoảng 1-2 phút, thưởng thức.",
      "price": "150000",
      "physical_stock": 120,
      "reserved_stock": 0,
      "views_count": 0,
      "created_at": "2026-03-11T15:29:35.272Z"
    }
  },
  {
    "model": "MyApp.product",
    "pk": 11,
    "fields": {
      "category": 1,
      "title": "Trà Xanh Tân Cương",
      "slug": "tra-xanh-tan-cuong",
      "excerpt": "Trà xanh Tân Cương hảo hạng, hương cốm non đặc trưng.",
      "image": "products/古風Antiquity.jpg",
      "description": "Đến từ vùng đất Tân Cương nổi tiếng của Thái Nguyên, loại trà này được chế biến từ búp trà một tôm hai lá non. Hương cốm thoảng nhẹ khi mở gói, nước pha xanh vàng đẹp mắt, vị đậm đà mà thanh tao.",
      "ingredients": "Trà xanh Tân Cương nguyên chất, thu hái thủ công.",
      "brewing_guide": "Tráng ấm bằng nước sôi. Cho 5g trà, đổ nước 85°C, hãm 2-3 phút. Có thể hãm 3-4 lần, mỗi lần tăng thêm 30 giây.",
      "price": "200000",
      "physical_stock": 95,
      "reserved_stock": 0,
      "views_count": 0,
      "created_at": "2026-03-11T15:29:35.290Z"
    }
  },
  {
    "model": "MyApp.product",
    "pk": 12,
    "fields": {
      "category": 2,
      "title": "Hồng Trà Lâm Đồng",
      "slug": "hong-tra-lam-dong",
      "excerpt": "Hồng trà đặc sản Lâm Đồng, vị mạnh mẽ, thơm nồng.",
      "image": "products/tải_xuống_37.jpg",
      "description": "Hồng trà (trà đen) từ vùng cao nguyên Lâm Đồng, lên men hoàn toàn theo phương pháp truyền thống. Lá trà cuộn chặt, khi pha cho nước màu đỏ hổ phách đẹp mắt. Hương thơm mạnh mẽ pha chút mật ong, vị đầy đặn, thích hợp uống nóng hoặc pha trà sữa.",
      "ingredients": "Trà đen Lâm Đồng 100%, lên men tự nhiên.",
      "brewing_guide": "Dùng nước sôi 95-100°C, cho 3-4g trà vào ấm 250ml. Hãm 3-5 phút tùy khẩu vị. Có thể thêm sữa hoặc mật ong.",
      "price": "130000",
      "physical_stock": 150,
      "reserved_stock": 0,
      "views_count": 1,
      "created_at": "2026-03-11T15:29:35.302Z"
    }
  },
  {
    "model": "MyApp.product",
    "pk": 13,
    "fields": {
      "category": 2,
      "title": "Earl Grey Classic",
      "slug": "earl-grey-classic",
      "excerpt": "Trà đen hảo hạng ướp tinh dầu bergamot tự nhiên.",
      "image": "products/tải_xuống_38.jpg",
      "description": "Earl Grey kinh điển với nền trà đen Ceylon cao cấp, ướp tinh dầu bergamot Ý. Hương cam bergamot thơm thanh nhã hòa quyện với vị trà đen đậm đà. Lý tưởng cho buổi chiều trà kiểu Anh, uống kèm bánh ngọt.",
      "ingredients": "Trà đen Ceylon, tinh dầu bergamot tự nhiên.",
      "brewing_guide": "Nước sôi 100°C, cho 1 túi lọc hoặc 3g trà lá vào cốc 200ml. Hãm 3-4 phút, thêm một lát chanh tươi nếu thích.",
      "price": "180000",
      "physical_stock": 100,
      "reserved_stock": 0,
      "views_count": 2,
      "created_at": "2026-03-11T15:29:35.320Z"
    }
  },
  {
    "model": "MyApp.product",
    "pk": 14,
    "fields": {
      "category": 2,
      "title": "Trà Đen Assam TGFOP",
      "slug": "tra-den-assam-tgfop",
      "excerpt": "Trà đen Assam hạng Tippy Golden Flowery, đậm đà mạnh mẽ.",
      "image": "products/tea_chinese.jpg",
      "description": "Assam TGFOP là dòng trà đen cao cấp từ thung lũng Assam, Ấn Độ. Lá trà chứa nhiều búp vàng (golden tips), cho nước pha màu đỏ sẫm, hương mạch nha đặc trưng. Vị rất đậm, thích hợp pha trà sữa chai hoặc uống đen nguyên chất.",
      "ingredients": "Trà đen Assam TGFOP nguyên lá, xuất xứ Ấn Độ.",
      "brewing_guide": "Nước 95-100°C, 4g trà cho 200ml. Hãm 4-5 phút. Pha masala chai: đun sôi trà cùng sữa, gừng, quế, cardamom trong 5 phút.",
      "price": "250000",
      "physical_stock": 65,
      "reserved_stock": 0,
      "views_count": 0,
      "created_at": "2026-03-11T15:29:35.334Z"
    }
  },
  {
    "model": "MyApp.product",
    "pk": 15,
    "fields": {
      "category": 3,
      "title": "Trà Ô Long Đà Lạt",
      "slug": "tra-o-long-da-lat",
      "excerpt": "Ô long Đà Lạt thanh nhẹ, hương hoa lan thoảng.",
      "image": "products/tải_xuống_39.jpg",
      "description": "Ô long trồng tại Cầu Đất, Đà Lạt ở độ cao 1.500m. Khí hậu mát lạnh quanh năm tạo nên hương vị tinh tế riêng biệt. Trà bán lên men (30-40%), nước pha vàng nhạt, hương hoa lan và bơ thoang thoảng, vị ngọt tự nhiên nơi cuống họng.",
      "ingredients": "Trà ô long Cầu Đất, Đà Lạt, chế biến bán lên men.",
      "brewing_guide": "Nước 90-95°C, 5g trà cho ấm 150ml. Tráng trà lần đầu, bỏ nước. Hãm từ lần 2, mỗi lần 30-45 giây. Có thể hãm 5-7 lần.",
      "price": "220000",
      "physical_stock": 85,
      "reserved_stock": 0,
      "views_count": 5,
      "created_at": "2026-03-11T15:29:35.348Z"
    }
  },
  {
    "model": "MyApp.product",
    "pk": 16,
    "fields": {
      "category": 3,
      "title": "Thiết Quan Âm",
      "slug": "thiet-quan-am",
      "excerpt": "Thiết Quan Âm truyền thống, hương hoa đậm, vị thanh.",
      "image": "products/tải_xuống_40.jpg",
      "description": "Thiết Quan Âm (Tieguanyin) là dòng ô long nổi tiếng nhất Trung Quốc, xuất xứ An Khê, Phúc Kiến. Lá trà cuộn viên chặt, khi hãm nở ra lá nguyên vẹn. Hương hoa lan đậm đà, vị ngọt pha chút kem, nước xanh vàng sáng.",
      "ingredients": "Trà ô long Thiết Quan Âm, xuất xứ Phúc Kiến, Trung Quốc.",
      "brewing_guide": "Dùng ấm tử sa hoặc gaiwan. Nước 95°C, 7g trà cho 120ml. Tráng trà nhanh, hãm lần 1 khoảng 15 giây, tăng dần mỗi lần. Hãm được 7-10 lần.",
      "price": "350000",
      "physical_stock": 100,
      "reserved_stock": 0,
      "views_count": 3,
      "created_at": "2026-03-11T15:29:35.362Z"
    }
  },
  {
    "model": "MyApp.product",
    "pk": 17,
    "fields": {
      "category": 3,
      "title": "Đông Phương Mỹ Nhân",
      "slug": "dong-phuong-my-nhan",
      "excerpt": "Ô long lên men nặng, hương mật ong và trái cây chín.",
      "image": "products/Tea_aesthetic.jpg",
      "description": "Đông Phương Mỹ Nhân (Oriental Beauty) là loại ô long đặc biệt, lên men 60-70%. Lá trà bị rầy xanh cắn tạo nên hương mật ong và trái cây chín đặc trưng không thể nhân tạo. Nước pha màu hổ phách, hương ngọt ngào tự nhiên, vị mượt mà.",
      "ingredients": "Trà ô long Đông Phương Mỹ Nhân, lên men tự nhiên 60-70%.",
      "brewing_guide": "Nước 85-90°C, 5g trà cho 200ml. Hãm 2-3 phút. Không cần tráng trà. Uống chậm rãi để cảm nhận hương vị thay đổi.",
      "price": "450000",
      "physical_stock": 35,
      "reserved_stock": 0,
      "views_count": 4,
      "created_at": "2026-03-11T15:29:35.382Z"
    }
  },
  {
    "model": "MyApp.product",
    "pk": 18,
    "fields": {
      "category": 4,
      "title": "Trà Hoa Cúc Mật Ong",
      "slug": "tra-hoa-cuc-mat-ong",
      "excerpt": "Trà hoa cúc vàng kết hợp mật ong, thanh mát dễ uống.",
      "image": "products/tải_xuống_41.jpg",
      "description": "Hoa cúc vàng sấy khô kết hợp cùng mật ong nguyên chất. Trà không chứa caffeine, thích hợp uống buổi tối để thư giãn và ngủ ngon. Nước pha vàng nhạt, hương hoa nhẹ nhàng, vị ngọt thanh tự nhiên.",
      "ingredients": "Hoa cúc vàng sấy khô, mật ong hoa nhãn nguyên chất.",
      "brewing_guide": "Cho 5-7 bông cúc vào cốc, đổ nước 90°C, hãm 5 phút. Thêm 1 thìa mật ong khi nước nguội bớt (dưới 60°C). Khuấy đều, thưởng thức.",
      "price": "95000",
      "physical_stock": 200,
      "reserved_stock": 1,
      "views_count": 3,
      "created_at": "2026-03-11T15:29:35.395Z"
    }
  },
  {
    "model": "MyApp.product",
    "pk": 19,
    "fields": {
      "category": 4,
      "title": "Trà Atiso Đà Lạt",
      "slug": "tra-atiso-da-lat",
      "excerpt": "Trà atiso mát gan, thanh lọc cơ thể từ Đà Lạt.",
      "image": "products/tải_xuống_42.jpg",
      "description": "Trà atiso từ vùng Đà Lạt, được sấy khô tự nhiên giữ nguyên dưỡng chất. Có tác dụng thanh nhiệt, mát gan, hỗ trợ tiêu hóa và giảm cholesterol. Không caffeine, thích hợp cho mọi lứa tuổi.",
      "ingredients": "Lá và hoa atiso Đà Lạt sấy khô 100% tự nhiên.",
      "brewing_guide": "Cho 10g atiso vào 500ml nước, đun sôi nhỏ lửa 10-15 phút. Lọc, thêm đường phèn nếu thích. Có thể uống nóng hoặc lạnh.",
      "price": "75000",
      "physical_stock": 179,
      "reserved_stock": 0,
      "views_count": 10,
      "created_at": "2026-03-11T15:29:35.408Z"
    }
  },
  {
    "model": "MyApp.product",
    "pk": 20,
    "fields": {
      "category": 4,
      "title": "Trà Gừng Nghệ",
      "slug": "tra-gung-nghe",
      "excerpt": "Trà gừng nghệ ấm bụng, tăng đề kháng, chống viêm.",
      "image": "products/_𝗥𝗶𝘁𝘂𝗮𝗹𝘀_𝗼𝗳_𝗧𝗲𝗮__𝗧𝗿𝗮𝗱𝗶𝘁𝗶𝗼𝗻𝗮𝗹_𝗣𝗿𝗲𝗽𝗮𝗿𝗮𝘁𝗶𝗼𝗻_𝗣𝗲𝗿𝗳𝗲𝗰𝘁𝗶𝗼𝗻.jpg",
      "description": "Hỗn hợp gừng tươi và nghệ vàng sấy lạnh, giữ nguyên hoạt chất curcumin và gingerol. Thức uống ấm bụng, hỗ trợ tiêu hóa, tăng cường hệ miễn dịch. Vị cay nồng tự nhiên, hương thơm ấm áp.",
      "ingredients": "Gừng sấy lạnh 60%, nghệ vàng sấy lạnh 40%. Không chất phụ gia.",
      "brewing_guide": "Cho 1 túi lọc hoặc 5g bột vào cốc 200ml nước sôi. Hãm 5-7 phút. Thêm mật ong và chanh tùy thích.",
      "price": "85000",
      "physical_stock": 159,
      "reserved_stock": 0,
      "views_count": 7,
      "created_at": "2026-03-11T15:29:35.425Z"
    }
  },
  {
    "model": "MyApp.product",
    "pk": 21,
    "fields": {
      "category": 4,
      "title": "Trà Hoa Hồng",
      "slug": "tra-hoa-hong",
      "excerpt": "Trà hoa hồng thơm ngát, làm đẹp da, an thần nhẹ.",
      "image": "products/tải_xuống_43.jpg",
      "description": "Nụ hoa hồng Đà Lạt sấy khô ở nhiệt độ thấp, giữ nguyên màu sắc và tinh dầu. Trà có tác dụng làm đẹp da, điều hòa kinh nguyệt, giảm stress. Nước pha hồng nhạt, hương hoa hồng quyến rũ.",
      "ingredients": "Nụ hoa hồng Đà Lạt sấy khô 100%.",
      "brewing_guide": "Cho 5-8 nụ hồng vào cốc, đổ nước 85°C, hãm 5 phút. Có thể kết hợp cùng trà xanh hoặc mật ong.",
      "price": "110000",
      "physical_stock": 140,
      "reserved_stock": 0,
      "views_count": 5,
      "created_at": "2026-03-11T15:29:35.439Z"
    }
  },
  {
    "model": "MyApp.product",
    "pk": 22,
    "fields": {
      "category": 5,
      "title": "Ấm Tử Sa Nghi Hưng",
      "slug": "am-tu-sa-nghi-hung",
      "excerpt": "Ấm tử sa chính hiệu Nghi Hưng, dung tích 200ml.",
      "image": "products/tải_xuống_44.jpg",
      "description": "Ấm tử sa làm từ đất sét Nghi Hưng (Yixing) chính hiệu, dung tích 200ml. Đất tử sa có cấu trúc vi lỗ giúp \"hít thở\", giữ nhiệt tốt và tăng hương vị trà theo thời gian sử dụng. Mỗi ấm chỉ nên dùng cho một loại trà.",
      "ingredients": "Đất sét tử sa Nghi Hưng tự nhiên, nung thủ công ở 1100-1200°C.",
      "brewing_guide": "Trước khi dùng lần đầu: rửa sạch, đun sôi ấm trong nước trà loãng 30 phút. Sau mỗi lần dùng, rửa bằng nước nóng, không dùng xà phòng.",
      "price": "850000",
      "physical_stock": 50,
      "reserved_stock": 0,
      "views_count": 14,
      "created_at": "2026-03-11T15:29:35.454Z"
    }
  },
  {
    "model": "MyApp.product",
    "pk": 23,
    "fields": {
      "category": 5,
      "title": "Bộ Chén Trà Gốm Bát Tràng",
      "slug": "bo-chen-tra-gom-bat-trang",
      "excerpt": "Bộ 6 chén trà gốm Bát Tràng men lam cổ điển.",
      "image": "products/_𝗔𝗻𝗰𝗶𝗲𝗻𝘁_𝗔𝘀𝗶𝗮𝗻_𝗧𝗲𝗮_𝗧𝗿𝗮𝗱𝗶𝘁𝗶𝗼𝗻𝘀.jpg",
      "description": "Bộ 6 chén trà gốm Bát Tràng với men lam cổ điển, hoa văn truyền thống Việt Nam. Dung tích mỗi chén 50ml, kích thước vừa tay. Gốm giữ nhiệt tốt, an toàn thực phẩm, phù hợp thưởng trà kiểu Việt.",
      "ingredients": "Gốm Bát Tràng men lam, nung ở nhiệt độ cao, an toàn thực phẩm.",
      "brewing_guide": "Tráng chén bằng nước nóng trước khi rót trà. Rửa sạch sau khi dùng, tránh thay đổi nhiệt độ đột ngột.",
      "price": "280000",
      "physical_stock": 38,
      "reserved_stock": 1,
      "views_count": 65,
      "created_at": "2026-03-11T15:29:35.472Z"
    }
  },
  {
    "model": "MyApp.product",
    "pk": 24,
    "fields": {
      "category": 5,
      "title": "Chasen - Chổi Tre Đánh Matcha",
      "slug": "chasen-choi-tre-danh-matcha",
      "excerpt": "Chổi tre 80 nan truyền thống cho matcha mịn hoàn hảo.",
      "image": "products/Presenting_the_Osulloc_Tea_House_at_Our_Seoul_Arts_Complex___Pace_Gallery.jpg",
      "description": "<p style=\"text-align: center;\"><span style=\"font-family: 'courier new', courier, monospace; font-size: 24pt;\"><strong>Chasen </strong></span></p>\r\n<p><span style=\"font-family: 'courier new', courier, monospace; font-size: 24pt;\">Chổi tre đ&aacute;nh matcha 80 nan, l&agrave;m thủ c&ocirc;ng từ tre gi&agrave; tự nhi&ecirc;n. Dụng cụ kh&ocirc;ng thể thiếu trong tr&agrave; đạo Nhật Bản, gi&uacute;p đ&aacute;nh matcha tạo bọt mịn đều. K&egrave;m đế giữ chasen để bảo quản đ&uacute;ng c&aacute;ch.</span></p>",
      "ingredients": "<p>Tre gi&agrave; tự nhi&ecirc;n, chế t&aacute;c thủ c&ocirc;ng truyền thống Nhật Bản.</p>",
      "brewing_guide": "<p>Ng&acirc;m chasen trong nước ấm 1 ph&uacute;t trước khi d&ugrave;ng. Đ&aacute;nh matcha theo h&igrave;nh chữ W. Sau khi d&ugrave;ng, rửa sạch bằng nước ấm, đặt l&ecirc;n đế giữ chasen.</p>",
      "price": "195000",
      "physical_stock": 55,
      "reserved_stock": 1,
      "views_count": 18,
      "created_at": "2026-03-11T15:29:35.486Z"
    }
  },
  {
    "model": "MyApp.productimage",
    "pk": 1,
    "fields": {
      "product": 23,
      "image": "products/Le_savoir_faire_japonais_unique_retrouvé_dans_le_matcha_MISOGI.jpg",
      "alt_text": "",
      "order": 0
    }
  },
  {
    "model": "MyApp.productimage",
    "pk": 2,
    "fields": {
      "product": 23,
      "image": "products/tải_xuống_45.jpg",
      "alt_text": "",
      "order": 0
    }
  },
  {
    "model": "MyApp.productimage",
    "pk": 3,
    "fields": {
      "product": 23,
      "image": "products/KYOTO_HOUSE_by_MAKHNO.jpg",
      "alt_text": "",
      "order": 0
    }
  },
  {
    "model": "MyApp.productvariation",
    "pk": 1,
    "fields": {
      "product": 10,
      "title": "Gói 100g",
      "price": "150000",
      "physical_stock": 17,
      "reserved_stock": 0
    }
  },
  {
    "model": "MyApp.productvariation",
    "pk": 2,
    "fields": {
      "product": 10,
      "title": "Gói 250g",
      "price": "350000",
      "physical_stock": 37,
      "reserved_stock": 0
    }
  },
  {
    "model": "MyApp.productvariation",
    "pk": 3,
    "fields": {
      "product": 10,
      "title": "Gói 500g",
      "price": "650000",
      "physical_stock": 35,
      "reserved_stock": 0
    }
  },
  {
    "model": "MyApp.productvariation",
    "pk": 4,
    "fields": {
      "product": 11,
      "title": "Gói 100g",
      "price": "200000",
      "physical_stock": 36,
      "reserved_stock": 0
    }
  },
  {
    "model": "MyApp.productvariation",
    "pk": 5,
    "fields": {
      "product": 11,
      "title": "Gói 200g",
      "price": "380000",
      "physical_stock": 41,
      "reserved_stock": 0
    }
  },
  {
    "model": "MyApp.productvariation",
    "pk": 6,
    "fields": {
      "product": 12,
      "title": "Gói 100g",
      "price": "130000",
      "physical_stock": 25,
      "reserved_stock": 0
    }
  },
  {
    "model": "MyApp.productvariation",
    "pk": 7,
    "fields": {
      "product": 12,
      "title": "Gói 250g",
      "price": "300000",
      "physical_stock": 34,
      "reserved_stock": 0
    }
  },
  {
    "model": "MyApp.productvariation",
    "pk": 8,
    "fields": {
      "product": 12,
      "title": "Gói 500g",
      "price": "550000",
      "physical_stock": 38,
      "reserved_stock": 0
    }
  },
  {
    "model": "MyApp.productvariation",
    "pk": 9,
    "fields": {
      "product": 13,
      "title": "Hộp 20 túi lọc",
      "price": "180000",
      "physical_stock": 19,
      "reserved_stock": 0
    }
  },
  {
    "model": "MyApp.productvariation",
    "pk": 10,
    "fields": {
      "product": 13,
      "title": "Gói lá 100g",
      "price": "220000",
      "physical_stock": 50,
      "reserved_stock": 0
    }
  },
  {
    "model": "MyApp.productvariation",
    "pk": 11,
    "fields": {
      "product": 14,
      "title": "Gói 50g",
      "price": "250000",
      "physical_stock": 22,
      "reserved_stock": 0
    }
  },
  {
    "model": "MyApp.productvariation",
    "pk": 12,
    "fields": {
      "product": 14,
      "title": "Gói 100g",
      "price": "450000",
      "physical_stock": 27,
      "reserved_stock": 0
    }
  },
  {
    "model": "MyApp.productvariation",
    "pk": 13,
    "fields": {
      "product": 15,
      "title": "Gói 100g",
      "price": "220000",
      "physical_stock": 21,
      "reserved_stock": 0
    }
  },
  {
    "model": "MyApp.productvariation",
    "pk": 14,
    "fields": {
      "product": 15,
      "title": "Gói 250g",
      "price": "500000",
      "physical_stock": 12,
      "reserved_stock": 0
    }
  },
  {
    "model": "MyApp.productvariation",
    "pk": 15,
    "fields": {
      "product": 16,
      "title": "Gói 50g",
      "price": "350000",
      "physical_stock": 40,
      "reserved_stock": 0
    }
  },
  {
    "model": "MyApp.productvariation",
    "pk": 16,
    "fields": {
      "product": 16,
      "title": "Gói 100g",
      "price": "650000",
      "physical_stock": 17,
      "reserved_stock": 0
    }
  },
  {
    "model": "MyApp.productvariation",
    "pk": 17,
    "fields": {
      "product": 16,
      "title": "Gói 250g",
      "price": "1500000",
      "physical_stock": 12,
      "reserved_stock": 0
    }
  },
  {
    "model": "MyApp.productvariation",
    "pk": 18,
    "fields": {
      "product": 17,
      "title": "Gói 50g",
      "price": "450000",
      "physical_stock": 47,
      "reserved_stock": 0
    }
  },
  {
    "model": "MyApp.productvariation",
    "pk": 19,
    "fields": {
      "product": 17,
      "title": "Gói 100g",
      "price": "850000",
      "physical_stock": 19,
      "reserved_stock": 0
    }
  },
  {
    "model": "MyApp.productvariation",
    "pk": 20,
    "fields": {
      "product": 18,
      "title": "Hộp 20 túi",
      "price": "95000",
      "physical_stock": 50,
      "reserved_stock": 0
    }
  },
  {
    "model": "MyApp.productvariation",
    "pk": 21,
    "fields": {
      "product": 18,
      "title": "Gói hoa khô 100g",
      "price": "120000",
      "physical_stock": 15,
      "reserved_stock": 0
    }
  },
  {
    "model": "MyApp.productvariation",
    "pk": 22,
    "fields": {
      "product": 19,
      "title": "Gói 100g",
      "price": "75000",
      "physical_stock": 19,
      "reserved_stock": 0
    }
  },
  {
    "model": "MyApp.productvariation",
    "pk": 23,
    "fields": {
      "product": 19,
      "title": "Gói 250g",
      "price": "170000",
      "physical_stock": 25,
      "reserved_stock": 0
    }
  },
  {
    "model": "MyApp.productvariation",
    "pk": 24,
    "fields": {
      "product": 19,
      "title": "Gói 500g",
      "price": "300000",
      "physical_stock": 30,
      "reserved_stock": 0
    }
  },
  {
    "model": "MyApp.productvariation",
    "pk": 25,
    "fields": {
      "product": 20,
      "title": "Hộp 20 túi lọc",
      "price": "85000",
      "physical_stock": 45,
      "reserved_stock": 0
    }
  },
  {
    "model": "MyApp.productvariation",
    "pk": 26,
    "fields": {
      "product": 20,
      "title": "Bột nghệ gừng 200g",
      "price": "145000",
      "physical_stock": 35,
      "reserved_stock": 0
    }
  },
  {
    "model": "MyApp.productvariation",
    "pk": 27,
    "fields": {
      "product": 21,
      "title": "Hộp 50g",
      "price": "110000",
      "physical_stock": 31,
      "reserved_stock": 0
    }
  },
  {
    "model": "MyApp.productvariation",
    "pk": 28,
    "fields": {
      "product": 21,
      "title": "Hộp 100g",
      "price": "200000",
      "physical_stock": 36,
      "reserved_stock": 0
    }
  },
  {
    "model": "MyApp.productvariation",
    "pk": 29,
    "fields": {
      "product": 22,
      "title": "200ml - Tròn",
      "price": "850000",
      "physical_stock": 12,
      "reserved_stock": 0
    }
  },
  {
    "model": "MyApp.productvariation",
    "pk": 30,
    "fields": {
      "product": 22,
      "title": "150ml - Bẹt",
      "price": "780000",
      "physical_stock": 29,
      "reserved_stock": 0
    }
  },
  {
    "model": "MyApp.productvariation",
    "pk": 31,
    "fields": {
      "product": 22,
      "title": "300ml - Cao",
      "price": "950000",
      "physical_stock": 42,
      "reserved_stock": 0
    }
  },
  {
    "model": "MyApp.productvariation",
    "pk": 32,
    "fields": {
      "product": 23,
      "title": "Bộ 6 chén",
      "price": "280000",
      "physical_stock": 44,
      "reserved_stock": 0
    }
  },
  {
    "model": "MyApp.productvariation",
    "pk": 33,
    "fields": {
      "product": 23,
      "title": "Bộ 6 chén kèm khay tre",
      "price": "420000",
      "physical_stock": 17,
      "reserved_stock": 0
    }
  },
  {
    "model": "MyApp.productvariation",
    "pk": 34,
    "fields": {
      "product": 24,
      "title": "Chasen 80 nan",
      "price": "195000",
      "physical_stock": 33,
      "reserved_stock": 0
    }
  },
  {
    "model": "MyApp.productvariation",
    "pk": 35,
    "fields": {
      "product": 24,
      "title": "Chasen 80 nan + đế",
      "price": "260000",
      "physical_stock": 44,
      "reserved_stock": 0
    }
  },
  {
    "model": "MyApp.productvariation",
    "pk": 36,
    "fields": {
      "product": 24,
      "title": "Bộ Matcha (chasen + chashaku + chawan)",
      "price": "550000",
      "physical_stock": 33,
      "reserved_stock": 0
    }
  },
  {
    "model": "MyApp.storyboarditem",
    "pk": 1,
    "fields": {
      "title": "Thu Hoạch Sớm Mai",
      "slug": "thu-hoach-som-mai",
      "image": "storyboard/tải_xuống_36.jpg",
      "excerpt": "Búp trà được hái lúc bình minh",
      "content": null,
      "created_at": "2026-01-28T07:35:36.783Z"
    }
  },
  {
    "model": "MyApp.storyboarditem",
    "pk": 2,
    "fields": {
      "title": "Nghệ Nhân Sao Chè",
      "slug": "nghe-nhan-sao-che",
      "image": "storyboard/tải_xuống_35.jpg",
      "excerpt": "Kỹ thuật sao chè thủ công truyền đời",
      "content": null,
      "created_at": "2026-01-28T07:35:36.786Z"
    }
  },
  {
    "model": "MyApp.storyboarditem",
    "pk": 3,
    "fields": {
      "title": "Hương Trà Lan Tỏa",
      "slug": "huong-tra-lan-toa",
      "image": "storyboard/tải_xuống_34.jpg",
      "excerpt": "Mùi hương quyến rũ trong không gian thiền",
      "content": null,
      "created_at": "2026-01-28T07:35:36.789Z"
    }
  },
  {
    "model": "MyApp.storyboarditem",
    "pk": 4,
    "fields": {
      "title": "Đồi Chè Mờ Sương",
      "slug": "doi-che-mo-suong",
      "image": "storyboard/tải_xuống_33.jpg",
      "excerpt": "Đồi chè xanh mướt ẩn trong sương sớm",
      "content": null,
      "created_at": "2026-01-28T07:35:36.791Z"
    }
  },
  {
    "model": "MyApp.storyboarditem",
    "pk": 5,
    "fields": {
      "title": "Ấm Đất Nung Cổ",
      "slug": "am-dat-nung-co",
      "image": "storyboard/IMG_8600.jpg",
      "excerpt": "Ấm trà đất nung theo lối cổ truyền",
      "content": null,
      "created_at": "2026-01-28T07:35:36.793Z"
    }
  },
  {
    "model": "MyApp.storyboarditem",
    "pk": 6,
    "fields": {
      "title": "Thưởng Trà Chiều",
      "slug": "thuong-tra-chieu",
      "image": "storyboard/tải_xuống_32.jpg",
      "excerpt": "Khoảnh khắc tĩnh lặng bên chén trà",
      "content": "<p style=\"text-align: center;\"><strong><span style=\"font-size: 24pt;\">NGUY&Ecirc;N TẮC THƯỞNG TR&Agrave; D&Agrave;NH CHO NGƯỜI MỚI</span></strong></p>\r\n<p>Tr&agrave; kh&ocirc;ng chỉ l&agrave; một thức uống đơn thuần, m&agrave; c&ograve;n l&agrave; một h&agrave;nh tr&igrave;nh kh&aacute;m ph&aacute; t&acirc;m hồn. Để pha được một ấm tr&agrave; ngon, bạn cần ch&uacute; &yacute; đến ba yếu tố cốt l&otilde;i: Nhất Thủy, Nh&igrave; Tr&agrave;, Tam Pha, Tứ Ấm.</p>\r\n<p>C&aacute;c bước chuẩn bị cơ bản:</p>\r\n<p><img src=\"https://i.pinimg.com/474x/56/89/2f/56892f0b3d0af6d806afb89b4719f27d.jpg\" alt=\"\" width=\"474\" height=\"842\"></p>\r\n<ol>\r\n<li>Tr&aacute;ng ấm v&agrave; ch&eacute;n bằng nước s&ocirc;i để l&agrave;m n&oacute;ng dụng cụ.</li>\r\n<li>Cho lượng tr&agrave; vừa đủ v&agrave;o ấm (thường l&agrave; 1/3 ấm).</li>\r\n<li>Đ&aacute;nh thức tr&agrave; bằng một ch&uacute;t nước n&oacute;ng v&agrave; đổ đi ngay.</li>\r\n<li>Pha tr&agrave; với nhiệt độ nước ph&ugrave; hợp (thường từ 80-90 độ C).</li>\r\n</ol>\r\n<p><span style=\"text-decoration: underline;\"><strong><em>Lưu &yacute; quan trọng:</em></strong></span> Đừng ng&acirc;m tr&agrave; qu&aacute; l&acirc;u v&igrave; sẽ khiến nước tr&agrave; bị đắng v&agrave; ch&aacute;t. H&atilde;y r&oacute;t hết nước tr&agrave; ra ch&eacute;n tống sau mỗi lần pha để giữ được hương vị tinh tế nhất.</p>\r\n<p><em>Ch&uacute;c bạn c&oacute; những gi&acirc;y ph&uacute;t thư gi&atilde;n tuyệt vời b&ecirc;n t&aacute;ch tr&agrave; của m&igrave;nh!</em></p>",
      "created_at": "2026-01-28T07:35:36.795Z"
    }
  },
  {
    "model": "MyApp.rawitem",
    "pk": 1,
    "fields": {
      "title": "Bình Minh Đồi Chè",
      "image": "raw/tải_xuống_31.jpg",
      "caption": "@teazen_daily",
      "created_at": "2026-01-28T07:35:36.798Z"
    }
  },
  {
    "model": "MyApp.rawitem",
    "pk": 2,
    "fields": {
      "title": "Chén Trà Thiền",
      "image": "raw/_Delving_Into_the_Benefits_of_Tea__Understanding_Its_Natural_Goodness_.jpg",
      "caption": "@mindful_tea",
      "created_at": "2026-01-28T07:35:36.800Z"
    }
  },
  {
    "model": "MyApp.rawitem",
    "pk": 3,
    "fields": {
      "title": "Lá Trà Phơi Nắng",
      "image": "raw/123123.jpg",
      "caption": "@organic_life",
      "created_at": "2026-01-28T07:35:36.803Z"
    }
  },
  {
    "model": "MyApp.rawitem",
    "pk": 4,
    "fields": {
      "title": "Góc Trà Vintage",
      "image": "raw/tải_xuống_30.jpg",
      "caption": "@cozy_corner",
      "created_at": "2026-01-28T07:35:36.805Z"
    }
  },
  {
    "model": "MyApp.rawitem",
    "pk": 5,
    "fields": {
      "title": "Trà Đá Mùa Hè",
      "image": "raw/tải_xuống_29.jpg",
      "caption": "@summer_vibes",
      "created_at": "2026-01-28T07:35:36.807Z"
    }
  },
  {
    "model": "MyApp.rawitem",
    "pk": 6,
    "fields": {
      "title": "Ấm Trà Gốm Sứ",
      "image": "raw/MÓN_ĂN_VIỆT_NAM_-_Chimkudo_chụp_ảnh_đồ_ăn_chuyên_nghiệp.jpg",
      "caption": "@ceramic_art",
      "created_at": "2026-01-28T07:35:36.809Z"
    }
  },
  {
    "model": "MyApp.rawitem",
    "pk": 7,
    "fields": {
      "title": "Khoảnh Khắc Yên Bình",
      "image": "raw/Tea_In_Nature_NPTEA.jpg",
      "caption": "@peaceful_moment",
      "created_at": "2026-01-28T07:35:36.812Z"
    }
  },
  {
    "model": "MyApp.rawitem",
    "pk": 8,
    "fields": {
      "title": "Trà Và Sách",
      "image": "raw/Trà_sáng_.jpg",
      "caption": "@book_tea_lover",
      "created_at": "2026-01-28T07:35:36.814Z"
    }
  },
  {
    "model": "MyApp.cabinetitem",
    "pk": 9,
    "fields": {
      "title": "Lục Trà Long Tỉnh",
      "image": "cabinet/tải_xuống_47.jpg",
      "note": "Trà xanh nổi tiếng nhất Trung Quốc",
      "link_url": null,
      "created_at": "2026-03-10T13:12:47.540Z"
    }
  },
  {
    "model": "MyApp.cabinetitem",
    "pk": 10,
    "fields": {
      "title": "Trà Hoàng Kim",
      "image": "cabinet/tải_xuống_49.jpg",
      "note": "Golden tea - Đỉnh cao nghệ thuật",
      "link_url": null,
      "created_at": "2026-03-10T13:12:47.543Z"
    }
  },
  {
    "model": "MyApp.cabinetitem",
    "pk": 11,
    "fields": {
      "title": "Hồng Trà Assam",
      "image": "cabinet/A_Wizards_Tea__Organic_Tea_in_a_Rustic_Setting.jpg",
      "note": "Vị mạnh mẽ từ Đông Bắc Ấn Độ",
      "link_url": null,
      "created_at": "2026-03-10T13:12:47.546Z"
    }
  },
  {
    "model": "MyApp.cabinetitem",
    "pk": 12,
    "fields": {
      "title": "Bạch Trà Phúc Kiến",
      "image": "cabinet/Exploring_the_Harmony_of_Nature_in_a_Tea_Tray.jpg",
      "note": "White tea hiếm, sản xuất giới hạn",
      "link_url": null,
      "created_at": "2026-03-10T13:12:47.548Z"
    }
  },
  {
    "model": "MyApp.cabinetitem",
    "pk": 13,
    "fields": {
      "title": "Ô Long Đài Loan",
      "image": "cabinet/Infuse_Your_Senses__An_Elegant_Display_of_Tea_and_Spices.jpg",
      "note": "Nhập khẩu từ Ali Mountain",
      "link_url": null,
      "created_at": "2026-03-10T13:12:47.551Z"
    }
  },
  {
    "model": "MyApp.cabinetitem",
    "pk": 14,
    "fields": {
      "title": "Bộ Sưu Tập Shan Tuyết",
      "image": "cabinet/dụng_cụ_lọc_trà.jpg",
      "note": "Trà quý từ vùng núi cao Hà Giang",
      "link_url": null,
      "created_at": "2026-03-10T13:12:47.553Z"
    }
  },
  {
    "model": "MyApp.userprofile",
    "pk": 3,
    "fields": {
      "user": [
        "phamquochuy"
      ],
      "role": "customer",
      "avatar": "",
      "bio": "Tea Lover",
      "phone": "0328285482",
      "address": "1231243123, Xã Tả Lèng, Huyện Tam Đường, Tỉnh Lai Châu",
      "street_address": "1231243123",
      "province": "Tỉnh Lai Châu",
      "province_code": "12",
      "district": "Huyện Tam Đường",
      "district_code": "106",
      "ward": "Xã Tả Lèng",
      "ward_code": "3400",
      "member_since": "2026-03-10",
      "membership_level": "bronze",
      "membership_number": "3119 7014 7437 9565",
      "points": 0
    }
  },
  {
    "model": "MyApp.userprofile",
    "pk": 6,
    "fields": {
      "user": [
        "cd24clc"
      ],
      "role": "customer",
      "avatar": "",
      "bio": "Tea Lover",
      "phone": "0901234567",
      "address": "123 Nguyễn Huệ, Phường Đồng Xuân, Quận Hoàn Kiếm, Thành phố Hà Nội",
      "street_address": "123 Nguyễn Huệ",
      "province": "Thành phố Hà Nội",
      "province_code": "1",
      "district": "Quận Hoàn Kiếm",
      "district_code": "2",
      "ward": "Phường Đồng Xuân",
      "ward_code": "40",
      "member_since": "2026-03-12",
      "membership_level": "bronze",
      "membership_number": "8320 1553 2837 5811",
      "points": 0
    }
  },
  {
    "model": "MyApp.userprofile",
    "pk": 9,
    "fields": {
      "user": [
        "nguyenminhduc2246"
      ],
      "role": "admin",
      "avatar": "",
      "bio": "Tea Lover",
      "phone": "1234560",
      "address": "123 Phú Thọ Hòa, Phường Phú Thọ Hòa, Quận Tân Phú, Thành phố Hồ Chí Minh",
      "street_address": "123 Phú Thọ Hòa",
      "province": "Thành phố Hồ Chí Minh",
      "province_code": "79",
      "district": "Quận Tân Phú",
      "district_code": "767",
      "ward": "Phường Phú Thọ Hòa",
      "ward_code": "27025",
      "member_since": "2026-03-13",
      "membership_level": "bronze",
      "membership_number": "8535 2107 3089 4422",
      "points": 0
    }
  },
  {
    "model": "MyApp.userprofile",
    "pk": 10,
    "fields": {
      "user": [
        "pham_quoc_huy"
      ],
      "role": "customer",
      "avatar": "",
      "bio": "Tea Lover",
      "phone": "",
      "address": "",
      "street_address": "",
      "province": "",
      "province_code": "",
      "district": "",
      "district_code": "",
      "ward": "",
      "ward_code": "",
      "member_since": "2026-03-25",
      "membership_level": "bronze",
      "membership_number": "7844 1927 6548 2150",
      "points": 0
    }
  },
  {
    "model": "MyApp.coupon",
    "pk": 4,
    "fields": {
      "code": "SALE20",
      "discount_type": "percent",
      "discount_value": "20",
      "min_purchase": "10000",
      "active": true,
      "valid_from": "2026-03-20T16:19:00Z",
      "valid_to": "2026-03-22T16:19:00Z",
      "usage_limit": 100,
      "used": 0
    }
  },
  {
    "model": "MyApp.order",
    "pk": 27,
    "fields": {
      "user": [
        "phamquochuy"
      ],
      "order_number": "ORD-20260310-7A6395",
      "total_amount": "450000",
      "status": "pending",
      "coupon": null,
      "discount_amount": "0",
      "created_at": "2026-03-10T16:14:30.725Z",
      "updated_at": "2026-03-10T16:14:30.725Z",
      "note": "",
      "pdf_generated": false
    }
  },
  {
    "model": "MyApp.order",
    "pk": 29,
    "fields": {
      "user": [
        "phamquochuy"
      ],
      "order_number": "ORD-20260311-4C9F79",
      "total_amount": "1000000",
      "status": "processing",
      "coupon": null,
      "discount_amount": "0",
      "created_at": "2026-03-11T00:47:32.384Z",
      "updated_at": "2026-03-11T00:47:37.912Z",
      "note": "",
      "pdf_generated": false
    }
  },
  {
    "model": "MyApp.order",
    "pk": 30,
    "fields": {
      "user": [
        "phamquochuy"
      ],
      "order_number": "ORD-20260311-86FE19",
      "total_amount": "350000",
      "status": "processing",
      "coupon": null,
      "discount_amount": "0",
      "created_at": "2026-03-11T01:05:05.156Z",
      "updated_at": "2026-03-11T01:05:11.403Z",
      "note": "",
      "pdf_generated": false
    }
  },
  {
    "model": "MyApp.order",
    "pk": 31,
    "fields": {
      "user": [
        "phamquochuy"
      ],
      "order_number": "ORD-20260311-5F3CF2",
      "total_amount": "450000",
      "status": "processing",
      "coupon": null,
      "discount_amount": "0",
      "created_at": "2026-03-11T02:31:54.611Z",
      "updated_at": "2026-03-11T02:31:59.490Z",
      "note": "",
      "pdf_generated": false
    }
  },
  {
    "model": "MyApp.order",
    "pk": 32,
    "fields": {
      "user": [
        "phamquochuy"
      ],
      "order_number": "ORD-20260311-213FFE",
      "total_amount": "450000",
      "status": "pending",
      "coupon": null,
      "discount_amount": "0",
      "created_at": "2026-03-11T02:32:42.895Z",
      "updated_at": "2026-03-11T02:36:18.807Z",
      "note": "",
      "pdf_generated": false
    }
  },
  {
    "model": "MyApp.order",
    "pk": 33,
    "fields": {
      "user": [
        "phamquochuy"
      ],
      "order_number": "ORD-20260311-39CFAE",
      "total_amount": "320000",
      "status": "processing",
      "coupon": null,
      "discount_amount": "0",
      "created_at": "2026-03-11T02:37:04.801Z",
      "updated_at": "2026-03-11T02:37:11.424Z",
      "note": "",
      "pdf_generated": false
    }
  },
  {
    "model": "MyApp.order",
    "pk": 34,
    "fields": {
      "user": [
        "phamquochuy"
      ],
      "order_number": "ORD-20260311-2758E6",
      "total_amount": "350000",
      "status": "cancelled",
      "coupon": null,
      "discount_amount": "0",
      "created_at": "2026-03-11T02:41:32.058Z",
      "updated_at": "2026-03-11T02:41:42.295Z",
      "note": "",
      "pdf_generated": false
    }
  },
  {
    "model": "MyApp.order",
    "pk": 35,
    "fields": {
      "user": [
        "phamquochuy"
      ],
      "order_number": "ORD-20260311-6CE3F5",
      "total_amount": "580000",
      "status": "delivered",
      "coupon": null,
      "discount_amount": "0",
      "created_at": "2026-03-11T02:42:35.826Z",
      "updated_at": "2026-03-11T02:43:06.798Z",
      "note": "",
      "pdf_generated": false
    }
  },
  {
    "model": "MyApp.order",
    "pk": 36,
    "fields": {
      "user": [
        "phamquochuy"
      ],
      "order_number": "ORD-20260311-6489B2",
      "total_amount": "280000",
      "status": "cancelled",
      "coupon": null,
      "discount_amount": "0",
      "created_at": "2026-03-11T03:02:41.608Z",
      "updated_at": "2026-03-11T03:03:42.110Z",
      "note": "",
      "pdf_generated": false
    }
  },
  {
    "model": "MyApp.order",
    "pk": 37,
    "fields": {
      "user": [
        "phamquochuy"
      ],
      "order_number": "ORD-20260311-5C9545",
      "total_amount": "450000",
      "status": "delivered",
      "coupon": null,
      "discount_amount": "0",
      "created_at": "2026-03-11T03:03:59.690Z",
      "updated_at": "2026-03-11T03:05:01.421Z",
      "note": "",
      "pdf_generated": false
    }
  },
  {
    "model": "MyApp.order",
    "pk": 38,
    "fields": {
      "user": [
        "phamquochuy"
      ],
      "order_number": "ORD-20260312-241B28",
      "total_amount": "252000",
      "status": "pending",
      "coupon": null,
      "discount_amount": "0",
      "created_at": "2026-03-12T01:25:28.023Z",
      "updated_at": "2026-03-12T01:25:28.023Z",
      "note": "",
      "pdf_generated": false
    }
  },
  {
    "model": "MyApp.order",
    "pk": 39,
    "fields": {
      "user": [
        "cd24clc"
      ],
      "order_number": "ORD-20260312-4116BA",
      "total_amount": "280000",
      "status": "delivered",
      "coupon": null,
      "discount_amount": "0",
      "created_at": "2026-03-12T01:58:03.259Z",
      "updated_at": "2026-03-13T13:32:10.328Z",
      "note": "",
      "pdf_generated": false
    }
  },
  {
    "model": "MyApp.order",
    "pk": 40,
    "fields": {
      "user": [
        "phamquochuy"
      ],
      "order_number": "ORD-20260313-FE3276",
      "total_amount": "850000",
      "status": "pending",
      "coupon": null,
      "discount_amount": "0",
      "created_at": "2026-03-13T14:33:29.624Z",
      "updated_at": "2026-03-13T14:33:29.638Z",
      "note": "",
      "pdf_generated": false
    }
  },
  {
    "model": "MyApp.order",
    "pk": 41,
    "fields": {
      "user": [
        "phamquochuy"
      ],
      "order_number": "ORD-20260313-52E719",
      "total_amount": "850000",
      "status": "delivered",
      "coupon": null,
      "discount_amount": "0",
      "created_at": "2026-03-13T14:34:40.885Z",
      "updated_at": "2026-03-13T14:42:58.307Z",
      "note": "",
      "pdf_generated": false
    }
  },
  {
    "model": "MyApp.order",
    "pk": 42,
    "fields": {
      "user": [
        "phamquochuy"
      ],
      "order_number": "ORD-20260313-FE1EA9",
      "total_amount": "290000",
      "status": "confirmed",
      "coupon": null,
      "discount_amount": "0",
      "created_at": "2026-03-13T16:02:12.924Z",
      "updated_at": "2026-03-13T16:03:15.066Z",
      "note": "",
      "pdf_generated": false
    }
  },
  {
    "model": "MyApp.order",
    "pk": 43,
    "fields": {
      "user": [
        "nguyenminhduc2246"
      ],
      "order_number": "ORD-20260313-09FDF2",
      "total_amount": "280000",
      "status": "pending",
      "coupon": null,
      "discount_amount": "0",
      "created_at": "2026-03-13T16:20:00.276Z",
      "updated_at": "2026-03-13T16:20:00.289Z",
      "note": "",
      "pdf_generated": false
    }
  },
  {
    "model": "MyApp.order",
    "pk": 44,
    "fields": {
      "user": [
        "nguyenminhduc2246"
      ],
      "order_number": "ORD-20260313-65B4CC",
      "total_amount": "280000",
      "status": "pending",
      "coupon": null,
      "discount_amount": "0",
      "created_at": "2026-03-13T16:20:32.595Z",
      "updated_at": "2026-03-13T16:20:32.606Z",
      "note": "",
      "pdf_generated": false
    }
  },
  {
    "model": "MyApp.order",
    "pk": 45,
    "fields": {
      "user": [
        "nguyenminhduc2246"
      ],
      "order_number": "ORD-20260313-50390D",
      "total_amount": "1",
      "status": "refunded",
      "coupon": null,
      "discount_amount": "0",
      "created_at": "2026-03-13T17:01:09.041Z",
      "updated_at": "2026-03-13T17:21:12.606Z",
      "note": "",
      "pdf_generated": false
    }
  },
  {
    "model": "MyApp.order",
    "pk": 46,
    "fields": {
      "user": [
        "nguyenminhduc2246"
      ],
      "order_number": "ORD-20260313-FF2BBF",
      "total_amount": "75000",
      "status": "delivered",
      "coupon": null,
      "discount_amount": "0",
      "created_at": "2026-03-13T17:27:42.806Z",
      "updated_at": "2026-03-13T17:31:08.592Z",
      "note": "",
      "pdf_generated": false
    }
  },
  {
    "model": "MyApp.order",
    "pk": 47,
    "fields": {
      "user": [
        "phamquochuy"
      ],
      "order_number": "ORD-20260313-F4CC80",
      "total_amount": "85000",
      "status": "delivered",
      "coupon": null,
      "discount_amount": "0",
      "created_at": "2026-03-13T17:31:50.648Z",
      "updated_at": "2026-03-13T17:47:46.565Z",
      "note": "",
      "pdf_generated": false
    }
  },
  {
    "model": "MyApp.order",
    "pk": 48,
    "fields": {
      "user": [
        "nguyenminhduc2246"
      ],
      "order_number": "ORD-20260313-3F0372",
      "total_amount": "280000",
      "status": "refunded",
      "coupon": null,
      "discount_amount": "0",
      "created_at": "2026-03-13T17:39:45.297Z",
      "updated_at": "2026-03-13T17:48:11.560Z",
      "note": "",
      "pdf_generated": false
    }
  },
  {
    "model": "MyApp.order",
    "pk": 49,
    "fields": {
      "user": [
        "phamquochuy"
      ],
      "order_number": "ORD-20260314-30F8B4",
      "total_amount": "280000",
      "status": "exchanged",
      "coupon": null,
      "discount_amount": "0",
      "created_at": "2026-03-14T03:34:47.791Z",
      "updated_at": "2026-03-20T15:37:49.017Z",
      "note": "GSÁDFAS",
      "pdf_generated": false
    }
  },
  {
    "model": "MyApp.order",
    "pk": 50,
    "fields": {
      "user": [
        "phamquochuy"
      ],
      "order_number": "ORD-20260320-3683E8",
      "total_amount": "280000",
      "status": "cancelled",
      "coupon": null,
      "discount_amount": "0",
      "created_at": "2026-03-20T15:02:24.906Z",
      "updated_at": "2026-03-20T15:02:49.778Z",
      "note": "",
      "pdf_generated": false
    }
  },
  {
    "model": "MyApp.order",
    "pk": 51,
    "fields": {
      "user": [
        "phamquochuy"
      ],
      "order_number": "ORD-20260324-51695E",
      "total_amount": "280000",
      "status": "confirmed",
      "coupon": null,
      "discount_amount": "0",
      "created_at": "2026-03-24T18:15:47.585Z",
      "updated_at": "2026-03-24T18:15:47.595Z",
      "note": "",
      "pdf_generated": false
    }
  },
  {
    "model": "MyApp.order",
    "pk": 52,
    "fields": {
      "user": [
        "phamquochuy"
      ],
      "order_number": "ORD-20260325-E2ED4F",
      "total_amount": "280000",
      "status": "delivered",
      "coupon": null,
      "discount_amount": "0",
      "created_at": "2026-03-25T00:26:25.495Z",
      "updated_at": "2026-03-25T00:27:44.748Z",
      "note": "",
      "pdf_generated": false
    }
  },
  {
    "model": "MyApp.orderstatushistory",
    "pk": 4,
    "fields": {
      "order": 27,
      "status": "pending",
      "user": null,
      "note": "",
      "created_at": "2026-03-10T16:14:30.733Z"
    }
  },
  {
    "model": "MyApp.orderstatushistory",
    "pk": 6,
    "fields": {
      "order": 29,
      "status": "pending",
      "user": null,
      "note": "",
      "created_at": "2026-03-11T00:47:32.389Z"
    }
  },
  {
    "model": "MyApp.orderstatushistory",
    "pk": 7,
    "fields": {
      "order": 29,
      "status": "processing",
      "user": null,
      "note": "",
      "created_at": "2026-03-11T00:47:37.917Z"
    }
  },
  {
    "model": "MyApp.orderstatushistory",
    "pk": 8,
    "fields": {
      "order": 30,
      "status": "pending",
      "user": null,
      "note": "",
      "created_at": "2026-03-11T01:05:05.163Z"
    }
  },
  {
    "model": "MyApp.orderstatushistory",
    "pk": 9,
    "fields": {
      "order": 30,
      "status": "processing",
      "user": null,
      "note": "",
      "created_at": "2026-03-11T01:05:11.409Z"
    }
  },
  {
    "model": "MyApp.orderstatushistory",
    "pk": 10,
    "fields": {
      "order": 31,
      "status": "pending",
      "user": null,
      "note": "",
      "created_at": "2026-03-11T02:31:54.615Z"
    }
  },
  {
    "model": "MyApp.orderstatushistory",
    "pk": 11,
    "fields": {
      "order": 31,
      "status": "processing",
      "user": null,
      "note": "",
      "created_at": "2026-03-11T02:31:59.494Z"
    }
  },
  {
    "model": "MyApp.orderstatushistory",
    "pk": 12,
    "fields": {
      "order": 32,
      "status": "pending",
      "user": null,
      "note": "",
      "created_at": "2026-03-11T02:32:42.900Z"
    }
  },
  {
    "model": "MyApp.orderstatushistory",
    "pk": 13,
    "fields": {
      "order": 32,
      "status": "processing",
      "user": null,
      "note": "",
      "created_at": "2026-03-11T02:32:49.787Z"
    }
  },
  {
    "model": "MyApp.orderstatushistory",
    "pk": 14,
    "fields": {
      "order": 32,
      "status": "pending",
      "user": null,
      "note": "",
      "created_at": "2026-03-11T02:36:18.812Z"
    }
  },
  {
    "model": "MyApp.orderstatushistory",
    "pk": 15,
    "fields": {
      "order": 33,
      "status": "pending",
      "user": null,
      "note": "",
      "created_at": "2026-03-11T02:37:04.806Z"
    }
  },
  {
    "model": "MyApp.orderstatushistory",
    "pk": 16,
    "fields": {
      "order": 33,
      "status": "processing",
      "user": null,
      "note": "",
      "created_at": "2026-03-11T02:37:11.428Z"
    }
  },
  {
    "model": "MyApp.orderstatushistory",
    "pk": 17,
    "fields": {
      "order": 34,
      "status": "pending",
      "user": null,
      "note": "",
      "created_at": "2026-03-11T02:41:32.065Z"
    }
  },
  {
    "model": "MyApp.orderstatushistory",
    "pk": 18,
    "fields": {
      "order": 34,
      "status": "cancelled",
      "user": null,
      "note": "",
      "created_at": "2026-03-11T02:41:42.299Z"
    }
  },
  {
    "model": "MyApp.orderstatushistory",
    "pk": 19,
    "fields": {
      "order": 35,
      "status": "pending",
      "user": null,
      "note": "",
      "created_at": "2026-03-11T02:42:35.832Z"
    }
  },
  {
    "model": "MyApp.orderstatushistory",
    "pk": 20,
    "fields": {
      "order": 35,
      "status": "delivered",
      "user": null,
      "note": "",
      "created_at": "2026-03-11T02:43:06.804Z"
    }
  },
  {
    "model": "MyApp.orderstatushistory",
    "pk": 21,
    "fields": {
      "order": 36,
      "status": "pending",
      "user": null,
      "note": "",
      "created_at": "2026-03-11T03:02:41.617Z"
    }
  },
  {
    "model": "MyApp.orderstatushistory",
    "pk": 22,
    "fields": {
      "order": 36,
      "status": "cancelled",
      "user": null,
      "note": "",
      "created_at": "2026-03-11T03:03:42.114Z"
    }
  },
  {
    "model": "MyApp.orderstatushistory",
    "pk": 23,
    "fields": {
      "order": 37,
      "status": "pending",
      "user": null,
      "note": "",
      "created_at": "2026-03-11T03:03:59.697Z"
    }
  },
  {
    "model": "MyApp.orderstatushistory",
    "pk": 24,
    "fields": {
      "order": 37,
      "status": "processing",
      "user": null,
      "note": "",
      "created_at": "2026-03-11T03:04:18.983Z"
    }
  },
  {
    "model": "MyApp.orderstatushistory",
    "pk": 25,
    "fields": {
      "order": 37,
      "status": "delivered",
      "user": null,
      "note": "",
      "created_at": "2026-03-11T03:05:01.428Z"
    }
  },
  {
    "model": "MyApp.orderstatushistory",
    "pk": 26,
    "fields": {
      "order": 38,
      "status": "pending",
      "user": null,
      "note": "",
      "created_at": "2026-03-12T01:25:28.028Z"
    }
  },
  {
    "model": "MyApp.orderstatushistory",
    "pk": 27,
    "fields": {
      "order": 39,
      "status": "pending",
      "user": null,
      "note": "",
      "created_at": "2026-03-12T01:58:03.264Z"
    }
  },
  {
    "model": "MyApp.orderstatushistory",
    "pk": 28,
    "fields": {
      "order": 41,
      "status": "pending",
      "user": [
        "phamquochuy"
      ],
      "note": "Tạo đơn hàng.",
      "created_at": "2026-03-13T14:34:40.910Z"
    }
  },
  {
    "model": "MyApp.orderstatushistory",
    "pk": 29,
    "fields": {
      "order": 41,
      "status": "confirmed",
      "user": [
        "phamquochuy"
      ],
      "note": "Xác nhận đơn hàng và giữ kho.",
      "created_at": "2026-03-13T14:42:50.662Z"
    }
  },
  {
    "model": "MyApp.orderstatushistory",
    "pk": 30,
    "fields": {
      "order": 41,
      "status": "processing",
      "user": [
        "phamquochuy"
      ],
      "note": "Cập nhật thủ công.",
      "created_at": "2026-03-13T14:42:54.817Z"
    }
  },
  {
    "model": "MyApp.orderstatushistory",
    "pk": 31,
    "fields": {
      "order": 41,
      "status": "shipping",
      "user": [
        "phamquochuy"
      ],
      "note": "Cập nhật thủ công.",
      "created_at": "2026-03-13T14:42:56.463Z"
    }
  },
  {
    "model": "MyApp.orderstatushistory",
    "pk": 32,
    "fields": {
      "order": 41,
      "status": "delivered",
      "user": [
        "phamquochuy"
      ],
      "note": "Giao hàng thành công.",
      "created_at": "2026-03-13T14:42:58.308Z"
    }
  },
  {
    "model": "MyApp.orderstatushistory",
    "pk": 33,
    "fields": {
      "order": 42,
      "status": "pending",
      "user": [
        "phamquochuy"
      ],
      "note": "Tạo đơn hàng.",
      "created_at": "2026-03-13T16:02:12.946Z"
    }
  },
  {
    "model": "MyApp.orderstatushistory",
    "pk": 34,
    "fields": {
      "order": 42,
      "status": "confirmed",
      "user": [
        "phamquochuy"
      ],
      "note": "Xác nhận đơn hàng và giữ kho.",
      "created_at": "2026-03-13T16:03:15.067Z"
    }
  },
  {
    "model": "MyApp.orderstatushistory",
    "pk": 35,
    "fields": {
      "order": 43,
      "status": "pending",
      "user": [
        "nguyenminhduc2246"
      ],
      "note": "Tạo đơn hàng.",
      "created_at": "2026-03-13T16:20:00.294Z"
    }
  },
  {
    "model": "MyApp.orderstatushistory",
    "pk": 36,
    "fields": {
      "order": 44,
      "status": "pending",
      "user": [
        "nguyenminhduc2246"
      ],
      "note": "Tạo đơn hàng.",
      "created_at": "2026-03-13T16:20:32.611Z"
    }
  },
  {
    "model": "MyApp.orderstatushistory",
    "pk": 37,
    "fields": {
      "order": 45,
      "status": "pending",
      "user": [
        "nguyenminhduc2246"
      ],
      "note": "Tạo đơn hàng.",
      "created_at": "2026-03-13T17:01:09.051Z"
    }
  },
  {
    "model": "MyApp.orderstatushistory",
    "pk": 38,
    "fields": {
      "order": 45,
      "status": "confirmed",
      "user": [
        "phamquochuy"
      ],
      "note": "Xác nhận đơn hàng và giữ kho.",
      "created_at": "2026-03-13T17:01:57.848Z"
    }
  },
  {
    "model": "MyApp.orderstatushistory",
    "pk": 39,
    "fields": {
      "order": 45,
      "status": "processing",
      "user": [
        "phamquochuy"
      ],
      "note": "Cập nhật thủ công.",
      "created_at": "2026-03-13T17:02:04.241Z"
    }
  },
  {
    "model": "MyApp.orderstatushistory",
    "pk": 40,
    "fields": {
      "order": 45,
      "status": "shipping",
      "user": [
        "phamquochuy"
      ],
      "note": "Cập nhật thủ công.",
      "created_at": "2026-03-13T17:02:08.047Z"
    }
  },
  {
    "model": "MyApp.orderstatushistory",
    "pk": 41,
    "fields": {
      "order": 45,
      "status": "delivered",
      "user": [
        "phamquochuy"
      ],
      "note": "Giao hàng thành công.",
      "created_at": "2026-03-13T17:02:10.351Z"
    }
  },
  {
    "model": "MyApp.orderstatushistory",
    "pk": 42,
    "fields": {
      "order": 45,
      "status": "return_requested",
      "user": [
        "nguyenminhduc2246"
      ],
      "note": "Khách gửi yêu cầu đổi/trả.",
      "created_at": "2026-03-13T17:18:43.894Z"
    }
  },
  {
    "model": "MyApp.orderstatushistory",
    "pk": 43,
    "fields": {
      "order": 45,
      "status": "return_approved",
      "user": [
        "phamquochuy"
      ],
      "note": "Duyệt yêu cầu đổi/trả.",
      "created_at": "2026-03-13T17:19:43.281Z"
    }
  },
  {
    "model": "MyApp.orderstatushistory",
    "pk": 44,
    "fields": {
      "order": 45,
      "status": "refunded",
      "user": [
        "phamquochuy"
      ],
      "note": "Hoàn tiền/huỷ sau thanh toán.",
      "created_at": "2026-03-13T17:21:12.612Z"
    }
  },
  {
    "model": "MyApp.orderstatushistory",
    "pk": 45,
    "fields": {
      "order": 46,
      "status": "pending",
      "user": [
        "nguyenminhduc2246"
      ],
      "note": "Tạo đơn hàng.",
      "created_at": "2026-03-13T17:27:42.822Z"
    }
  },
  {
    "model": "MyApp.orderstatushistory",
    "pk": 46,
    "fields": {
      "order": 46,
      "status": "confirmed",
      "user": [
        "phamquochuy"
      ],
      "note": "Xác nhận đơn hàng và giữ kho.",
      "created_at": "2026-03-13T17:28:23.084Z"
    }
  },
  {
    "model": "MyApp.orderstatushistory",
    "pk": 47,
    "fields": {
      "order": 46,
      "status": "processing",
      "user": [
        "phamquochuy"
      ],
      "note": "Cập nhật thủ công.",
      "created_at": "2026-03-13T17:28:24.585Z"
    }
  },
  {
    "model": "MyApp.orderstatushistory",
    "pk": 48,
    "fields": {
      "order": 46,
      "status": "shipping",
      "user": [
        "phamquochuy"
      ],
      "note": "Cập nhật thủ công.",
      "created_at": "2026-03-13T17:28:25.713Z"
    }
  },
  {
    "model": "MyApp.orderstatushistory",
    "pk": 49,
    "fields": {
      "order": 46,
      "status": "delivered",
      "user": [
        "phamquochuy"
      ],
      "note": "Giao hàng thành công.",
      "created_at": "2026-03-13T17:28:26.851Z"
    }
  },
  {
    "model": "MyApp.orderstatushistory",
    "pk": 50,
    "fields": {
      "order": 46,
      "status": "return_requested",
      "user": [
        "nguyenminhduc2246"
      ],
      "note": "Khách gửi yêu cầu đổi/trả.",
      "created_at": "2026-03-13T17:29:12.829Z"
    }
  },
  {
    "model": "MyApp.orderstatushistory",
    "pk": 51,
    "fields": {
      "order": 46,
      "status": "delivered",
      "user": [
        "phamquochuy"
      ],
      "note": "Từ chối yêu cầu đổi/trả.",
      "created_at": "2026-03-13T17:31:08.598Z"
    }
  },
  {
    "model": "MyApp.orderstatushistory",
    "pk": 52,
    "fields": {
      "order": 47,
      "status": "pending",
      "user": [
        "phamquochuy"
      ],
      "note": "Tạo đơn hàng.",
      "created_at": "2026-03-13T17:31:50.660Z"
    }
  },
  {
    "model": "MyApp.orderstatushistory",
    "pk": 53,
    "fields": {
      "order": 47,
      "status": "confirmed",
      "user": [
        "phamquochuy"
      ],
      "note": "Xác nhận đơn hàng và giữ kho.",
      "created_at": "2026-03-13T17:32:06.690Z"
    }
  },
  {
    "model": "MyApp.orderstatushistory",
    "pk": 54,
    "fields": {
      "order": 47,
      "status": "processing",
      "user": [
        "phamquochuy"
      ],
      "note": "Cập nhật thủ công.",
      "created_at": "2026-03-13T17:32:11.362Z"
    }
  },
  {
    "model": "MyApp.orderstatushistory",
    "pk": 55,
    "fields": {
      "order": 47,
      "status": "shipping",
      "user": [
        "phamquochuy"
      ],
      "note": "Cập nhật thủ công.",
      "created_at": "2026-03-13T17:32:12.773Z"
    }
  },
  {
    "model": "MyApp.orderstatushistory",
    "pk": 56,
    "fields": {
      "order": 47,
      "status": "delivered",
      "user": [
        "phamquochuy"
      ],
      "note": "Giao hàng thành công.",
      "created_at": "2026-03-13T17:32:14.160Z"
    }
  },
  {
    "model": "MyApp.orderstatushistory",
    "pk": 57,
    "fields": {
      "order": 47,
      "status": "return_requested",
      "user": [
        "phamquochuy"
      ],
      "note": "Khách gửi yêu cầu đổi/trả.",
      "created_at": "2026-03-13T17:32:54.026Z"
    }
  },
  {
    "model": "MyApp.orderstatushistory",
    "pk": 58,
    "fields": {
      "order": 48,
      "status": "pending",
      "user": [
        "nguyenminhduc2246"
      ],
      "note": "Tạo đơn hàng.",
      "created_at": "2026-03-13T17:39:45.309Z"
    }
  },
  {
    "model": "MyApp.orderstatushistory",
    "pk": 59,
    "fields": {
      "order": 48,
      "status": "confirmed",
      "user": [
        "phamquochuy"
      ],
      "note": "Xác nhận đơn hàng và giữ kho.",
      "created_at": "2026-03-13T17:40:18.886Z"
    }
  },
  {
    "model": "MyApp.orderstatushistory",
    "pk": 60,
    "fields": {
      "order": 48,
      "status": "processing",
      "user": [
        "phamquochuy"
      ],
      "note": "Cập nhật thủ công.",
      "created_at": "2026-03-13T17:40:22.887Z"
    }
  },
  {
    "model": "MyApp.orderstatushistory",
    "pk": 61,
    "fields": {
      "order": 48,
      "status": "shipping",
      "user": [
        "phamquochuy"
      ],
      "note": "Cập nhật thủ công.",
      "created_at": "2026-03-13T17:40:24.665Z"
    }
  },
  {
    "model": "MyApp.orderstatushistory",
    "pk": 62,
    "fields": {
      "order": 48,
      "status": "delivered",
      "user": [
        "phamquochuy"
      ],
      "note": "Giao hàng thành công.",
      "created_at": "2026-03-13T17:40:26.643Z"
    }
  },
  {
    "model": "MyApp.orderstatushistory",
    "pk": 63,
    "fields": {
      "order": 48,
      "status": "return_requested",
      "user": [
        "nguyenminhduc2246"
      ],
      "note": "Khách gửi yêu cầu đổi/trả.",
      "created_at": "2026-03-13T17:47:06.798Z"
    }
  },
  {
    "model": "MyApp.orderstatushistory",
    "pk": 64,
    "fields": {
      "order": 47,
      "status": "delivered",
      "user": [
        "phamquochuy"
      ],
      "note": "Từ chối yêu cầu đổi/trả.",
      "created_at": "2026-03-13T17:47:46.570Z"
    }
  },
  {
    "model": "MyApp.orderstatushistory",
    "pk": 65,
    "fields": {
      "order": 48,
      "status": "return_approved",
      "user": [
        "phamquochuy"
      ],
      "note": "Duyệt yêu cầu đổi/trả.",
      "created_at": "2026-03-13T17:48:09.300Z"
    }
  },
  {
    "model": "MyApp.orderstatushistory",
    "pk": 66,
    "fields": {
      "order": 48,
      "status": "refunded",
      "user": [
        "phamquochuy"
      ],
      "note": "Hoàn tiền/huỷ sau thanh toán.",
      "created_at": "2026-03-13T17:48:11.566Z"
    }
  },
  {
    "model": "MyApp.orderstatushistory",
    "pk": 67,
    "fields": {
      "order": 49,
      "status": "pending",
      "user": [
        "phamquochuy"
      ],
      "note": "Tạo đơn hàng.",
      "created_at": "2026-03-14T03:34:47.817Z"
    }
  },
  {
    "model": "MyApp.orderstatushistory",
    "pk": 68,
    "fields": {
      "order": 49,
      "status": "confirmed",
      "user": [
        "phamquochuy"
      ],
      "note": "Xác nhận đơn hàng và giữ kho.",
      "created_at": "2026-03-14T03:36:16.965Z"
    }
  },
  {
    "model": "MyApp.orderstatushistory",
    "pk": 69,
    "fields": {
      "order": 49,
      "status": "processing",
      "user": [
        "phamquochuy"
      ],
      "note": "Cập nhật thủ công.",
      "created_at": "2026-03-14T03:36:24.130Z"
    }
  },
  {
    "model": "MyApp.orderstatushistory",
    "pk": 70,
    "fields": {
      "order": 49,
      "status": "shipping",
      "user": [
        "phamquochuy"
      ],
      "note": "Cập nhật thủ công.",
      "created_at": "2026-03-14T03:36:27.820Z"
    }
  },
  {
    "model": "MyApp.orderstatushistory",
    "pk": 71,
    "fields": {
      "order": 49,
      "status": "delivered",
      "user": [
        "phamquochuy"
      ],
      "note": "Giao hàng thành công.",
      "created_at": "2026-03-14T03:36:31.243Z"
    }
  },
  {
    "model": "MyApp.orderstatushistory",
    "pk": 72,
    "fields": {
      "order": 49,
      "status": "return_requested",
      "user": [
        "phamquochuy"
      ],
      "note": "Khách gửi yêu cầu đổi/trả.",
      "created_at": "2026-03-14T03:38:34.699Z"
    }
  },
  {
    "model": "MyApp.orderstatushistory",
    "pk": 73,
    "fields": {
      "order": 49,
      "status": "return_approved",
      "user": [
        "phamquochuy"
      ],
      "note": "Duyệt yêu cầu đổi/trả.",
      "created_at": "2026-03-14T03:39:10.347Z"
    }
  },
  {
    "model": "MyApp.orderstatushistory",
    "pk": 74,
    "fields": {
      "order": 49,
      "status": "refunded",
      "user": [
        "phamquochuy"
      ],
      "note": "Hoàn tiền/huỷ sau thanh toán.",
      "created_at": "2026-03-14T03:39:12.352Z"
    }
  },
  {
    "model": "MyApp.orderstatushistory",
    "pk": 75,
    "fields": {
      "order": 50,
      "status": "pending",
      "user": [
        "phamquochuy"
      ],
      "note": "Tạo đơn hàng.",
      "created_at": "2026-03-20T15:02:24.940Z"
    }
  },
  {
    "model": "MyApp.orderstatushistory",
    "pk": 76,
    "fields": {
      "order": 50,
      "status": "cancelled",
      "user": [
        "phamquochuy"
      ],
      "note": "Hủy đơn hàng.",
      "created_at": "2026-03-20T15:02:49.781Z"
    }
  },
  {
    "model": "MyApp.orderstatushistory",
    "pk": 77,
    "fields": {
      "order": 49,
      "status": "exchanged",
      "user": [
        "phamquochuy"
      ],
      "note": "Cập nhật thủ công.",
      "created_at": "2026-03-20T15:37:49.049Z"
    }
  },
  {
    "model": "MyApp.orderstatushistory",
    "pk": 78,
    "fields": {
      "order": 51,
      "status": "confirmed",
      "user": [
        "phamquochuy"
      ],
      "note": "Xác nhận đơn hàng và giữ kho.",
      "created_at": "2026-03-24T18:15:47.597Z"
    }
  },
  {
    "model": "MyApp.orderstatushistory",
    "pk": 79,
    "fields": {
      "order": 52,
      "status": "confirmed",
      "user": [
        "phamquochuy"
      ],
      "note": "Xác nhận đơn hàng và giữ kho.",
      "created_at": "2026-03-25T00:26:25.507Z"
    }
  },
  {
    "model": "MyApp.orderstatushistory",
    "pk": 80,
    "fields": {
      "order": 52,
      "status": "processing",
      "user": [
        "phamquochuy"
      ],
      "note": "Cập nhật thủ công.",
      "created_at": "2026-03-25T00:27:40.041Z"
    }
  },
  {
    "model": "MyApp.orderstatushistory",
    "pk": 81,
    "fields": {
      "order": 52,
      "status": "shipping",
      "user": [
        "phamquochuy"
      ],
      "note": "Cập nhật thủ công.",
      "created_at": "2026-03-25T00:27:43.084Z"
    }
  },
  {
    "model": "MyApp.orderstatushistory",
    "pk": 82,
    "fields": {
      "order": 52,
      "status": "delivered",
      "user": [
        "phamquochuy"
      ],
      "note": "Giao hàng thành công.",
      "created_at": "2026-03-25T00:27:44.749Z"
    }
  },
  {
    "model": "MyApp.orderitem",
    "pk": 27,
    "fields": {
      "order": 27,
      "product": 7,
      "variation": null,
      "product_title": "Trà Matcha Nhật Bản",
      "quantity": 1,
      "price": "450000"
    }
  },
  {
    "model": "MyApp.orderitem",
    "pk": 29,
    "fields": {
      "order": 29,
      "product": 6,
      "variation": null,
      "product_title": "Trà Phổ Nhĩ Chín 10 Năm",
      "quantity": 1,
      "price": "580000"
    }
  },
  {
    "model": "MyApp.orderitem",
    "pk": 30,
    "fields": {
      "order": 29,
      "product": 3,
      "variation": null,
      "product_title": "Trà Ô Long Thượng Hạng",
      "quantity": 1,
      "price": "420000"
    }
  },
  {
    "model": "MyApp.orderitem",
    "pk": 31,
    "fields": {
      "order": 30,
      "product": 2,
      "variation": null,
      "product_title": "Trà Shan Tuyết Cổ Thụ",
      "quantity": 1,
      "price": "350000"
    }
  },
  {
    "model": "MyApp.orderitem",
    "pk": 32,
    "fields": {
      "order": 31,
      "product": 7,
      "variation": null,
      "product_title": "Trà Matcha Nhật Bản",
      "quantity": 1,
      "price": "450000"
    }
  },
  {
    "model": "MyApp.orderitem",
    "pk": 33,
    "fields": {
      "order": 32,
      "product": 7,
      "variation": null,
      "product_title": "Trà Matcha Nhật Bản",
      "quantity": 1,
      "price": "450000"
    }
  },
  {
    "model": "MyApp.orderitem",
    "pk": 34,
    "fields": {
      "order": 33,
      "product": 5,
      "variation": null,
      "product_title": "Trà Hoa Nhài Premium",
      "quantity": 1,
      "price": "320000"
    }
  },
  {
    "model": "MyApp.orderitem",
    "pk": 35,
    "fields": {
      "order": 34,
      "product": 2,
      "variation": null,
      "product_title": "Trà Shan Tuyết Cổ Thụ",
      "quantity": 1,
      "price": "350000"
    }
  },
  {
    "model": "MyApp.orderitem",
    "pk": 36,
    "fields": {
      "order": 35,
      "product": 6,
      "variation": null,
      "product_title": "Trà Phổ Nhĩ Chín 10 Năm",
      "quantity": 1,
      "price": "580000"
    }
  },
  {
    "model": "MyApp.orderitem",
    "pk": 37,
    "fields": {
      "order": 36,
      "product": 4,
      "variation": null,
      "product_title": "Trà Thái Nguyên Đặc Sản",
      "quantity": 1,
      "price": "280000"
    }
  },
  {
    "model": "MyApp.orderitem",
    "pk": 38,
    "fields": {
      "order": 37,
      "product": 7,
      "variation": null,
      "product_title": "Trà Matcha Nhật Bản",
      "quantity": 1,
      "price": "450000"
    }
  },
  {
    "model": "MyApp.orderitem",
    "pk": 39,
    "fields": {
      "order": 38,
      "product": 23,
      "variation": null,
      "product_title": "Bộ Chén Trà Gốm Bát Tràng",
      "quantity": 1,
      "price": "280000"
    }
  },
  {
    "model": "MyApp.orderitem",
    "pk": 40,
    "fields": {
      "order": 39,
      "product": 23,
      "variation": null,
      "product_title": "Bộ Chén Trà Gốm Bát Tràng",
      "quantity": 1,
      "price": "280000"
    }
  },
  {
    "model": "MyApp.orderitem",
    "pk": 41,
    "fields": {
      "order": 40,
      "product": 22,
      "variation": null,
      "product_title": "Ấm Tử Sa Nghi Hưng",
      "quantity": 1,
      "price": "850000"
    }
  },
  {
    "model": "MyApp.orderitem",
    "pk": 42,
    "fields": {
      "order": 41,
      "product": 22,
      "variation": null,
      "product_title": "Ấm Tử Sa Nghi Hưng",
      "quantity": 1,
      "price": "850000"
    }
  },
  {
    "model": "MyApp.orderitem",
    "pk": 43,
    "fields": {
      "order": 42,
      "product": 24,
      "variation": null,
      "product_title": "Chasen - Chổi Tre Đánh Matcha",
      "quantity": 1,
      "price": "195000"
    }
  },
  {
    "model": "MyApp.orderitem",
    "pk": 44,
    "fields": {
      "order": 42,
      "product": 18,
      "variation": null,
      "product_title": "Trà Hoa Cúc Mật Ong",
      "quantity": 1,
      "price": "95000"
    }
  },
  {
    "model": "MyApp.orderitem",
    "pk": 45,
    "fields": {
      "order": 43,
      "product": 23,
      "variation": null,
      "product_title": "Bộ Chén Trà Gốm Bát Tràng",
      "quantity": 1,
      "price": "280000"
    }
  },
  {
    "model": "MyApp.orderitem",
    "pk": 46,
    "fields": {
      "order": 44,
      "product": 23,
      "variation": null,
      "product_title": "Bộ Chén Trà Gốm Bát Tràng",
      "quantity": 1,
      "price": "280000"
    }
  },
  {
    "model": "MyApp.orderitem",
    "pk": 47,
    "fields": {
      "order": 45,
      "product": 9,
      "variation": null,
      "product_title": "Trà xanh không độ",
      "quantity": 1,
      "price": "1"
    }
  },
  {
    "model": "MyApp.orderitem",
    "pk": 48,
    "fields": {
      "order": 46,
      "product": 19,
      "variation": null,
      "product_title": "Trà Atiso Đà Lạt",
      "quantity": 1,
      "price": "75000"
    }
  },
  {
    "model": "MyApp.orderitem",
    "pk": 49,
    "fields": {
      "order": 47,
      "product": 20,
      "variation": null,
      "product_title": "Trà Gừng Nghệ",
      "quantity": 1,
      "price": "85000"
    }
  },
  {
    "model": "MyApp.orderitem",
    "pk": 50,
    "fields": {
      "order": 48,
      "product": 23,
      "variation": null,
      "product_title": "Bộ Chén Trà Gốm Bát Tràng",
      "quantity": 1,
      "price": "280000"
    }
  },
  {
    "model": "MyApp.orderitem",
    "pk": 51,
    "fields": {
      "order": 49,
      "product": 23,
      "variation": null,
      "product_title": "Bộ Chén Trà Gốm Bát Tràng",
      "quantity": 1,
      "price": "280000"
    }
  },
  {
    "model": "MyApp.orderitem",
    "pk": 52,
    "fields": {
      "order": 50,
      "product": 23,
      "variation": null,
      "product_title": "Bộ Chén Trà Gốm Bát Tràng",
      "quantity": 1,
      "price": "280000"
    }
  },
  {
    "model": "MyApp.orderitem",
    "pk": 53,
    "fields": {
      "order": 51,
      "product": 23,
      "variation": null,
      "product_title": "Bộ Chén Trà Gốm Bát Tràng",
      "quantity": 1,
      "price": "280000"
    }
  },
  {
    "model": "MyApp.orderitem",
    "pk": 54,
    "fields": {
      "order": 52,
      "product": 23,
      "variation": null,
      "product_title": "Bộ Chén Trà Gốm Bát Tràng",
      "quantity": 1,
      "price": "280000"
    }
  },
  {
    "model": "MyApp.returnrequest",
    "pk": 3,
    "fields": {
      "order": 45,
      "request_type": "refund",
      "status": "completed",
      "reason": "không đúng sản phẩm",
      "admin_note": "Sản phẩm oke",
      "image": "returns/tải_xuống_46_JWLRcbw.jpg",
      "created_at": "2026-03-13T17:18:43.873Z",
      "updated_at": "2026-03-13T17:21:12.646Z"
    }
  },
  {
    "model": "MyApp.returnrequest",
    "pk": 4,
    "fields": {
      "order": 46,
      "request_type": "refund",
      "status": "rejected",
      "reason": "Không thích dùng",
      "admin_note": "",
      "image": "returns/tải_xuống_45.jpg",
      "created_at": "2026-03-13T17:29:12.813Z",
      "updated_at": "2026-03-13T17:31:08.612Z"
    }
  },
  {
    "model": "MyApp.returnrequest",
    "pk": 5,
    "fields": {
      "order": 47,
      "request_type": "refund",
      "status": "rejected",
      "reason": "Không vui",
      "admin_note": "",
      "image": "returns/tải_xuống_45_6DWYAap.jpg",
      "created_at": "2026-03-13T17:32:54.009Z",
      "updated_at": "2026-03-13T17:47:46.584Z"
    }
  },
  {
    "model": "MyApp.returnrequest",
    "pk": 7,
    "fields": {
      "order": 48,
      "request_type": "refund",
      "status": "completed",
      "reason": "không phù hợp",
      "admin_note": "Oke",
      "image": "returns/KYOTO_HOUSE_by_MAKHNO.jpg",
      "created_at": "2026-03-13T17:47:06.782Z",
      "updated_at": "2026-03-13T17:48:11.588Z"
    }
  },
  {
    "model": "MyApp.returnrequest",
    "pk": 8,
    "fields": {
      "order": 49,
      "request_type": "refund",
      "status": "completed",
      "reason": "sản phẩm không đạt yêu cầu",
      "admin_note": "oke",
      "image": "returns/tải_xuống_53.jpg",
      "created_at": "2026-03-14T03:38:34.672Z",
      "updated_at": "2026-03-14T03:39:12.403Z"
    }
  },
  {
    "model": "MyApp.returnitem",
    "pk": 1,
    "fields": {
      "return_request": 3,
      "order_item": 47,
      "quantity": 1,
      "reason_detail": ""
    }
  },
  {
    "model": "MyApp.returnitem",
    "pk": 2,
    "fields": {
      "return_request": 4,
      "order_item": 48,
      "quantity": 1,
      "reason_detail": ""
    }
  },
  {
    "model": "MyApp.returnitem",
    "pk": 3,
    "fields": {
      "return_request": 5,
      "order_item": 49,
      "quantity": 1,
      "reason_detail": ""
    }
  },
  {
    "model": "MyApp.returnitem",
    "pk": 4,
    "fields": {
      "return_request": 7,
      "order_item": 50,
      "quantity": 1,
      "reason_detail": ""
    }
  },
  {
    "model": "MyApp.returnitem",
    "pk": 5,
    "fields": {
      "return_request": 8,
      "order_item": 51,
      "quantity": 1,
      "reason_detail": ""
    }
  },
  {
    "model": "MyApp.cart",
    "pk": 1,
    "fields": {
      "user": null,
      "session_key": "xpo8w9608p27pr5zoy4cpiwy9ngs5dmd",
      "coupon": null,
      "created_at": "2026-01-28T08:43:37.614Z",
      "updated_at": "2026-01-28T08:43:37.614Z"
    }
  },
  {
    "model": "MyApp.cart",
    "pk": 3,
    "fields": {
      "user": null,
      "session_key": "dqxxjehcb366d7ji9mja55svpr0vtilg",
      "coupon": null,
      "created_at": "2026-01-28T08:58:21.337Z",
      "updated_at": "2026-01-28T08:58:21.337Z"
    }
  },
  {
    "model": "MyApp.cart",
    "pk": 4,
    "fields": {
      "user": null,
      "session_key": "7c97hgukssgetd4ddb3e9zcsk7g1yf16",
      "coupon": null,
      "created_at": "2026-01-29T04:12:55.224Z",
      "updated_at": "2026-01-29T04:12:55.224Z"
    }
  },
  {
    "model": "MyApp.cart",
    "pk": 6,
    "fields": {
      "user": null,
      "session_key": "culzww1we6on1k2s1v6ykla0r30t2zk5",
      "coupon": null,
      "created_at": "2026-01-29T04:37:43.640Z",
      "updated_at": "2026-01-29T04:37:43.640Z"
    }
  },
  {
    "model": "MyApp.cart",
    "pk": 7,
    "fields": {
      "user": null,
      "session_key": "a4wakfkih91n96uo4witqn27hfbqr7eh",
      "coupon": null,
      "created_at": "2026-03-07T14:25:53.750Z",
      "updated_at": "2026-03-07T14:25:53.750Z"
    }
  },
  {
    "model": "MyApp.cart",
    "pk": 8,
    "fields": {
      "user": null,
      "session_key": "syimscx3jum4jln8yxy26tevirltup1n",
      "coupon": null,
      "created_at": "2026-03-10T01:28:46.448Z",
      "updated_at": "2026-03-10T01:28:46.448Z"
    }
  },
  {
    "model": "MyApp.cart",
    "pk": 9,
    "fields": {
      "user": [
        "phamquochuy"
      ],
      "session_key": null,
      "coupon": null,
      "created_at": "2026-03-10T01:30:12.277Z",
      "updated_at": "2026-03-25T00:26:25.541Z"
    }
  },
  {
    "model": "MyApp.cart",
    "pk": 10,
    "fields": {
      "user": null,
      "session_key": "010vjdy2tanazczbul5it0epnv2zzuup",
      "coupon": null,
      "created_at": "2026-03-10T12:20:43.995Z",
      "updated_at": "2026-03-10T12:20:43.995Z"
    }
  },
  {
    "model": "MyApp.cart",
    "pk": 11,
    "fields": {
      "user": null,
      "session_key": "xtbmley3h20qtc4fds9zl42evn9ze1nn",
      "coupon": null,
      "created_at": "2026-03-10T13:04:47.659Z",
      "updated_at": "2026-03-10T13:04:47.659Z"
    }
  },
  {
    "model": "MyApp.cart",
    "pk": 12,
    "fields": {
      "user": null,
      "session_key": "oozk2533zxqbez1pkysn0ulpmixw86gr",
      "coupon": null,
      "created_at": "2026-03-10T15:56:53.498Z",
      "updated_at": "2026-03-10T15:56:53.498Z"
    }
  },
  {
    "model": "MyApp.cart",
    "pk": 13,
    "fields": {
      "user": null,
      "session_key": "i8m61bn8eq5sbq46j1tooxy0m50cci7j",
      "coupon": null,
      "created_at": "2026-03-11T00:10:44.550Z",
      "updated_at": "2026-03-11T00:10:44.550Z"
    }
  },
  {
    "model": "MyApp.cart",
    "pk": 16,
    "fields": {
      "user": [
        "cd24clc"
      ],
      "session_key": null,
      "coupon": null,
      "created_at": "2026-03-12T01:48:24.288Z",
      "updated_at": "2026-03-13T08:14:11.797Z"
    }
  },
  {
    "model": "MyApp.cart",
    "pk": 19,
    "fields": {
      "user": [
        "nguyenminhduc2246"
      ],
      "session_key": null,
      "coupon": null,
      "created_at": "2026-03-13T16:16:01.531Z",
      "updated_at": "2026-03-13T17:44:50.604Z"
    }
  },
  {
    "model": "MyApp.cart",
    "pk": 20,
    "fields": {
      "user": null,
      "session_key": "hdg1gsnksdyc0s68bfcvy8er2jybw284",
      "coupon": null,
      "created_at": "2026-03-13T17:30:42.556Z",
      "updated_at": "2026-03-13T17:30:42.556Z"
    }
  },
  {
    "model": "MyApp.cart",
    "pk": 24,
    "fields": {
      "user": null,
      "session_key": "gcsqh7zy6qt5o8q57dyrapct8fst83d7",
      "coupon": null,
      "created_at": "2026-03-20T14:46:17.974Z",
      "updated_at": "2026-03-20T14:46:17.974Z"
    }
  },
  {
    "model": "MyApp.cart",
    "pk": 25,
    "fields": {
      "user": [
        "pham_quoc_huy"
      ],
      "session_key": null,
      "coupon": null,
      "created_at": "2026-03-24T18:14:28.379Z",
      "updated_at": "2026-03-24T18:14:28.430Z"
    }
  },
  {
    "model": "MyApp.cartitem",
    "pk": 6,
    "fields": {
      "cart": 6,
      "product": 3,
      "variation": null,
      "quantity": 1,
      "added_at": "2026-01-29T04:37:43.646Z"
    }
  },
  {
    "model": "MyApp.cartitem",
    "pk": 36,
    "fields": {
      "cart": 7,
      "product": 7,
      "variation": null,
      "quantity": 1,
      "added_at": "2026-03-07T14:25:53.757Z"
    }
  },
  {
    "model": "MyApp.cartitem",
    "pk": 39,
    "fields": {
      "cart": 8,
      "product": 4,
      "variation": null,
      "quantity": 1,
      "added_at": "2026-03-10T01:28:46.456Z"
    }
  },
  {
    "model": "MyApp.cartitem",
    "pk": 42,
    "fields": {
      "cart": 10,
      "product": 7,
      "variation": null,
      "quantity": 1,
      "added_at": "2026-03-10T12:20:44.004Z"
    }
  },
  {
    "model": "MyApp.cartitem",
    "pk": 45,
    "fields": {
      "cart": 11,
      "product": 2,
      "variation": null,
      "quantity": 1,
      "added_at": "2026-03-10T13:41:17.501Z"
    }
  },
  {
    "model": "MyApp.cartitem",
    "pk": 49,
    "fields": {
      "cart": 12,
      "product": 7,
      "variation": null,
      "quantity": 1,
      "added_at": "2026-03-10T15:56:53.507Z"
    }
  },
  {
    "model": "MyApp.cartitem",
    "pk": 75,
    "fields": {
      "cart": 20,
      "product": 23,
      "variation": null,
      "quantity": 1,
      "added_at": "2026-03-13T17:30:42.563Z"
    }
  },
  {
    "model": "MyApp.cartitem",
    "pk": 83,
    "fields": {
      "cart": 24,
      "product": 21,
      "variation": null,
      "quantity": 1,
      "added_at": "2026-03-20T14:46:17.987Z"
    }
  },
  {
    "model": "MyApp.inventorytransaction",
    "pk": 1,
    "fields": {
      "product": 23,
      "variation": null,
      "transaction_type": "RESERVE",
      "quantity": 1,
      "is_physical": false,
      "reference_id": "ORD-20260312-4116BA",
      "timestamp": "2026-03-13T13:32:01.103Z",
      "user": [
        "phamquochuy"
      ]
    }
  },
  {
    "model": "MyApp.inventorytransaction",
    "pk": 2,
    "fields": {
      "product": 23,
      "variation": null,
      "transaction_type": "OUT",
      "quantity": -1,
      "is_physical": true,
      "reference_id": "ORD-20260312-4116BA",
      "timestamp": "2026-03-13T13:32:10.326Z",
      "user": [
        "phamquochuy"
      ]
    }
  },
  {
    "model": "MyApp.inventorytransaction",
    "pk": 3,
    "fields": {
      "product": 22,
      "variation": null,
      "transaction_type": "RESERVE",
      "quantity": 1,
      "is_physical": false,
      "reference_id": "ORD-20260313-52E719",
      "timestamp": "2026-03-13T14:42:50.659Z",
      "user": [
        "phamquochuy"
      ]
    }
  },
  {
    "model": "MyApp.inventorytransaction",
    "pk": 4,
    "fields": {
      "product": 22,
      "variation": null,
      "transaction_type": "OUT",
      "quantity": -1,
      "is_physical": true,
      "reference_id": "ORD-20260313-52E719",
      "timestamp": "2026-03-13T14:42:58.306Z",
      "user": [
        "phamquochuy"
      ]
    }
  },
  {
    "model": "MyApp.inventorytransaction",
    "pk": 5,
    "fields": {
      "product": 18,
      "variation": null,
      "transaction_type": "RESERVE",
      "quantity": 1,
      "is_physical": false,
      "reference_id": "ORD-20260313-FE1EA9",
      "timestamp": "2026-03-13T16:03:15.065Z",
      "user": [
        "phamquochuy"
      ]
    }
  },
  {
    "model": "MyApp.inventorytransaction",
    "pk": 6,
    "fields": {
      "product": 24,
      "variation": null,
      "transaction_type": "RESERVE",
      "quantity": 1,
      "is_physical": false,
      "reference_id": "ORD-20260313-FE1EA9",
      "timestamp": "2026-03-13T16:03:15.066Z",
      "user": [
        "phamquochuy"
      ]
    }
  },
  {
    "model": "MyApp.inventorytransaction",
    "pk": 7,
    "fields": {
      "product": 9,
      "variation": null,
      "transaction_type": "IN",
      "quantity": 2147483647,
      "is_physical": true,
      "reference_id": "RCPT-20260313-7511",
      "timestamp": "2026-03-13T16:11:58.682Z",
      "user": [
        "phamquochuy"
      ]
    }
  },
  {
    "model": "MyApp.inventorytransaction",
    "pk": 8,
    "fields": {
      "product": 9,
      "variation": null,
      "transaction_type": "RESERVE",
      "quantity": 1,
      "is_physical": false,
      "reference_id": "ORD-20260313-50390D",
      "timestamp": "2026-03-13T17:01:57.847Z",
      "user": [
        "phamquochuy"
      ]
    }
  },
  {
    "model": "MyApp.inventorytransaction",
    "pk": 9,
    "fields": {
      "product": 9,
      "variation": null,
      "transaction_type": "OUT",
      "quantity": -1,
      "is_physical": true,
      "reference_id": "ORD-20260313-50390D",
      "timestamp": "2026-03-13T17:02:10.350Z",
      "user": [
        "phamquochuy"
      ]
    }
  },
  {
    "model": "MyApp.inventorytransaction",
    "pk": 10,
    "fields": {
      "product": 9,
      "variation": null,
      "transaction_type": "IN",
      "quantity": 1,
      "is_physical": true,
      "reference_id": "ORD-20260313-50390D",
      "timestamp": "2026-03-13T17:21:12.641Z",
      "user": [
        "phamquochuy"
      ]
    }
  },
  {
    "model": "MyApp.inventorytransaction",
    "pk": 11,
    "fields": {
      "product": 19,
      "variation": null,
      "transaction_type": "RESERVE",
      "quantity": 1,
      "is_physical": false,
      "reference_id": "ORD-20260313-FF2BBF",
      "timestamp": "2026-03-13T17:28:23.083Z",
      "user": [
        "phamquochuy"
      ]
    }
  },
  {
    "model": "MyApp.inventorytransaction",
    "pk": 12,
    "fields": {
      "product": 19,
      "variation": null,
      "transaction_type": "OUT",
      "quantity": -1,
      "is_physical": true,
      "reference_id": "ORD-20260313-FF2BBF",
      "timestamp": "2026-03-13T17:28:26.850Z",
      "user": [
        "phamquochuy"
      ]
    }
  },
  {
    "model": "MyApp.inventorytransaction",
    "pk": 13,
    "fields": {
      "product": 20,
      "variation": null,
      "transaction_type": "RESERVE",
      "quantity": 1,
      "is_physical": false,
      "reference_id": "ORD-20260313-F4CC80",
      "timestamp": "2026-03-13T17:32:06.689Z",
      "user": [
        "phamquochuy"
      ]
    }
  },
  {
    "model": "MyApp.inventorytransaction",
    "pk": 14,
    "fields": {
      "product": 20,
      "variation": null,
      "transaction_type": "OUT",
      "quantity": -1,
      "is_physical": true,
      "reference_id": "ORD-20260313-F4CC80",
      "timestamp": "2026-03-13T17:32:14.159Z",
      "user": [
        "phamquochuy"
      ]
    }
  },
  {
    "model": "MyApp.inventorytransaction",
    "pk": 15,
    "fields": {
      "product": 23,
      "variation": null,
      "transaction_type": "RESERVE",
      "quantity": 1,
      "is_physical": false,
      "reference_id": "ORD-20260313-3F0372",
      "timestamp": "2026-03-13T17:40:18.886Z",
      "user": [
        "phamquochuy"
      ]
    }
  },
  {
    "model": "MyApp.inventorytransaction",
    "pk": 16,
    "fields": {
      "product": 23,
      "variation": null,
      "transaction_type": "OUT",
      "quantity": -1,
      "is_physical": true,
      "reference_id": "ORD-20260313-3F0372",
      "timestamp": "2026-03-13T17:40:26.642Z",
      "user": [
        "phamquochuy"
      ]
    }
  },
  {
    "model": "MyApp.inventorytransaction",
    "pk": 17,
    "fields": {
      "product": 23,
      "variation": null,
      "transaction_type": "IN",
      "quantity": 1,
      "is_physical": true,
      "reference_id": "ORD-20260313-3F0372",
      "timestamp": "2026-03-13T17:48:11.581Z",
      "user": [
        "phamquochuy"
      ]
    }
  },
  {
    "model": "MyApp.inventorytransaction",
    "pk": 18,
    "fields": {
      "product": 23,
      "variation": null,
      "transaction_type": "RESERVE",
      "quantity": 1,
      "is_physical": false,
      "reference_id": "ORD-20260314-30F8B4",
      "timestamp": "2026-03-14T03:36:16.962Z",
      "user": [
        "phamquochuy"
      ]
    }
  },
  {
    "model": "MyApp.inventorytransaction",
    "pk": 19,
    "fields": {
      "product": 23,
      "variation": null,
      "transaction_type": "OUT",
      "quantity": -1,
      "is_physical": true,
      "reference_id": "ORD-20260314-30F8B4",
      "timestamp": "2026-03-14T03:36:31.240Z",
      "user": [
        "phamquochuy"
      ]
    }
  },
  {
    "model": "MyApp.inventorytransaction",
    "pk": 20,
    "fields": {
      "product": 23,
      "variation": null,
      "transaction_type": "IN",
      "quantity": 1,
      "is_physical": true,
      "reference_id": "ORD-20260314-30F8B4",
      "timestamp": "2026-03-14T03:39:12.387Z",
      "user": [
        "phamquochuy"
      ]
    }
  },
  {
    "model": "MyApp.inventorytransaction",
    "pk": 21,
    "fields": {
      "product": 22,
      "variation": null,
      "transaction_type": "IN",
      "quantity": 26,
      "is_physical": true,
      "reference_id": "RCPT-20260320-7898",
      "timestamp": "2026-03-20T15:39:26.905Z",
      "user": [
        "phamquochuy"
      ]
    }
  },
  {
    "model": "MyApp.inventorytransaction",
    "pk": 22,
    "fields": {
      "product": 16,
      "variation": null,
      "transaction_type": "IN",
      "quantity": 50,
      "is_physical": true,
      "reference_id": "RCPT-20260320-6869",
      "timestamp": "2026-03-20T16:10:19.742Z",
      "user": [
        "phamquochuy"
      ]
    }
  },
  {
    "model": "MyApp.inventorytransaction",
    "pk": 23,
    "fields": {
      "product": 15,
      "variation": null,
      "transaction_type": "RESERVE",
      "quantity": 1,
      "is_physical": true,
      "reference_id": "CART_9 | Giữ hàng khi thêm vào giỏ",
      "timestamp": "2026-03-21T04:04:58.751Z",
      "user": [
        "phamquochuy"
      ]
    }
  },
  {
    "model": "MyApp.inventorytransaction",
    "pk": 24,
    "fields": {
      "product": 15,
      "variation": null,
      "transaction_type": "RELEASE",
      "quantity": 1,
      "is_physical": true,
      "reference_id": "CART_9 | Giải phóng 1 khi xóa",
      "timestamp": "2026-03-21T04:05:18.360Z",
      "user": [
        "phamquochuy"
      ]
    }
  },
  {
    "model": "MyApp.inventorytransaction",
    "pk": 25,
    "fields": {
      "product": 24,
      "variation": null,
      "transaction_type": "RESERVE",
      "quantity": 1,
      "is_physical": true,
      "reference_id": "CART_9 | Giữ hàng khi thêm vào giỏ",
      "timestamp": "2026-03-21T04:09:26.337Z",
      "user": [
        "phamquochuy"
      ]
    }
  },
  {
    "model": "MyApp.inventorytransaction",
    "pk": 26,
    "fields": {
      "product": 24,
      "variation": null,
      "transaction_type": "RELEASE",
      "quantity": 1,
      "is_physical": true,
      "reference_id": "CART_9 | Giải phóng 1 khi xóa",
      "timestamp": "2026-03-21T04:10:22.826Z",
      "user": [
        "phamquochuy"
      ]
    }
  },
  {
    "model": "MyApp.inventorytransaction",
    "pk": 27,
    "fields": {
      "product": 23,
      "variation": null,
      "transaction_type": "RESERVE",
      "quantity": 1,
      "is_physical": true,
      "reference_id": "CART_9 | Giữ hàng khi thêm vào giỏ",
      "timestamp": "2026-03-21T07:39:13.064Z",
      "user": [
        "phamquochuy"
      ]
    }
  },
  {
    "model": "MyApp.inventorytransaction",
    "pk": 28,
    "fields": {
      "product": 23,
      "variation": null,
      "transaction_type": "RELEASE",
      "quantity": 1,
      "is_physical": true,
      "reference_id": "CART_9 | Giải phóng 1 khi xóa",
      "timestamp": "2026-03-21T07:39:39.573Z",
      "user": [
        "phamquochuy"
      ]
    }
  },
  {
    "model": "MyApp.inventorytransaction",
    "pk": 29,
    "fields": {
      "product": 23,
      "variation": null,
      "transaction_type": "RESERVE",
      "quantity": 1,
      "is_physical": true,
      "reference_id": "CART_9 | Giữ hàng khi thêm vào giỏ",
      "timestamp": "2026-03-24T18:15:19.357Z",
      "user": [
        "phamquochuy"
      ]
    }
  },
  {
    "model": "MyApp.inventorytransaction",
    "pk": 30,
    "fields": {
      "product": 23,
      "variation": null,
      "transaction_type": "RESERVE",
      "quantity": 1,
      "is_physical": false,
      "reference_id": "ORD-20260324-51695E | Tạm giữ khi xác nhận đơn hàng.",
      "timestamp": "2026-03-24T18:15:47.593Z",
      "user": [
        "phamquochuy"
      ]
    }
  },
  {
    "model": "MyApp.inventorytransaction",
    "pk": 31,
    "fields": {
      "product": 24,
      "variation": null,
      "transaction_type": "RESERVE",
      "quantity": 1,
      "is_physical": true,
      "reference_id": "CART_9 | Giữ hàng khi thêm vào giỏ",
      "timestamp": "2026-03-24T23:24:24.736Z",
      "user": [
        "phamquochuy"
      ]
    }
  },
  {
    "model": "MyApp.inventorytransaction",
    "pk": 32,
    "fields": {
      "product": 24,
      "variation": null,
      "transaction_type": "RELEASE",
      "quantity": 1,
      "is_physical": true,
      "reference_id": "CART_9 | Giải phóng 1 khi xóa",
      "timestamp": "2026-03-24T23:25:29.272Z",
      "user": [
        "phamquochuy"
      ]
    }
  },
  {
    "model": "MyApp.inventorytransaction",
    "pk": 33,
    "fields": {
      "product": 23,
      "variation": null,
      "transaction_type": "RESERVE",
      "quantity": 1,
      "is_physical": true,
      "reference_id": "CART_9 | Giữ hàng khi thêm vào giỏ",
      "timestamp": "2026-03-25T00:26:11.656Z",
      "user": [
        "phamquochuy"
      ]
    }
  },
  {
    "model": "MyApp.inventorytransaction",
    "pk": 34,
    "fields": {
      "product": 23,
      "variation": null,
      "transaction_type": "RESERVE",
      "quantity": 1,
      "is_physical": false,
      "reference_id": "ORD-20260325-E2ED4F | Tạm giữ khi xác nhận đơn hàng.",
      "timestamp": "2026-03-25T00:26:25.503Z",
      "user": [
        "phamquochuy"
      ]
    }
  },
  {
    "model": "MyApp.inventorytransaction",
    "pk": 35,
    "fields": {
      "product": 23,
      "variation": null,
      "transaction_type": "OUT",
      "quantity": -1,
      "is_physical": true,
      "reference_id": "ORD-20260325-E2ED4F | Xuất kho cho đơn hàng ORD-20260325-E2ED4F",
      "timestamp": "2026-03-25T00:27:44.744Z",
      "user": [
        "phamquochuy"
      ]
    }
  },
  {
    "model": "MyApp.inventorytransaction",
    "pk": 36,
    "fields": {
      "product": 23,
      "variation": null,
      "transaction_type": "RELEASE",
      "quantity": -1,
      "is_physical": false,
      "reference_id": "ORD-20260325-E2ED4F | Giải phóng tạm giữ cho đơn hàng ORD-20260325-E2ED4F",
      "timestamp": "2026-03-25T00:27:44.746Z",
      "user": [
        "phamquochuy"
      ]
    }
  },
  {
    "model": "MyApp.inventoryreceipt",
    "pk": 1,
    "fields": {
      "receipt_number": "RCPT-20260313-7511",
      "supplier": "Trà xanh không độ",
      "status": "completed",
      "note": "Hết hàng",
      "created_at": "2026-03-13T16:11:58.676Z",
      "updated_at": "2026-03-13T16:11:58.676Z",
      "user": [
        "phamquochuy"
      ]
    }
  },
  {
    "model": "MyApp.inventoryreceipt",
    "pk": 2,
    "fields": {
      "receipt_number": "RCPT-20260320-7898",
      "supplier": "NXH",
      "status": "completed",
      "note": "Nhập khẩu từ Ali Mountain",
      "created_at": "2026-03-20T15:39:26.892Z",
      "updated_at": "2026-03-20T15:39:26.892Z",
      "user": [
        "phamquochuy"
      ]
    }
  },
  {
    "model": "MyApp.inventoryreceipt",
    "pk": 3,
    "fields": {
      "receipt_number": "RCPT-20260320-6869",
      "supplier": "Nhà hàng",
      "status": "completed",
      "note": "Nhập thêm",
      "created_at": "2026-03-20T16:10:19.727Z",
      "updated_at": "2026-03-20T16:10:19.727Z",
      "user": [
        "phamquochuy"
      ]
    }
  },
  {
    "model": "MyApp.inventoryreceiptitem",
    "pk": 1,
    "fields": {
      "receipt": 1,
      "product": 9,
      "variation": null,
      "quantity": 2147483647,
      "unit_price": "0"
    }
  },
  {
    "model": "MyApp.inventoryreceiptitem",
    "pk": 2,
    "fields": {
      "receipt": 2,
      "product": 22,
      "variation": null,
      "quantity": 26,
      "unit_price": "0"
    }
  },
  {
    "model": "MyApp.inventoryreceiptitem",
    "pk": 3,
    "fields": {
      "receipt": 3,
      "product": 16,
      "variation": null,
      "quantity": 50,
      "unit_price": "0"
    }
  },
  {
    "model": "MyApp.payment",
    "pk": 27,
    "fields": {
      "order": 27,
      "payment_method": "qr_bank",
      "payment_status": "pending",
      "amount": "450000",
      "transaction_id": "",
      "reference_code": "P4GIJZM66P",
      "payment_date": null,
      "notes": "",
      "stock_deducted": false,
      "created_at": "2026-03-10T16:14:30.743Z",
      "updated_at": "2026-03-10T16:14:30.743Z"
    }
  },
  {
    "model": "MyApp.payment",
    "pk": 29,
    "fields": {
      "order": 29,
      "payment_method": "qr_bank",
      "payment_status": "pending_verification",
      "amount": "1000000",
      "transaction_id": "",
      "reference_code": "F2SX3ZOLM1",
      "payment_date": "2026-03-11T00:47:37.924Z",
      "notes": "",
      "stock_deducted": true,
      "created_at": "2026-03-11T00:47:32.398Z",
      "updated_at": "2026-03-11T00:47:37.905Z"
    }
  },
  {
    "model": "MyApp.payment",
    "pk": 30,
    "fields": {
      "order": 30,
      "payment_method": "qr_bank",
      "payment_status": "pending_verification",
      "amount": "350000",
      "transaction_id": "",
      "reference_code": "T942VDE56E",
      "payment_date": "2026-03-11T01:05:11.419Z",
      "notes": "",
      "stock_deducted": true,
      "created_at": "2026-03-11T01:05:05.173Z",
      "updated_at": "2026-03-11T01:05:11.396Z"
    }
  },
  {
    "model": "MyApp.payment",
    "pk": 31,
    "fields": {
      "order": 31,
      "payment_method": "qr_bank",
      "payment_status": "pending_verification",
      "amount": "450000",
      "transaction_id": "",
      "reference_code": "BHM8MVI4NZ",
      "payment_date": "2026-03-11T02:31:59.503Z",
      "notes": "",
      "stock_deducted": true,
      "created_at": "2026-03-11T02:31:54.621Z",
      "updated_at": "2026-03-11T02:31:59.483Z"
    }
  },
  {
    "model": "MyApp.payment",
    "pk": 32,
    "fields": {
      "order": 32,
      "payment_method": "qr_bank",
      "payment_status": "pending_verification",
      "amount": "450000",
      "transaction_id": "",
      "reference_code": "95HRZQ0D18",
      "payment_date": "2026-03-11T02:32:49.793Z",
      "notes": "",
      "stock_deducted": true,
      "created_at": "2026-03-11T02:32:42.906Z",
      "updated_at": "2026-03-11T02:32:49.776Z"
    }
  },
  {
    "model": "MyApp.payment",
    "pk": 33,
    "fields": {
      "order": 33,
      "payment_method": "qr_bank",
      "payment_status": "pending_verification",
      "amount": "320000",
      "transaction_id": "",
      "reference_code": "SB6T0KUV5P",
      "payment_date": "2026-03-11T02:37:11.434Z",
      "notes": "",
      "stock_deducted": true,
      "created_at": "2026-03-11T02:37:04.812Z",
      "updated_at": "2026-03-11T02:37:11.417Z"
    }
  },
  {
    "model": "MyApp.payment",
    "pk": 34,
    "fields": {
      "order": 34,
      "payment_method": "qr_bank",
      "payment_status": "pending_verification",
      "amount": "350000",
      "transaction_id": "",
      "reference_code": "AICDUGJ9WV",
      "payment_date": null,
      "notes": "",
      "stock_deducted": false,
      "created_at": "2026-03-11T02:41:32.076Z",
      "updated_at": "2026-03-11T02:41:34.585Z"
    }
  },
  {
    "model": "MyApp.payment",
    "pk": 35,
    "fields": {
      "order": 35,
      "payment_method": "qr_bank",
      "payment_status": "pending_verification",
      "amount": "580000",
      "transaction_id": "",
      "reference_code": "U5IUDESP7J",
      "payment_date": null,
      "notes": "",
      "stock_deducted": false,
      "created_at": "2026-03-11T02:42:35.837Z",
      "updated_at": "2026-03-11T02:42:38.260Z"
    }
  },
  {
    "model": "MyApp.payment",
    "pk": 36,
    "fields": {
      "order": 36,
      "payment_method": "qr_bank",
      "payment_status": "pending_verification",
      "amount": "280000",
      "transaction_id": "",
      "reference_code": "FBDZFZYQ3J",
      "payment_date": null,
      "notes": "",
      "stock_deducted": false,
      "created_at": "2026-03-11T03:02:41.627Z",
      "updated_at": "2026-03-11T03:02:56.369Z"
    }
  },
  {
    "model": "MyApp.payment",
    "pk": 37,
    "fields": {
      "order": 37,
      "payment_method": "qr_bank",
      "payment_status": "pending_verification",
      "amount": "450000",
      "transaction_id": "",
      "reference_code": "9XS6QYWTDB",
      "payment_date": "2026-03-11T03:04:18.992Z",
      "notes": "",
      "stock_deducted": true,
      "created_at": "2026-03-11T03:03:59.708Z",
      "updated_at": "2026-03-11T03:04:02.138Z"
    }
  },
  {
    "model": "MyApp.payment",
    "pk": 38,
    "fields": {
      "order": 38,
      "payment_method": "qr_bank",
      "payment_status": "pending_verification",
      "amount": "252000",
      "transaction_id": "",
      "reference_code": "4E1QL38CK8",
      "payment_date": null,
      "notes": "",
      "stock_deducted": false,
      "created_at": "2026-03-12T01:25:28.035Z",
      "updated_at": "2026-03-12T01:26:16.796Z"
    }
  },
  {
    "model": "MyApp.payment",
    "pk": 39,
    "fields": {
      "order": 39,
      "payment_method": "qr_bank",
      "payment_status": "pending_verification",
      "amount": "280000",
      "transaction_id": "",
      "reference_code": "E1DCX6F0EC",
      "payment_date": null,
      "notes": "",
      "stock_deducted": false,
      "created_at": "2026-03-12T01:58:03.271Z",
      "updated_at": "2026-03-12T01:58:12.964Z"
    }
  },
  {
    "model": "MyApp.payment",
    "pk": 40,
    "fields": {
      "order": 41,
      "payment_method": "qr_bank",
      "payment_status": "completed",
      "amount": "850000",
      "transaction_id": "",
      "reference_code": "4AH86KY4V0",
      "payment_date": "2026-03-13T14:42:50.675Z",
      "notes": "",
      "stock_deducted": false,
      "created_at": "2026-03-13T14:34:40.919Z",
      "updated_at": "2026-03-13T14:42:50.675Z"
    }
  },
  {
    "model": "MyApp.payment",
    "pk": 41,
    "fields": {
      "order": 42,
      "payment_method": "qr_bank",
      "payment_status": "completed",
      "amount": "290000",
      "transaction_id": "",
      "reference_code": "DWTIHQ6ZSN",
      "payment_date": "2026-03-13T16:03:15.075Z",
      "notes": "",
      "stock_deducted": false,
      "created_at": "2026-03-13T16:02:12.952Z",
      "updated_at": "2026-03-13T16:03:15.075Z"
    }
  },
  {
    "model": "MyApp.payment",
    "pk": 42,
    "fields": {
      "order": 43,
      "payment_method": "qr_bank",
      "payment_status": "pending",
      "amount": "280000",
      "transaction_id": "",
      "reference_code": "NAKNOCIMHD",
      "payment_date": null,
      "notes": "",
      "stock_deducted": false,
      "created_at": "2026-03-13T16:20:00.300Z",
      "updated_at": "2026-03-13T16:20:00.301Z"
    }
  },
  {
    "model": "MyApp.payment",
    "pk": 43,
    "fields": {
      "order": 44,
      "payment_method": "qr_bank",
      "payment_status": "pending_verification",
      "amount": "280000",
      "transaction_id": "",
      "reference_code": "RWEATBMVCY",
      "payment_date": null,
      "notes": "",
      "stock_deducted": false,
      "created_at": "2026-03-13T16:20:32.615Z",
      "updated_at": "2026-03-13T16:20:45.080Z"
    }
  },
  {
    "model": "MyApp.payment",
    "pk": 44,
    "fields": {
      "order": 45,
      "payment_method": "qr_bank",
      "payment_status": "completed",
      "amount": "1",
      "transaction_id": "",
      "reference_code": "VY6L5JZI0H",
      "payment_date": "2026-03-13T17:01:57.856Z",
      "notes": "",
      "stock_deducted": false,
      "created_at": "2026-03-13T17:01:09.058Z",
      "updated_at": "2026-03-13T17:01:57.856Z"
    }
  },
  {
    "model": "MyApp.payment",
    "pk": 45,
    "fields": {
      "order": 46,
      "payment_method": "qr_bank",
      "payment_status": "completed",
      "amount": "75000",
      "transaction_id": "",
      "reference_code": "UZW05HGMY1",
      "payment_date": "2026-03-13T17:28:23.095Z",
      "notes": "",
      "stock_deducted": false,
      "created_at": "2026-03-13T17:27:42.836Z",
      "updated_at": "2026-03-13T17:28:23.095Z"
    }
  },
  {
    "model": "MyApp.payment",
    "pk": 46,
    "fields": {
      "order": 47,
      "payment_method": "qr_bank",
      "payment_status": "completed",
      "amount": "85000",
      "transaction_id": "",
      "reference_code": "PCQCW5NVJD",
      "payment_date": "2026-03-13T17:32:10.082Z",
      "notes": "",
      "stock_deducted": false,
      "created_at": "2026-03-13T17:31:50.674Z",
      "updated_at": "2026-03-13T17:32:10.082Z"
    }
  },
  {
    "model": "MyApp.payment",
    "pk": 47,
    "fields": {
      "order": 48,
      "payment_method": "qr_bank",
      "payment_status": "completed",
      "amount": "280000",
      "transaction_id": "",
      "reference_code": "C9VH51641U",
      "payment_date": "2026-03-13T17:40:25.566Z",
      "notes": "",
      "stock_deducted": false,
      "created_at": "2026-03-13T17:39:45.319Z",
      "updated_at": "2026-03-13T17:40:25.567Z"
    }
  },
  {
    "model": "MyApp.payment",
    "pk": 48,
    "fields": {
      "order": 49,
      "payment_method": "qr_bank",
      "payment_status": "completed",
      "amount": "280000",
      "transaction_id": "",
      "reference_code": "8I0MRZZTSL",
      "payment_date": "2026-03-14T03:36:16.983Z",
      "notes": "",
      "stock_deducted": false,
      "created_at": "2026-03-14T03:34:47.839Z",
      "updated_at": "2026-03-14T03:36:16.984Z"
    }
  },
  {
    "model": "MyApp.payment",
    "pk": 49,
    "fields": {
      "order": 50,
      "payment_method": "cod",
      "payment_status": "cod_pending",
      "amount": "280000",
      "transaction_id": "",
      "reference_code": "DT6T8WNLL2",
      "payment_date": null,
      "notes": "",
      "stock_deducted": false,
      "created_at": "2026-03-20T15:02:24.977Z",
      "updated_at": "2026-03-20T15:02:24.977Z"
    }
  },
  {
    "model": "MyApp.payment",
    "pk": 50,
    "fields": {
      "order": 51,
      "payment_method": "qr_bank",
      "payment_status": "pending",
      "amount": "280000",
      "transaction_id": "",
      "reference_code": "W8D6Q8RGCC",
      "payment_date": null,
      "notes": "",
      "stock_deducted": false,
      "created_at": "2026-03-24T18:15:47.615Z",
      "updated_at": "2026-03-24T18:15:47.615Z"
    }
  },
  {
    "model": "MyApp.payment",
    "pk": 51,
    "fields": {
      "order": 52,
      "payment_method": "qr_bank",
      "payment_status": "completed",
      "amount": "280000",
      "transaction_id": "",
      "reference_code": "167X2ITCQE",
      "payment_date": "2026-03-25T00:27:37.855Z",
      "notes": "",
      "stock_deducted": false,
      "created_at": "2026-03-25T00:26:25.526Z",
      "updated_at": "2026-03-25T00:27:37.856Z"
    }
  },
  {
    "model": "MyApp.invoice",
    "pk": 1,
    "fields": {
      "order": 39,
      "invoice_number": "INV-20260313-9414BA",
      "pdf_file": "",
      "issue_date": "2026-03-13",
      "due_date": null,
      "status": "issued",
      "total_amount": "280000",
      "tax_amount": "0",
      "customer_name": "CD24CLC",
      "customer_address": "123 Nguyễn Huệ, Phường Đồng Xuân, Quận Hoàn Kiếm, Thành phố Hà Nội",
      "customer_tax_code": "",
      "generated_at": "2026-03-13T13:32:01.109Z",
      "sent_at": null
    }
  },
  {
    "model": "MyApp.invoice",
    "pk": 2,
    "fields": {
      "order": 41,
      "invoice_number": "INV-20260313-B93A19",
      "pdf_file": "",
      "issue_date": "2026-03-13",
      "due_date": null,
      "status": "issued",
      "total_amount": "850000",
      "tax_amount": "0",
      "customer_name": "Phạm Quốc Huy",
      "customer_address": "155/6, Đường Phú Thọ Hòa, Phường Phú Thọ Hòa, Quận Tân Phú, Thành phố Hồ Chí Minh",
      "customer_tax_code": "",
      "generated_at": "2026-03-13T14:42:50.666Z",
      "sent_at": null
    }
  },
  {
    "model": "MyApp.invoice",
    "pk": 3,
    "fields": {
      "order": 42,
      "invoice_number": "INV-20260313-7325BD",
      "pdf_file": "",
      "issue_date": "2026-03-13",
      "due_date": null,
      "status": "paid",
      "total_amount": "290000",
      "tax_amount": "0",
      "customer_name": "Phạm Quốc Huy",
      "customer_address": "1231243123, Phường Đáp Cầu, Thành phố Bắc Ninh, Tỉnh Bắc Ninh",
      "customer_tax_code": "",
      "generated_at": "2026-03-13T16:03:15.068Z",
      "sent_at": null
    }
  },
  {
    "model": "MyApp.invoice",
    "pk": 4,
    "fields": {
      "order": 45,
      "invoice_number": "INV-20260313-A93091",
      "pdf_file": "",
      "issue_date": "2026-03-13",
      "due_date": null,
      "status": "issued",
      "total_amount": "1",
      "tax_amount": "0",
      "customer_name": "Nguyễn Minh Đức",
      "customer_address": "123 Phú Thọ Hòa, Phường Phú Thọ Hòa, Quận Tân Phú, Thành phố Hồ Chí Minh",
      "customer_tax_code": "",
      "generated_at": "2026-03-13T17:01:57.849Z",
      "sent_at": null
    }
  },
  {
    "model": "MyApp.invoice",
    "pk": 5,
    "fields": {
      "order": 46,
      "invoice_number": "INV-20260313-4B1BCA",
      "pdf_file": "",
      "issue_date": "2026-03-13",
      "due_date": null,
      "status": "issued",
      "total_amount": "75000",
      "tax_amount": "0",
      "customer_name": "Nguyễn Minh Đức",
      "customer_address": "123 Phú Thọ Hòa, Phường Phú Thọ Hòa, Quận Tân Phú, Thành phố Hồ Chí Minh",
      "customer_tax_code": "",
      "generated_at": "2026-03-13T17:28:23.088Z",
      "sent_at": null
    }
  },
  {
    "model": "MyApp.invoice",
    "pk": 6,
    "fields": {
      "order": 47,
      "invoice_number": "INV-20260313-2CD58A",
      "pdf_file": "",
      "issue_date": "2026-03-13",
      "due_date": null,
      "status": "issued",
      "total_amount": "85000",
      "tax_amount": "0",
      "customer_name": "Phạm Quốc Huy",
      "customer_address": "1231243123, Phường Đáp Cầu, Thành phố Bắc Ninh, Tỉnh Bắc Ninh",
      "customer_tax_code": "",
      "generated_at": "2026-03-13T17:32:06.692Z",
      "sent_at": null
    }
  },
  {
    "model": "MyApp.invoice",
    "pk": 7,
    "fields": {
      "order": 48,
      "invoice_number": "INV-20260313-D6DA33",
      "pdf_file": "",
      "issue_date": "2026-03-13",
      "due_date": null,
      "status": "paid",
      "total_amount": "280000",
      "tax_amount": "0",
      "customer_name": "Nguyễn Minh Đức",
      "customer_address": "123 Phú Thọ Hòa, Phường Phú Thọ Hòa, Quận Tân Phú, Thành phố Hồ Chí Minh",
      "customer_tax_code": "",
      "generated_at": "2026-03-13T17:40:18.889Z",
      "sent_at": null
    }
  },
  {
    "model": "MyApp.invoice",
    "pk": 8,
    "fields": {
      "order": 49,
      "invoice_number": "INV-20260314-B4340A",
      "pdf_file": "",
      "issue_date": "2026-03-14",
      "due_date": null,
      "status": "issued",
      "total_amount": "280000",
      "tax_amount": "0",
      "customer_name": "Phạm Quốc Huy",
      "customer_address": "1231243123, Xã Tả Lèng, Huyện Tam Đường, Tỉnh Lai Châu",
      "customer_tax_code": "",
      "generated_at": "2026-03-14T03:36:16.971Z",
      "sent_at": null
    }
  },
  {
    "model": "MyApp.invoice",
    "pk": 9,
    "fields": {
      "order": 51,
      "invoice_number": "INV-20260324-721D9A",
      "pdf_file": "",
      "issue_date": "2026-03-24",
      "due_date": null,
      "status": "issued",
      "total_amount": "280000",
      "tax_amount": "0",
      "customer_name": "Phạm Quốc Huy",
      "customer_address": "1231243123, Xã Tả Lèng, Huyện Tam Đường, Tỉnh Lai Châu",
      "customer_tax_code": "",
      "generated_at": "2026-03-24T18:15:47.600Z",
      "sent_at": null
    }
  },
  {
    "model": "MyApp.invoice",
    "pk": 10,
    "fields": {
      "order": 52,
      "invoice_number": "INV-20260325-73A398",
      "pdf_file": "",
      "issue_date": "2026-03-25",
      "due_date": null,
      "status": "issued",
      "total_amount": "280000",
      "tax_amount": "0",
      "customer_name": "Phạm Quốc Huy",
      "customer_address": "1231243123, Xã Tả Lèng, Huyện Tam Đường, Tỉnh Lai Châu",
      "customer_tax_code": "",
      "generated_at": "2026-03-25T00:26:25.510Z",
      "sent_at": null
    }
  },
  {
    "model": "MyApp.invoiceitem",
    "pk": 1,
    "fields": {
      "invoice": 1,
      "product_title": "Bộ Chén Trà Gốm Bát Tràng",
      "quantity": 1,
      "unit_price": "280000",
      "amount": "280000",
      "description": ""
    }
  },
  {
    "model": "MyApp.invoiceitem",
    "pk": 2,
    "fields": {
      "invoice": 2,
      "product_title": "Ấm Tử Sa Nghi Hưng",
      "quantity": 1,
      "unit_price": "850000",
      "amount": "850000",
      "description": ""
    }
  },
  {
    "model": "MyApp.invoiceitem",
    "pk": 3,
    "fields": {
      "invoice": 3,
      "product_title": "Chasen - Chổi Tre Đánh Matcha",
      "quantity": 1,
      "unit_price": "195000",
      "amount": "195000",
      "description": ""
    }
  },
  {
    "model": "MyApp.invoiceitem",
    "pk": 4,
    "fields": {
      "invoice": 3,
      "product_title": "Trà Hoa Cúc Mật Ong",
      "quantity": 1,
      "unit_price": "95000",
      "amount": "95000",
      "description": ""
    }
  },
  {
    "model": "MyApp.invoiceitem",
    "pk": 5,
    "fields": {
      "invoice": 4,
      "product_title": "Trà xanh không độ",
      "quantity": 1,
      "unit_price": "1",
      "amount": "1",
      "description": ""
    }
  },
  {
    "model": "MyApp.invoiceitem",
    "pk": 6,
    "fields": {
      "invoice": 5,
      "product_title": "Trà Atiso Đà Lạt",
      "quantity": 1,
      "unit_price": "75000",
      "amount": "75000",
      "description": ""
    }
  },
  {
    "model": "MyApp.invoiceitem",
    "pk": 7,
    "fields": {
      "invoice": 6,
      "product_title": "Trà Gừng Nghệ",
      "quantity": 1,
      "unit_price": "85000",
      "amount": "85000",
      "description": ""
    }
  },
  {
    "model": "MyApp.invoiceitem",
    "pk": 8,
    "fields": {
      "invoice": 7,
      "product_title": "Bộ Chén Trà Gốm Bát Tràng",
      "quantity": 1,
      "unit_price": "280000",
      "amount": "280000",
      "description": ""
    }
  },
  {
    "model": "MyApp.invoiceitem",
    "pk": 9,
    "fields": {
      "invoice": 8,
      "product_title": "Bộ Chén Trà Gốm Bát Tràng",
      "quantity": 1,
      "unit_price": "280000",
      "amount": "280000",
      "description": ""
    }
  },
  {
    "model": "MyApp.invoiceitem",
    "pk": 10,
    "fields": {
      "invoice": 9,
      "product_title": "Bộ Chén Trà Gốm Bát Tràng",
      "quantity": 1,
      "unit_price": "280000",
      "amount": "280000",
      "description": ""
    }
  },
  {
    "model": "MyApp.invoiceitem",
    "pk": 11,
    "fields": {
      "invoice": 10,
      "product_title": "Bộ Chén Trà Gốm Bát Tràng",
      "quantity": 1,
      "unit_price": "280000",
      "amount": "280000",
      "description": ""
    }
  },
  {
    "model": "MyApp.review",
    "pk": 2,
    "fields": {
      "product": 7,
      "user": [
        "phamquochuy"
      ],
      "rating": 1,
      "title": "Trà",
      "content": "Dở tệ",
      "helpful_votes": 1,
      "created_at": "2026-03-10T14:59:17.698Z",
      "updated_at": "2026-03-11T06:29:46.791Z"
    }
  },
  {
    "model": "MyApp.review",
    "pk": 3,
    "fields": {
      "product": 4,
      "user": [
        "phamquochuy"
      ],
      "rating": 5,
      "title": "Trà ngon",
      "content": "Trà ngon",
      "helpful_votes": 0,
      "created_at": "2026-03-11T02:52:27.071Z",
      "updated_at": "2026-03-11T02:52:27.071Z"
    }
  },
  {
    "model": "MyApp.review",
    "pk": 4,
    "fields": {
      "product": 23,
      "user": [
        "phamquochuy"
      ],
      "rating": 5,
      "title": "Thưởng trà",
      "content": "Trà ngon",
      "helpful_votes": 6,
      "created_at": "2026-03-13T15:01:45.918Z",
      "updated_at": "2026-03-13T15:01:45.919Z"
    }
  },
  {
    "model": "MyApp.review",
    "pk": 5,
    "fields": {
      "product": 23,
      "user": [
        "nguyenminhduc2246"
      ],
      "rating": 4,
      "title": "Sản phẩm",
      "content": "Sản phẩm oke",
      "helpful_votes": 26,
      "created_at": "2026-03-13T16:18:14.370Z",
      "updated_at": "2026-03-13T17:38:35.281Z"
    }
  },
  {
    "model": "MyApp.comment",
    "pk": 1,
    "fields": {
      "product": 7,
      "user": [
        "phamquochuy"
      ],
      "parent": null,
      "content": "Giá cả hợp lý",
      "created_at": "2026-03-10T14:59:28.225Z",
      "updated_at": "2026-03-11T06:33:20.457Z"
    }
  },
  {
    "model": "MyApp.comment",
    "pk": 49,
    "fields": {
      "product": 23,
      "user": [
        "phamquochuy"
      ],
      "parent": null,
      "content": "Thưởng thức trà",
      "created_at": "2026-03-13T15:02:13.383Z",
      "updated_at": "2026-03-13T15:02:13.383Z"
    }
  },
  {
    "model": "MyApp.comment",
    "pk": 50,
    "fields": {
      "product": 23,
      "user": [
        "phamquochuy"
      ],
      "parent": 49,
      "content": "@phamquochuy Cảm nhận của bạn là gì?",
      "created_at": "2026-03-13T15:02:26.943Z",
      "updated_at": "2026-03-13T15:02:26.943Z"
    }
  },
  {
    "model": "MyApp.comment",
    "pk": 51,
    "fields": {
      "product": 23,
      "user": [
        "nguyenminhduc2246"
      ],
      "parent": 49,
      "content": "@phamquochuy Trà ngon",
      "created_at": "2026-03-13T16:17:49.519Z",
      "updated_at": "2026-03-13T16:17:49.519Z"
    }
  },
  {
    "model": "MyApp.comment",
    "pk": 52,
    "fields": {
      "product": 23,
      "user": [
        "nguyenminhduc2246"
      ],
      "parent": null,
      "content": "Sản phẩm chất lượng tốt, đúng giá tiền!!",
      "created_at": "2026-03-13T17:39:09.451Z",
      "updated_at": "2026-03-13T17:39:09.451Z"
    }
  },
  {
    "model": "MyApp.comment",
    "pk": 53,
    "fields": {
      "product": 23,
      "user": [
        "nguyenminhduc2246"
      ],
      "parent": 52,
      "content": "@nguyenminhduc2246 oke",
      "created_at": "2026-03-13T17:39:18.709Z",
      "updated_at": "2026-03-13T17:39:18.709Z"
    }
  },
  {
    "model": "MyApp.commentmedia",
    "pk": 2,
    "fields": {
      "comment": 49,
      "file": "comments/media/tải_xuống_46.jpg",
      "file_type": "image",
      "created_at": "2026-03-13T15:02:13.392Z"
    }
  },
  {
    "model": "MyApp.commentmedia",
    "pk": 3,
    "fields": {
      "comment": 52,
      "file": "comments/media/Presenting_the_Osulloc_Tea_House_at_Our_Seoul_Arts_Complex___Pace_Gallery.jpg",
      "file_type": "image",
      "created_at": "2026-03-13T17:39:09.459Z"
    }
  },
  {
    "model": "MyApp.commentinteraction",
    "pk": 2,
    "fields": {
      "comment": 1,
      "user": [
        "phamquochuy"
      ],
      "is_like": true,
      "created_at": "2026-03-11T06:39:51.878Z"
    }
  },
  {
    "model": "MyApp.commentinteraction",
    "pk": 11,
    "fields": {
      "comment": 49,
      "user": [
        "nguyenminhduc2246"
      ],
      "is_like": true,
      "created_at": "2026-03-13T16:17:48.202Z"
    }
  },
  {
    "model": "MyApp.commentinteraction",
    "pk": 12,
    "fields": {
      "comment": 50,
      "user": [
        "nguyenminhduc2246"
      ],
      "is_like": true,
      "created_at": "2026-03-13T16:17:55.775Z"
    }
  },
  {
    "model": "MyApp.commentinteraction",
    "pk": 15,
    "fields": {
      "comment": 52,
      "user": [
        "nguyenminhduc2246"
      ],
      "is_like": true,
      "created_at": "2026-03-13T17:39:13.694Z"
    }
  },
  {
    "model": "MyApp.aichatsession",
    "pk": 8,
    "fields": {
      "user": [
        "phamquochuy"
      ],
      "session_key": null,
      "created_at": "2026-03-11T19:43:30.537Z"
    }
  },
  {
    "model": "MyApp.aichatsession",
    "pk": 9,
    "fields": {
      "user": [
        "cd24clc"
      ],
      "session_key": null,
      "created_at": "2026-03-12T11:55:12.060Z"
    }
  },
  {
    "model": "MyApp.aichatsession",
    "pk": 10,
    "fields": {
      "user": null,
      "session_key": "hft6j7hrn50vsyymkhzug67t9fka2o74",
      "created_at": "2026-03-14T01:49:09.877Z"
    }
  },
  {
    "model": "MyApp.aichatsession",
    "pk": 11,
    "fields": {
      "user": [
        "pham_quoc_huy"
      ],
      "session_key": null,
      "created_at": "2026-03-24T18:14:34.575Z"
    }
  },
  {
    "model": "MyApp.aichatsession",
    "pk": 12,
    "fields": {
      "user": null,
      "session_key": "1hsl2cz12dn5q26dgtlcgs5afk1fat9i",
      "created_at": "2026-03-25T01:08:53.504Z"
    }
  },
  {
    "model": "MyApp.aichatmessage",
    "pk": 43,
    "fields": {
      "session": 8,
      "sender": "user",
      "content": "loại trà nào rẻ nhất",
      "created_at": "2026-03-11T19:43:38.059Z"
    }
  },
  {
    "model": "MyApp.aichatmessage",
    "pk": 44,
    "fields": {
      "session": 8,
      "sender": "ai",
      "content": "Chào quý khách,\n\nNếu quý khách đang tìm kiếm một loại trà có giá thành phải chăng nhất, TeaZen xin giới thiệu Trà Atiso Đà Lạt. Với mức giá 75.000 VNĐ, đây là lựa chọn tuyệt vời để thanh lọc cơ thể và mang lại cảm giác mát lành.",
      "created_at": "2026-03-11T19:43:43.627Z"
    }
  },
  {
    "model": "MyApp.aichatmessage",
    "pk": 45,
    "fields": {
      "session": 8,
      "sender": "user",
      "content": "chào bạn",
      "created_at": "2026-03-11T20:25:33.017Z"
    }
  },
  {
    "model": "MyApp.aichatmessage",
    "pk": 46,
    "fields": {
      "session": 8,
      "sender": "ai",
      "content": "Chào quý khách,\n\nTeaZen rất vui được đón tiếp quý khách. Quý khách đang tìm kiếm loại trà nào hay có điều gì muốn tìm hiểu về thế giới trà đạo tinh tế của chúng tôi không ạ?",
      "created_at": "2026-03-11T20:25:35.222Z"
    }
  },
  {
    "model": "MyApp.aichatmessage",
    "pk": 47,
    "fields": {
      "session": 9,
      "sender": "user",
      "content": "Loại trà nào rẻ nhất?",
      "created_at": "2026-03-12T11:55:18.705Z"
    }
  },
  {
    "model": "MyApp.aichatmessage",
    "pk": 48,
    "fields": {
      "session": 9,
      "sender": "ai",
      "content": "Chào quý khách,\n\nTrong số các loại trà hiện có tại TeaZen, Trà Atiso Đà Lạt là sản phẩm có giá thành phải chăng nhất, chỉ 75,000 VNĐ. Đây là một lựa chọn tuyệt vời để thanh lọc cơ thể và giải nhiệt, mang đến sự tươi mát từ cao nguyên Đà Lạt.",
      "created_at": "2026-03-12T11:55:24.945Z"
    }
  },
  {
    "model": "MyApp.aichatmessage",
    "pk": 49,
    "fields": {
      "session": 9,
      "sender": "user",
      "content": "Các loại trà có mức giá tầm trung tốt nhất",
      "created_at": "2026-03-12T11:55:46.867Z"
    }
  },
  {
    "model": "MyApp.aichatmessage",
    "pk": 50,
    "fields": {
      "session": 9,
      "sender": "ai",
      "content": "Chào quý khách,\n\nĐể tìm kiếm những loại trà có mức giá tầm trung mà vẫn đảm bảo chất lượng tuyệt hảo, TeaZen xin gợi ý một vài lựa chọn tinh tế sau đây, mỗi loại mang một sắc thái và hương vị riêng biệt, chắc chắn sẽ làm hài lòng quý vị:\n\n1.  **Trà Thái Nguyên Đặc Sản (ID 4)**: Với mức giá 280,000 VNĐ, đây là loại trà xanh hảo hạng từ vùng đất Thái Nguyên danh tiếng, được tuyển chọn từ những búp non một tôm hai lá. Trà mang hương cốm non đặc trưng, vị chát nhẹ ban đầu và hậu vị ngọt sâu lắng, rất phù hợp cho những ai yêu thích hương vị trà xanh truyền thống Việt Nam.\n\n2.  **Trà Đen Assam TGFOP (ID 14)**: Với giá 250,000 VNĐ, đây là một lựa chọn tuyệt vời cho những ai ưa chuộng trà đen mạnh mẽ. Dòng trà Assam hạng Tippy Golden Flowery Orange Pekoe này có hương thơm nồng, vị đậm đà và màu nước đỏ hổ phách quyến rũ, lý tưởng để thưởng thức vào buổi sáng hoặc kết hợp cùng sữa.\n\n3.  **Trà Ô Long Đà Lạt (ID 15)**: Với giá 220,000 VNĐ, loại trà Ô Long từ cao nguyên Đà Lạt này mang đến sự thanh nhẹ, tinh tế với hương hoa lan thoảng nhẹ. Đây là một lựa chọn lý tưởng để thư giãn, giúp tinh thần sảng khoái và thanh tịnh.\n\n4.  **Trà Hoa Nhài Premium (ID 5)**: Với giá 320,000 VNĐ, trà được ướp hương hoa nhài tự nhiên đến 7 lần, mang đến hương thơm ngát, quyến rũ và vị trà thanh thoát, nhẹ nhàng. Rất thích hợp để thưởng thức vào buổi tối, giúp an thần và thư thái.\n\nNhững loại trà này không chỉ có mức giá phải chăng mà còn được tuyển chọn kỹ lưỡng, đảm bảo chất lượng và hương vị đặc sắc, xứng đáng để quý khách trải nghiệm.",
      "created_at": "2026-03-12T11:55:58.041Z"
    }
  },
  {
    "model": "MyApp.aichatmessage",
    "pk": 51,
    "fields": {
      "session": 8,
      "sender": "user",
      "content": "Loại trà nào ngon nhất?",
      "created_at": "2026-03-13T13:19:21.972Z"
    }
  },
  {
    "model": "MyApp.aichatmessage",
    "pk": 52,
    "fields": {
      "session": 8,
      "sender": "user",
      "content": "loại trà nào ngon nhất?",
      "created_at": "2026-03-13T13:19:34.995Z"
    }
  },
  {
    "model": "MyApp.aichatmessage",
    "pk": 53,
    "fields": {
      "session": 8,
      "sender": "user",
      "content": "loại trà nào ngon nhất?",
      "created_at": "2026-03-13T13:19:45.898Z"
    }
  },
  {
    "model": "MyApp.aichatmessage",
    "pk": 54,
    "fields": {
      "session": 8,
      "sender": "user",
      "content": "loại trà nào ngon nhất?",
      "created_at": "2026-03-13T13:25:02.764Z"
    }
  },
  {
    "model": "MyApp.aichatmessage",
    "pk": 55,
    "fields": {
      "session": 8,
      "sender": "ai",
      "content": "Chào quý khách,\n\nThật khó để khẳng định loại trà nào là \"ngon nhất\" bởi lẽ hương vị trà là một hành trình khám phá rất riêng của mỗi người, phụ thuộc vào khẩu vị và sở thích cá nhân. Tuy nhiên, tại TeaZen, chúng tôi có những loại trà được giới sành trà đánh giá rất cao về độ tinh túy, hương thơm và hậu vị đặc sắc.\n\nNếu quý khách yêu thích sự phức tạp, đa tầng hương vị, chúng tôi xin gợi ý:\n\n*   **Đông Phương Mỹ Nhân (ID: 17)**: Một loại ô long lên men nặng với hương mật ong và trái cây chín quyến rũ, mang đến trải nghiệm thưởng trà đầy mê hoặc.\n*   **Trà Phổ Nhĩ Chín 10 Năm (ID: 6)**: Với quá trình lên men tự nhiên kéo dài, loại trà này sở hữu vị đậm đà, sâu lắng và hậu vị kéo dài, rất được lòng những ai tìm kiếm sự trưởng thành trong hương vị.\n*   **Trà Ô Long Thượng Hạng (ID: 3)**: Với quy trình bán lên men tinh tế, loại trà này mang đến hương hoa quả thanh tao, vị trà mượt mà, êm dịu.\n\nMỗi loại trà đều có một câu chuyện và nét đặc trưng riêng. Quý khách có thể chia sẻ thêm về sở thích của mình (ví dụ: quý khách thích trà có vị đậm, thanh, hay có hương hoa, hương trái cây?) để TeaZen có thể tư vấn chính xác hơn.",
      "created_at": "2026-03-13T13:25:11.687Z"
    }
  },
  {
    "model": "MyApp.aichatmessage",
    "pk": 56,
    "fields": {
      "session": 8,
      "sender": "user",
      "content": "Loại trà nào có mức giá tầm trung tốt nhất?",
      "created_at": "2026-03-13T16:07:03.115Z"
    }
  },
  {
    "model": "MyApp.aichatmessage",
    "pk": 57,
    "fields": {
      "session": 8,
      "sender": "ai",
      "content": "Chào quý khách,\n\nĐể tìm kiếm loại trà có mức giá tầm trung mà vẫn đảm bảo chất lượng và hương vị tuyệt hảo, TeaZen xin gợi ý một vài lựa chọn được giới sành trà đánh giá cao trong phân khúc này, thường dao động từ khoảng 200.000 VNĐ đến 350.000 VNĐ:\n\n*   **Trà Ô Long Đà Lạt (ID: 15)**: Với mức giá 220.000 VNĐ, đây là một lựa chọn tuyệt vời cho những ai yêu thích sự thanh nhẹ, tinh tế. Trà có hương hoa lan thoảng dịu, vị trà mượt mà, rất dễ chịu khi thưởng thức.\n*   **Trà Thái Nguyên Đặc Sản (ID: 4)**: Ở mức giá 280.000 VNĐ, loại trà xanh này được tuyển chọn từ những búp non một tôm hai lá, mang đến hương cốm non đặc trưng và vị chát dịu, hậu ngọt sâu lắng, thể hiện rõ nét tinh hoa của trà Thái Nguyên.\n*   **Trà Hoa Nhài Premium (ID: 5)**: Nếu quý khách ưa chuộng hương thơm quyến rũ, loại trà này với giá 320.000 VNĐ sẽ làm hài lòng. Trà được ướp hương hoa nhài tự nhiên đến 7 lần, tạo nên một hương thơm nồng nàn, tinh khiết và vị trà thanh thoát.\n*   **Thiết Quan Âm (ID: 16)**: Với giá 350.000 VNĐ, đây là một trong những loại ô long nổi tiếng nhất, mang đến hương hoa đậm đà đặc trưng và vị trà thanh khiết, hậu vị kéo dài. Đây là một lựa chọn rất đáng giá trong phân khúc tầm trung.\n\nMỗi loại trà đều mang một nét độc đáo riêng. Quý khách có thể chia sẻ thêm về sở thích hương vị của mình (ví dụ: thích trà xanh, trà đen, trà ô long, hay trà có hương hoa?) để TeaZen có thể tư vấn phù hợp nhất ạ.",
      "created_at": "2026-03-13T16:07:14.948Z"
    }
  },
  {
    "model": "MyApp.aichatmessage",
    "pk": 58,
    "fields": {
      "session": 10,
      "sender": "user",
      "content": "xin chào",
      "created_at": "2026-03-14T01:49:14.149Z"
    }
  },
  {
    "model": "MyApp.aichatmessage",
    "pk": 59,
    "fields": {
      "session": 10,
      "sender": "ai",
      "content": "Chào mừng quý khách đến với TeaZen!\n\nTeaZen rất hân hạnh được đón tiếp. Quý khách đang tìm kiếm điều gì đặc biệt trong thế giới trà đạo thanh tao của chúng tôi? Xin đừng ngần ngại chia sẻ, TeaZen luôn sẵn lòng lắng nghe và tư vấn để quý khách có được trải nghiệm ưng ý nhất.",
      "created_at": "2026-03-14T01:49:19.002Z"
    }
  },
  {
    "model": "MyApp.aichatmessage",
    "pk": 60,
    "fields": {
      "session": 8,
      "sender": "user",
      "content": "Sản phẩm có mức giá rẻ nhất",
      "created_at": "2026-03-14T03:42:45.202Z"
    }
  },
  {
    "model": "MyApp.aichatmessage",
    "pk": 61,
    "fields": {
      "session": 8,
      "sender": "ai",
      "content": "Chào quý khách,\n\nTại TeaZen, sản phẩm có mức giá mềm nhất hiện tại là **Trà xanh không độ (ID: 9)** với giá chỉ **1 VNĐ**. Tuy nhiên, đây là một sản phẩm đặc biệt.\n\nNếu quý khách đang tìm kiếm những loại trà chất lượng với mức giá phải chăng để thưởng thức hàng ngày, chúng tôi có một số gợi ý khác rất được ưa chuộng:\n\n*   **Trà Atiso Đà Lạt (ID: 19)**: Chỉ 75.000 VNĐ, loại trà này rất tốt cho sức khỏe, giúp mát gan, thanh lọc cơ thể.\n*   **Trà Gừng Nghệ (ID: 20)**: Với giá 85.000 VNĐ, đây là lựa chọn tuyệt vời để làm ấm bụng, tăng cường đề kháng.\n*   **Trà Hoa Cúc Mật Ong (ID: 18)**: Giá 95.000 VNĐ, mang đến hương vị thanh mát, dễ chịu, giúp an thần.\n*   **Trà Hoa Hồng (ID: 21)**: Với 110.000 VNĐ, loại trà này không chỉ thơm ngát mà còn có công dụng làm đẹp da và giúp thư giãn.\n\nQuý khách có thể cho TeaZen biết thêm về sở thích của mình không, ví dụ như quý khách muốn trà có công dụng gì hay hương vị như thế nào để chúng tôi có thể tư vấn phù hợp nhất ạ?",
      "created_at": "2026-03-14T03:42:51.371Z"
    }
  },
  {
    "model": "MyApp.aichatmessage",
    "pk": 62,
    "fields": {
      "session": 8,
      "sender": "user",
      "content": "xin chào",
      "created_at": "2026-03-24T15:42:31.615Z"
    }
  },
  {
    "model": "MyApp.aichatmessage",
    "pk": 63,
    "fields": {
      "session": 8,
      "sender": "ai",
      "content": "Xin thứ lỗi, hiện tại tôi đang gặp chút vấn đề kỹ thuật. Quý khách vui lòng thử lại sau giây lát nhé.",
      "created_at": "2026-03-24T15:42:33.827Z"
    }
  },
  {
    "model": "MyApp.aichatmessage",
    "pk": 64,
    "fields": {
      "session": 11,
      "sender": "user",
      "content": "hiii",
      "created_at": "2026-03-24T18:14:37.294Z"
    }
  },
  {
    "model": "MyApp.aichatmessage",
    "pk": 65,
    "fields": {
      "session": 11,
      "sender": "ai",
      "content": "Xin thứ lỗi, hiện tại tôi đang gặp chút vấn đề kỹ thuật. Quý khách vui lòng thử lại sau giây lát nhé.",
      "created_at": "2026-03-24T18:14:39.522Z"
    }
  },
  {
    "model": "MyApp.aichatmessage",
    "pk": 66,
    "fields": {
      "session": 8,
      "sender": "user",
      "content": "Bạn có thể làm gì",
      "created_at": "2026-03-24T23:26:11.457Z"
    }
  },
  {
    "model": "MyApp.aichatmessage",
    "pk": 67,
    "fields": {
      "session": 8,
      "sender": "ai",
      "content": "Xin thứ lỗi, hiện tại tôi đang gặp chút vấn đề kỹ thuật. Quý khách vui lòng thử lại sau giây lát nhé.",
      "created_at": "2026-03-24T23:26:13.766Z"
    }
  },
  {
    "model": "MyApp.aichatmessage",
    "pk": 68,
    "fields": {
      "session": 8,
      "sender": "user",
      "content": "chào bạn",
      "created_at": "2026-03-24T23:58:05.985Z"
    }
  },
  {
    "model": "MyApp.aichatmessage",
    "pk": 69,
    "fields": {
      "session": 8,
      "sender": "ai",
      "content": "Xin thứ lỗi, hiện tại tôi đang gặp chút vấn đề kỹ thuật. Quý khách vui lòng thử lại sau giây lát nhé.",
      "created_at": "2026-03-24T23:58:09.407Z"
    }
  },
  {
    "model": "MyApp.aichatmessage",
    "pk": 70,
    "fields": {
      "session": 12,
      "sender": "user",
      "content": "chào bạn",
      "created_at": "2026-03-25T01:08:58.477Z"
    }
  },
  {
    "model": "MyApp.aichatmessage",
    "pk": 71,
    "fields": {
      "session": 12,
      "sender": "ai",
      "content": "Xin thứ lỗi, hiện tại tôi đang gặp chút vấn đề kỹ thuật. Quý khách vui lòng thử lại sau giây lát nhé.\n\n[DEBUG] Chi tiết lỗi: {\"error\": {\"code\": 400, \"message\": \"API key expired. Please renew the API key.\", \"status\": \"INVALID_ARGUMENT\", \"details\": [{\"@type\": \"type.googleapis.com/google.rpc.ErrorInfo\", \"reason\": \"API_KEY_INVALID\", \"domain\": \"googleapis.com\", \"metadata\": {\"service\": \"generativelanguage.googleapis.com\"}}, {\"@type\": \"type.googleapis.com/google.rpc.LocalizedMessage\", \"locale\": \"en-US\", \"message\": \"API key expired. Please renew the API key.\"}]}}",
      "created_at": "2026-03-25T01:09:00.574Z"
    }
  },
  {
    "model": "MyApp.aichatmessage",
    "pk": 72,
    "fields": {
      "session": 12,
      "sender": "user",
      "content": "chào bạn",
      "created_at": "2026-03-25T01:11:03.225Z"
    }
  },
  {
    "model": "MyApp.aichatmessage",
    "pk": 73,
    "fields": {
      "session": 12,
      "sender": "ai",
      "content": "Xin thứ lỗi, hiện tại tôi đang gặp chút vấn đề kỹ thuật. Quý khách vui lòng thử lại sau giây lát nhé.\n\n[DEBUG] Chi tiết lỗi: {\"error\": {\"code\": 400, \"message\": \"API key expired. Please renew the API key.\", \"status\": \"INVALID_ARGUMENT\", \"details\": [{\"@type\": \"type.googleapis.com/google.rpc.ErrorInfo\", \"reason\": \"API_KEY_INVALID\", \"domain\": \"googleapis.com\", \"metadata\": {\"service\": \"generativelanguage.googleapis.com\"}}, {\"@type\": \"type.googleapis.com/google.rpc.LocalizedMessage\", \"locale\": \"en-US\", \"message\": \"API key expired. Please renew the API key.\"}]}}",
      "created_at": "2026-03-25T01:11:05.339Z"
    }
  },
  {
    "model": "MyApp.aichatmessage",
    "pk": 74,
    "fields": {
      "session": 12,
      "sender": "user",
      "content": "chào bạn",
      "created_at": "2026-03-25T01:16:43.723Z"
    }
  },
  {
    "model": "MyApp.aichatmessage",
    "pk": 75,
    "fields": {
      "session": 12,
      "sender": "ai",
      "content": "Xin thứ lỗi, hiện tại tôi đang gặp chút vấn đề kỹ thuật. Quý khách vui lòng thử lại sau giây lát nhé.\n\n[DEBUG] Chi tiết lỗi: {\"error\": {\"code\": 400, \"message\": \"API key expired. Please renew the API key.\", \"status\": \"INVALID_ARGUMENT\", \"details\": [{\"@type\": \"type.googleapis.com/google.rpc.ErrorInfo\", \"reason\": \"API_KEY_INVALID\", \"domain\": \"googleapis.com\", \"metadata\": {\"service\": \"generativelanguage.googleapis.com\"}}, {\"@type\": \"type.googleapis.com/google.rpc.LocalizedMessage\", \"locale\": \"en-US\", \"message\": \"API key expired. Please renew the API key.\"}]}}",
      "created_at": "2026-03-25T01:16:45.662Z"
    }
  },
  {
    "model": "MyApp.aichatmessage",
    "pk": 76,
    "fields": {
      "session": 12,
      "sender": "user",
      "content": "hi",
      "created_at": "2026-03-25T01:19:51.778Z"
    }
  },
  {
    "model": "MyApp.aichatmessage",
    "pk": 77,
    "fields": {
      "session": 12,
      "sender": "ai",
      "content": "Xin thứ lỗi, hiện tại tôi đang gặp chút vấn đề kỹ thuật. Quý khách vui lòng thử lại sau giây lát nhé.\n\n[DEBUG] Chi tiết lỗi: {\"error\": {\"code\": 400, \"message\": \"API key expired. Please renew the API key.\", \"status\": \"INVALID_ARGUMENT\", \"details\": [{\"@type\": \"type.googleapis.com/google.rpc.ErrorInfo\", \"reason\": \"API_KEY_INVALID\", \"domain\": \"googleapis.com\", \"metadata\": {\"service\": \"generativelanguage.googleapis.com\"}}, {\"@type\": \"type.googleapis.com/google.rpc.LocalizedMessage\", \"locale\": \"en-US\", \"message\": \"API key expired. Please renew the API key.\"}]}}",
      "created_at": "2026-03-25T01:19:53.974Z"
    }
  },
  {
    "model": "MyApp.aichatmessage",
    "pk": 78,
    "fields": {
      "session": 12,
      "sender": "user",
      "content": "xin chào",
      "created_at": "2026-03-25T01:28:24.447Z"
    }
  },
  {
    "model": "MyApp.aichatmessage",
    "pk": 79,
    "fields": {
      "session": 12,
      "sender": "ai",
      "content": "Xin thứ lỗi, hiện tại tôi đang gặp chút vấn đề kỹ thuật. Quý khách vui lòng thử lại sau giây lát nhé.\n\n[DEBUG] Chi tiết lỗi: {\"error\": {\"message\": \"This request requires more credits, or fewer max_tokens. You requested up to 2048 tokens, but can only afford 909. To increase, visit https://openrouter.ai/settings/credits and upgrade to a paid account\", \"code\": 402, \"metadata\": {\"provider_name\": null}}, \"user_id\": \"user_38NK14C4J9TacgYR3sQ4gldpXqa\"}",
      "created_at": "2026-03-25T01:28:27.655Z"
    }
  },
  {
    "model": "MyApp.aichatmessage",
    "pk": 80,
    "fields": {
      "session": 12,
      "sender": "user",
      "content": "chào bạn",
      "created_at": "2026-03-25T01:30:06.703Z"
    }
  },
  {
    "model": "MyApp.aichatmessage",
    "pk": 81,
    "fields": {
      "session": 12,
      "sender": "ai",
      "content": "Xin chào quý khách! 🌿\n\nRất hân hạnh được chào đón quý khách tại **TeaZen**. Tôi có thể giúp gì cho quý khách hôm nay ạ?\n\nDù là tìm hiểu về các loại trà cao cấp hay lựa chọn ấm chén nghệ thuật để thưởng trà, xin cứ tự nhiên chia sẻ ạ.",
      "created_at": "2026-03-25T01:30:13.040Z"
    }
  },
  {
    "model": "MyApp.aichatmessage",
    "pk": 82,
    "fields": {
      "session": 12,
      "sender": "user",
      "content": "loại trà nào rẻ nhất?",
      "created_at": "2026-03-25T01:30:23.770Z"
    }
  },
  {
    "model": "MyApp.aichatmessage",
    "pk": 83,
    "fields": {
      "session": 12,
      "sender": "ai",
      "content": "Trong các sản phẩm trà hiện có tại TeaZen, **Trà Atiso Đà Lạt** là loại trà có giá hợp lý nhất với **75,000 VNĐ**.\n\nĐây là trà atiso mát gan, thanh lọc cơ thể, được thu hoạch từ vùng Đà Lạt mát mẻ – rất phù hợp cho những ai yêu thích vị trà thanh nhẹ, dễ uống mỗi ngày ạ.\n\nNgoài ra, quý khách cũng có thể tham khảo thêm:\n\n- **Trà Gừng Nghệ** – 85,000 VNĐ (ấm bụng, tăng đề kháng)\n- **Trà Hoa Cúc Mật Ong** – 95,000 VNĐ (thanh mát, dễ uống)\n- **Trà Hoa Hồng** – 110,000 VNĐ (làm đẹp da, an thần nhẹ)\n\nQuý khách quan tâm đến loại trà nào ạ? 🌸",
      "created_at": "2026-03-25T01:30:44.490Z"
    }
  },
  {
    "model": "MyApp.aichatmessage",
    "pk": 84,
    "fields": {
      "session": 12,
      "sender": "user",
      "content": "loại trà nào rẻ nhất?",
      "created_at": "2026-03-25T01:36:11.117Z"
    }
  },
  {
    "model": "MyApp.aichatmessage",
    "pk": 85,
    "fields": {
      "session": 12,
      "sender": "ai",
      "content": "Dạ theo như danh sách sản phẩm hiện có, **Trà Atiso Đà Lạt** với giá **75,000 VNĐ** là loại trà có mức giá phải chăng nhất ạ.\n\nĐây là trà atiso thuần khiết từ Đà Lạt, mát gan và thanh lọc rất tốt cho sức khỏe.\n\nQuý khách có muốn tìm hiểu thêm về sản phẩm này không ạ? 🌿",
      "created_at": "2026-03-25T01:36:34.308Z"
    }
  },
  {
    "model": "MyApp.conversation",
    "pk": 1,
    "fields": {
      "created_at": "2026-03-07T13:35:47.884Z",
      "updated_at": "2026-03-07T14:27:16.697Z",
      "participants": []
    }
  },
  {
    "model": "MyApp.conversation",
    "pk": 2,
    "fields": {
      "created_at": "2026-03-11T02:58:10.682Z",
      "updated_at": "2026-03-11T02:59:16.338Z",
      "participants": [
        [
          "phamquochuy"
        ]
      ]
    }
  },
  {
    "model": "MyApp.message",
    "pk": 6,
    "fields": {
      "conversation": 2,
      "sender": [
        "phamquochuy"
      ],
      "content": "chào bạn",
      "is_read": false,
      "created_at": "2026-03-11T02:59:16.331Z"
    }
  },
  {
    "model": "MyApp.notification",
    "pk": 8,
    "fields": {
      "user": [
        "phamquochuy"
      ],
      "actor": null,
      "notification_type": "review",
      "title": "Đánh giá mới cho Trà Matcha Nhật Bản",
      "message": "phamquochuy rated 5★",
      "link": "/product/tra-matcha-nhat-ban/",
      "is_read": true,
      "read_at": null,
      "created_at": "2026-03-10T14:59:17.714Z"
    }
  },
  {
    "model": "MyApp.notification",
    "pk": 9,
    "fields": {
      "user": [
        "phamquochuy"
      ],
      "actor": null,
      "notification_type": "order",
      "title": "Đã nhận yêu cầu xác nhận đơn hàng ORD-20260311-4C9F79",
      "message": "Chúng tôi sẽ kiểm tra giao dịch và xác nhận trong vòng 1–24h.",
      "link": "/order/ORD-20260311-4C9F79/",
      "is_read": true,
      "read_at": null,
      "created_at": "2026-03-11T00:47:37.928Z"
    }
  },
  {
    "model": "MyApp.notification",
    "pk": 10,
    "fields": {
      "user": [
        "phamquochuy"
      ],
      "actor": null,
      "notification_type": "order",
      "title": "Đã nhận yêu cầu xác nhận đơn hàng ORD-20260311-86FE19",
      "message": "Chúng tôi sẽ kiểm tra giao dịch và xác nhận trong vòng 1–24h.",
      "link": "/order/ORD-20260311-86FE19/",
      "is_read": true,
      "read_at": null,
      "created_at": "2026-03-11T01:05:11.424Z"
    }
  },
  {
    "model": "MyApp.notification",
    "pk": 11,
    "fields": {
      "user": [
        "phamquochuy"
      ],
      "actor": null,
      "notification_type": "order",
      "title": "Đã nhận yêu cầu xác nhận đơn hàng ORD-20260311-5F3CF2",
      "message": "Chúng tôi sẽ kiểm tra giao dịch và xác nhận trong vòng 1–24h.",
      "link": "/order/ORD-20260311-5F3CF2/",
      "is_read": true,
      "read_at": null,
      "created_at": "2026-03-11T02:31:59.508Z"
    }
  },
  {
    "model": "MyApp.notification",
    "pk": 12,
    "fields": {
      "user": [
        "phamquochuy"
      ],
      "actor": null,
      "notification_type": "order",
      "title": "Đã nhận yêu cầu xác nhận đơn hàng ORD-20260311-213FFE",
      "message": "Chúng tôi sẽ kiểm tra giao dịch và xác nhận trong vòng 1–24h.",
      "link": "/order/ORD-20260311-213FFE/",
      "is_read": true,
      "read_at": null,
      "created_at": "2026-03-11T02:32:49.796Z"
    }
  },
  {
    "model": "MyApp.notification",
    "pk": 13,
    "fields": {
      "user": [
        "phamquochuy"
      ],
      "actor": null,
      "notification_type": "order",
      "title": "Đơn hàng ORD-20260311-213FFE đã cập nhật",
      "message": "Trạng thái đơn hàng của bạn đã chuyển sang: Chờ xác nhận",
      "link": "/order/ORD-20260311-213FFE/",
      "is_read": true,
      "read_at": null,
      "created_at": "2026-03-11T02:36:18.815Z"
    }
  },
  {
    "model": "MyApp.notification",
    "pk": 14,
    "fields": {
      "user": [
        "phamquochuy"
      ],
      "actor": null,
      "notification_type": "order",
      "title": "Đã nhận yêu cầu xác nhận đơn hàng ORD-20260311-39CFAE",
      "message": "Chúng tôi sẽ kiểm tra giao dịch và xác nhận trong vòng 1–24h.",
      "link": "/order/ORD-20260311-39CFAE/",
      "is_read": true,
      "read_at": null,
      "created_at": "2026-03-11T02:37:11.437Z"
    }
  },
  {
    "model": "MyApp.notification",
    "pk": 15,
    "fields": {
      "user": [
        "phamquochuy"
      ],
      "actor": null,
      "notification_type": "order",
      "title": "Đã nhận yêu cầu xác nhận đơn hàng ORD-20260311-2758E6",
      "message": "Chúng tôi sẽ kiểm tra giao dịch và xác nhận trong vòng 1–24h.",
      "link": "/order/ORD-20260311-2758E6/",
      "is_read": true,
      "read_at": null,
      "created_at": "2026-03-11T02:41:34.594Z"
    }
  },
  {
    "model": "MyApp.notification",
    "pk": 16,
    "fields": {
      "user": [
        "phamquochuy"
      ],
      "actor": null,
      "notification_type": "order",
      "title": "Đã nhận yêu cầu xác nhận đơn hàng ORD-20260311-6CE3F5",
      "message": "Chúng tôi sẽ kiểm tra giao dịch và xác nhận trong vòng 1–24h.",
      "link": "/order/ORD-20260311-6CE3F5/",
      "is_read": true,
      "read_at": null,
      "created_at": "2026-03-11T02:42:38.265Z"
    }
  },
  {
    "model": "MyApp.notification",
    "pk": 17,
    "fields": {
      "user": [
        "phamquochuy"
      ],
      "actor": null,
      "notification_type": "order",
      "title": "Đơn hàng ORD-20260311-6CE3F5 đã cập nhật",
      "message": "Trạng thái đơn hàng của bạn đã chuyển sang: Thành công",
      "link": "/order/ORD-20260311-6CE3F5/",
      "is_read": true,
      "read_at": null,
      "created_at": "2026-03-11T02:43:06.807Z"
    }
  },
  {
    "model": "MyApp.notification",
    "pk": 20,
    "fields": {
      "user": [
        "phamquochuy"
      ],
      "actor": null,
      "notification_type": "review",
      "title": "Đánh giá mới cho Trà Thái Nguyên Đặc Sản",
      "message": "phamquochuy rated 5★",
      "link": "/product/tra-thai-nguyen-dac-san/",
      "is_read": true,
      "read_at": null,
      "created_at": "2026-03-11T02:52:27.095Z"
    }
  },
  {
    "model": "MyApp.notification",
    "pk": 21,
    "fields": {
      "user": [
        "phamquochuy"
      ],
      "actor": null,
      "notification_type": "message",
      "title": "Tin nhắn mới từ test",
      "message": "Xin chào!",
      "link": "/messages/2/",
      "is_read": true,
      "read_at": null,
      "created_at": "2026-03-11T02:58:17.410Z"
    }
  },
  {
    "model": "MyApp.notification",
    "pk": 22,
    "fields": {
      "user": [
        "phamquochuy"
      ],
      "actor": null,
      "notification_type": "message",
      "title": "Tin nhắn mới từ test",
      "message": "ấdfasdf",
      "link": "/messages/2/",
      "is_read": true,
      "read_at": null,
      "created_at": "2026-03-11T02:58:46.692Z"
    }
  },
  {
    "model": "MyApp.notification",
    "pk": 24,
    "fields": {
      "user": [
        "phamquochuy"
      ],
      "actor": null,
      "notification_type": "order",
      "title": "Đã nhận yêu cầu xác nhận đơn hàng ORD-20260311-6489B2",
      "message": "Chúng tôi sẽ kiểm tra giao dịch và xác nhận trong vòng 1–24h.",
      "link": "/order/ORD-20260311-6489B2/",
      "is_read": true,
      "read_at": null,
      "created_at": "2026-03-11T03:02:56.375Z"
    }
  },
  {
    "model": "MyApp.notification",
    "pk": 25,
    "fields": {
      "user": [
        "phamquochuy"
      ],
      "actor": null,
      "notification_type": "order",
      "title": "Đã nhận yêu cầu xác nhận đơn hàng ORD-20260311-5C9545",
      "message": "Chúng tôi sẽ kiểm tra giao dịch và xác nhận trong vòng 1–24h.",
      "link": "/order/ORD-20260311-5C9545/",
      "is_read": true,
      "read_at": null,
      "created_at": "2026-03-11T03:04:02.147Z"
    }
  },
  {
    "model": "MyApp.notification",
    "pk": 26,
    "fields": {
      "user": [
        "phamquochuy"
      ],
      "actor": null,
      "notification_type": "order",
      "title": "Đơn hàng ORD-20260311-5C9545 đã cập nhật",
      "message": "Trạng thái đơn hàng của bạn đã chuyển sang: Đang đóng gói",
      "link": "/order/ORD-20260311-5C9545/",
      "is_read": true,
      "read_at": null,
      "created_at": "2026-03-11T03:04:18.995Z"
    }
  },
  {
    "model": "MyApp.notification",
    "pk": 27,
    "fields": {
      "user": [
        "phamquochuy"
      ],
      "actor": null,
      "notification_type": "order",
      "title": "Đơn hàng ORD-20260311-5C9545 đã cập nhật",
      "message": "Trạng thái đơn hàng của bạn đã chuyển sang: Thành công",
      "link": "/order/ORD-20260311-5C9545/",
      "is_read": true,
      "read_at": null,
      "created_at": "2026-03-11T03:05:01.433Z"
    }
  },
  {
    "model": "MyApp.notification",
    "pk": 28,
    "fields": {
      "user": [
        "phamquochuy"
      ],
      "actor": null,
      "notification_type": "reply",
      "title": "quochuy đã trả lời bình luận",
      "message": "Trả lời bình luận tại sản phẩm Trà Matcha Nhật Bản",
      "link": "/product/tra-matcha-nhat-ban/#comment-46",
      "is_read": true,
      "read_at": null,
      "created_at": "2026-03-11T08:28:05.732Z"
    }
  },
  {
    "model": "MyApp.notification",
    "pk": 29,
    "fields": {
      "user": [
        "phamquochuy"
      ],
      "actor": null,
      "notification_type": "reply",
      "title": "quochuy đã trả lời bình luận",
      "message": "Trả lời bình luận tại sản phẩm Trà Matcha Nhật Bản",
      "link": "/product/tra-matcha-nhat-ban/#comment-48",
      "is_read": true,
      "read_at": null,
      "created_at": "2026-03-11T08:31:53.224Z"
    }
  },
  {
    "model": "MyApp.notification",
    "pk": 32,
    "fields": {
      "user": [
        "phamquochuy"
      ],
      "actor": null,
      "notification_type": "system",
      "title": "🎧 Yêu cầu hỗ trợ mới #1 · Khác",
      "message": "Phạm Quốc Huy: tên của tôi là gì",
      "link": "/manage/support/1/",
      "is_read": true,
      "read_at": "2026-03-11T20:26:00.472Z",
      "created_at": "2026-03-11T20:25:53.233Z"
    }
  },
  {
    "model": "MyApp.notification",
    "pk": 35,
    "fields": {
      "user": [
        "phamquochuy"
      ],
      "actor": null,
      "notification_type": "message",
      "title": "Nhân viên hỗ trợ đã phản hồi · Ticket #1",
      "message": "xin chào",
      "link": "/support-chat/",
      "is_read": true,
      "read_at": "2026-03-11T20:47:09.239Z",
      "created_at": "2026-03-11T20:44:15.848Z"
    }
  },
  {
    "model": "MyApp.notification",
    "pk": 38,
    "fields": {
      "user": [
        "phamquochuy"
      ],
      "actor": null,
      "notification_type": "system",
      "title": "🎧 Yêu cầu hỗ trợ mới #2 · Khác",
      "message": "Phạm Quốc Huy: chào bạn tôi đang có vấn đề",
      "link": "/manage/support/2/",
      "is_read": true,
      "read_at": "2026-03-11T20:56:56.681Z",
      "created_at": "2026-03-11T20:56:46.849Z"
    }
  },
  {
    "model": "MyApp.notification",
    "pk": 41,
    "fields": {
      "user": [
        "phamquochuy"
      ],
      "actor": null,
      "notification_type": "message",
      "title": "Nhân viên hỗ trợ đã phản hồi · Ticket #2",
      "message": "Bạn cần hỗ trợ gì?",
      "link": "/support-chat/",
      "is_read": true,
      "read_at": "2026-03-11T20:57:09.124Z",
      "created_at": "2026-03-11T20:57:05.070Z"
    }
  },
  {
    "model": "MyApp.notification",
    "pk": 42,
    "fields": {
      "user": [
        "phamquochuy"
      ],
      "actor": null,
      "notification_type": "message",
      "title": "Tin nhắn mới · Ticket #2",
      "message": "Sản phẩm nào đắt hàng nhất",
      "link": "/manage/support/2/",
      "is_read": true,
      "read_at": "2026-03-11T20:58:18.085Z",
      "created_at": "2026-03-11T20:57:28.583Z"
    }
  },
  {
    "model": "MyApp.notification",
    "pk": 43,
    "fields": {
      "user": [
        "phamquochuy"
      ],
      "actor": null,
      "notification_type": "message",
      "title": "Nhân viên hỗ trợ đã phản hồi · Ticket #2",
      "message": "Trà",
      "link": "/support-chat/",
      "is_read": true,
      "read_at": "2026-03-11T21:00:27.611Z",
      "created_at": "2026-03-11T20:59:58.559Z"
    }
  },
  {
    "model": "MyApp.notification",
    "pk": 44,
    "fields": {
      "user": [
        "phamquochuy"
      ],
      "actor": null,
      "notification_type": "order",
      "title": "Đã nhận yêu cầu xác nhận đơn hàng ORD-20260312-241B28",
      "message": "Chúng tôi sẽ kiểm tra giao dịch và xác nhận trong vòng 1–24h.",
      "link": "/order/ORD-20260312-241B28/",
      "is_read": true,
      "read_at": "2026-03-13T07:33:16.636Z",
      "created_at": "2026-03-12T01:26:16.801Z"
    }
  },
  {
    "model": "MyApp.notification",
    "pk": 45,
    "fields": {
      "user": [
        "cd24clc"
      ],
      "actor": null,
      "notification_type": "order",
      "title": "Đã nhận yêu cầu xác nhận đơn hàng ORD-20260312-4116BA",
      "message": "Chúng tôi sẽ kiểm tra giao dịch và xác nhận trong vòng 1–24h.",
      "link": "/order/ORD-20260312-4116BA/",
      "is_read": true,
      "read_at": "2026-03-12T01:58:49.648Z",
      "created_at": "2026-03-12T01:58:12.970Z"
    }
  },
  {
    "model": "MyApp.notification",
    "pk": 46,
    "fields": {
      "user": [
        "phamquochuy"
      ],
      "actor": null,
      "notification_type": "order",
      "title": "Đã nhận yêu cầu xác nhận đơn hàng ORD-20260313-52E719",
      "message": "Chúng tôi sẽ kiểm tra giao dịch và xác nhận trong vòng 1–24h.",
      "link": "/order/ORD-20260313-52E719/",
      "is_read": true,
      "read_at": "2026-03-13T14:42:20.714Z",
      "created_at": "2026-03-13T14:42:15.103Z"
    }
  },
  {
    "model": "MyApp.notification",
    "pk": 47,
    "fields": {
      "user": [
        "phamquochuy"
      ],
      "actor": null,
      "notification_type": "review",
      "title": "Đánh giá mới cho Bộ Chén Trà Gốm Bát Tràng",
      "message": "phamquochuy rated 5★",
      "link": "/product/bo-chen-tra-gom-bat-trang/",
      "is_read": true,
      "read_at": "2026-03-13T15:02:46.800Z",
      "created_at": "2026-03-13T15:01:45.930Z"
    }
  },
  {
    "model": "MyApp.notification",
    "pk": 48,
    "fields": {
      "user": [
        "phamquochuy"
      ],
      "actor": null,
      "notification_type": "system",
      "title": "🎧 Yêu cầu hỗ trợ mới #3 · Thanh toán",
      "message": "Phạm Quốc Huy: xin chào bạn",
      "link": "/manage/support/3/",
      "is_read": true,
      "read_at": "2026-03-13T15:18:01.411Z",
      "created_at": "2026-03-13T15:17:57.119Z"
    }
  },
  {
    "model": "MyApp.notification",
    "pk": 49,
    "fields": {
      "user": [
        "phamquochuy"
      ],
      "actor": null,
      "notification_type": "order",
      "title": "Đã nhận yêu cầu xác nhận đơn hàng ORD-20260313-FE1EA9",
      "message": "Chúng tôi sẽ kiểm tra giao dịch và xác nhận trong vòng 1–24h.",
      "link": "/order/ORD-20260313-FE1EA9/",
      "is_read": true,
      "read_at": "2026-03-13T16:02:34.528Z",
      "created_at": "2026-03-13T16:02:29.206Z"
    }
  },
  {
    "model": "MyApp.notification",
    "pk": 50,
    "fields": {
      "user": [
        "phamquochuy"
      ],
      "actor": null,
      "notification_type": "reply",
      "title": "nguyenminhduc2246 đã trả lời bình luận",
      "message": "Trả lời bình luận tại sản phẩm Bộ Chén Trà Gốm Bát Tràng",
      "link": "/product/bo-chen-tra-gom-bat-trang/#comment-51",
      "is_read": true,
      "read_at": "2026-03-13T16:25:00.916Z",
      "created_at": "2026-03-13T16:17:49.527Z"
    }
  },
  {
    "model": "MyApp.notification",
    "pk": 51,
    "fields": {
      "user": [
        "phamquochuy"
      ],
      "actor": null,
      "notification_type": "review",
      "title": "Đánh giá mới cho Bộ Chén Trà Gốm Bát Tràng",
      "message": "nguyenminhduc2246 rated 4★",
      "link": "/product/bo-chen-tra-gom-bat-trang/",
      "is_read": true,
      "read_at": "2026-03-13T16:24:04.334Z",
      "created_at": "2026-03-13T16:18:14.377Z"
    }
  },
  {
    "model": "MyApp.notification",
    "pk": 52,
    "fields": {
      "user": [
        "nguyenminhduc2246"
      ],
      "actor": null,
      "notification_type": "order",
      "title": "Đã nhận yêu cầu xác nhận đơn hàng ORD-20260313-65B4CC",
      "message": "Chúng tôi sẽ kiểm tra giao dịch và xác nhận trong vòng 1–24h.",
      "link": "/order/ORD-20260313-65B4CC/",
      "is_read": true,
      "read_at": "2026-03-13T17:00:04.941Z",
      "created_at": "2026-03-13T16:20:45.090Z"
    }
  },
  {
    "model": "MyApp.notification",
    "pk": 53,
    "fields": {
      "user": [
        "phamquochuy"
      ],
      "actor": null,
      "notification_type": "order",
      "title": "Đơn hàng mới ORD-20260313-50390D",
      "message": "nguyenminhduc2246 đã đặt 1 sản phẩm.",
      "link": "/manage/orders/ORD-20260313-50390D/manage/",
      "is_read": true,
      "read_at": "2026-03-13T17:01:54.515Z",
      "created_at": "2026-03-13T17:01:09.055Z"
    }
  },
  {
    "model": "MyApp.notification",
    "pk": 54,
    "fields": {
      "user": [
        "nguyenminhduc2246"
      ],
      "actor": null,
      "notification_type": "order",
      "title": "Đã nhận yêu cầu xác nhận đơn hàng ORD-20260313-50390D",
      "message": "Chúng tôi sẽ kiểm tra giao dịch và xác nhận trong vòng 1–24h.",
      "link": "/order/ORD-20260313-50390D/",
      "is_read": true,
      "read_at": "2026-03-13T17:01:27.426Z",
      "created_at": "2026-03-13T17:01:20.423Z"
    }
  },
  {
    "model": "MyApp.notification",
    "pk": 55,
    "fields": {
      "user": [
        "nguyenminhduc2246"
      ],
      "actor": [
        "nguyenminhduc2246"
      ],
      "notification_type": "order",
      "title": "Cập nhật đơn hàng ORD-20260313-50390D",
      "message": "Đơn hàng của bạn đã chuyển sang trạng thái: Yêu cầu trả hàng. Khách gửi yêu cầu đổi/trả.",
      "link": "/order/ORD-20260313-50390D/",
      "is_read": true,
      "read_at": "2026-03-13T17:18:49.810Z",
      "created_at": "2026-03-13T17:18:43.899Z"
    }
  },
  {
    "model": "MyApp.notification",
    "pk": 56,
    "fields": {
      "user": [
        "nguyenminhduc2246"
      ],
      "actor": [
        "phamquochuy"
      ],
      "notification_type": "order",
      "title": "Cập nhật đơn hàng ORD-20260313-50390D",
      "message": "Đơn hàng của bạn đã chuyển sang trạng thái: Đã duyệt trả hàng. Duyệt yêu cầu đổi/trả.",
      "link": "/order/ORD-20260313-50390D/",
      "is_read": true,
      "read_at": "2026-03-13T17:27:26.091Z",
      "created_at": "2026-03-13T17:19:43.285Z"
    }
  },
  {
    "model": "MyApp.notification",
    "pk": 57,
    "fields": {
      "user": [
        "nguyenminhduc2246"
      ],
      "actor": null,
      "notification_type": "order",
      "title": "Yêu cầu hoàn trả đã được chấp nhận",
      "message": "Yêu cầu hỗ trợ cho đơn hàng ORD-20260313-50390D đã được duyệt. Vui lòng gửi hàng về cho chúng tôi.",
      "link": "/order/ORD-20260313-50390D/",
      "is_read": true,
      "read_at": "2026-03-13T17:27:26.091Z",
      "created_at": "2026-03-13T17:19:43.287Z"
    }
  },
  {
    "model": "MyApp.notification",
    "pk": 58,
    "fields": {
      "user": [
        "nguyenminhduc2246"
      ],
      "actor": [
        "phamquochuy"
      ],
      "notification_type": "order",
      "title": "Cập nhật đơn hàng ORD-20260313-50390D",
      "message": "Đơn hàng của bạn đã chuyển sang trạng thái: Đã hoàn tiền. Hoàn tiền/huỷ sau thanh toán.",
      "link": "/order/ORD-20260313-50390D/",
      "is_read": true,
      "read_at": "2026-03-13T17:27:26.091Z",
      "created_at": "2026-03-13T17:21:12.630Z"
    }
  },
  {
    "model": "MyApp.notification",
    "pk": 59,
    "fields": {
      "user": [
        "nguyenminhduc2246"
      ],
      "actor": null,
      "notification_type": "order",
      "title": "Hoàn tất xử lý đổi trả",
      "message": "Yêu cầu hỗ trợ cho đơn hàng ORD-20260313-50390D đã được hoàn tất xử lý.",
      "link": "/order/ORD-20260313-50390D/",
      "is_read": true,
      "read_at": "2026-03-13T17:27:26.091Z",
      "created_at": "2026-03-13T17:21:12.644Z"
    }
  },
  {
    "model": "MyApp.notification",
    "pk": 60,
    "fields": {
      "user": [
        "nguyenminhduc2246"
      ],
      "actor": [
        "nguyenminhduc2246"
      ],
      "notification_type": "order",
      "title": "Cập nhật đơn hàng ORD-20260313-FF2BBF",
      "message": "Đơn hàng của bạn đã chuyển sang trạng thái: Chờ xác nhận. Tạo đơn hàng.",
      "link": "/order/ORD-20260313-FF2BBF/",
      "is_read": true,
      "read_at": "2026-03-13T17:27:57.193Z",
      "created_at": "2026-03-13T17:27:42.826Z"
    }
  },
  {
    "model": "MyApp.notification",
    "pk": 61,
    "fields": {
      "user": [
        "phamquochuy"
      ],
      "actor": null,
      "notification_type": "order",
      "title": "Đơn hàng mới ORD-20260313-FF2BBF",
      "message": "nguyenminhduc2246 đã đặt 1 sản phẩm.",
      "link": "/manage/orders/ORD-20260313-FF2BBF/manage/",
      "is_read": true,
      "read_at": "2026-03-13T17:28:21.057Z",
      "created_at": "2026-03-13T17:27:42.832Z"
    }
  },
  {
    "model": "MyApp.notification",
    "pk": 62,
    "fields": {
      "user": [
        "nguyenminhduc2246"
      ],
      "actor": null,
      "notification_type": "order",
      "title": "Đã nhận yêu cầu xác nhận đơn hàng ORD-20260313-FF2BBF",
      "message": "Chúng tôi sẽ kiểm tra giao dịch và xác nhận trong vòng 1–24h.",
      "link": "/order/ORD-20260313-FF2BBF/",
      "is_read": true,
      "read_at": "2026-03-13T17:27:57.193Z",
      "created_at": "2026-03-13T17:27:51.356Z"
    }
  },
  {
    "model": "MyApp.notification",
    "pk": 63,
    "fields": {
      "user": [
        "nguyenminhduc2246"
      ],
      "actor": [
        "phamquochuy"
      ],
      "notification_type": "order",
      "title": "Cập nhật đơn hàng ORD-20260313-FF2BBF",
      "message": "Đơn hàng của bạn đã chuyển sang trạng thái: Đã xác nhận (Đã giữ hàng). Xác nhận đơn hàng và giữ kho.",
      "link": "/order/ORD-20260313-FF2BBF/",
      "is_read": true,
      "read_at": "2026-03-13T17:29:21.032Z",
      "created_at": "2026-03-13T17:28:23.085Z"
    }
  },
  {
    "model": "MyApp.notification",
    "pk": 64,
    "fields": {
      "user": [
        "nguyenminhduc2246"
      ],
      "actor": [
        "phamquochuy"
      ],
      "notification_type": "order",
      "title": "Cập nhật đơn hàng ORD-20260313-FF2BBF",
      "message": "Đơn hàng của bạn đã chuyển sang trạng thái: Đang đóng gói. Cập nhật thủ công.",
      "link": "/order/ORD-20260313-FF2BBF/",
      "is_read": true,
      "read_at": "2026-03-13T17:29:21.032Z",
      "created_at": "2026-03-13T17:28:24.591Z"
    }
  },
  {
    "model": "MyApp.notification",
    "pk": 65,
    "fields": {
      "user": [
        "nguyenminhduc2246"
      ],
      "actor": [
        "phamquochuy"
      ],
      "notification_type": "order",
      "title": "Cập nhật đơn hàng ORD-20260313-FF2BBF",
      "message": "Đơn hàng của bạn đã chuyển sang trạng thái: Đang giao. Cập nhật thủ công.",
      "link": "/order/ORD-20260313-FF2BBF/",
      "is_read": true,
      "read_at": "2026-03-13T17:29:21.032Z",
      "created_at": "2026-03-13T17:28:25.719Z"
    }
  },
  {
    "model": "MyApp.notification",
    "pk": 66,
    "fields": {
      "user": [
        "nguyenminhduc2246"
      ],
      "actor": [
        "phamquochuy"
      ],
      "notification_type": "order",
      "title": "Cập nhật đơn hàng ORD-20260313-FF2BBF",
      "message": "Đơn hàng của bạn đã chuyển sang trạng thái: Thành công (Đã trừ kho). Giao hàng thành công.",
      "link": "/order/ORD-20260313-FF2BBF/",
      "is_read": true,
      "read_at": "2026-03-13T17:28:48.746Z",
      "created_at": "2026-03-13T17:28:26.852Z"
    }
  },
  {
    "model": "MyApp.notification",
    "pk": 67,
    "fields": {
      "user": [
        "nguyenminhduc2246"
      ],
      "actor": [
        "nguyenminhduc2246"
      ],
      "notification_type": "order",
      "title": "Cập nhật đơn hàng ORD-20260313-FF2BBF",
      "message": "Đơn hàng của bạn đã chuyển sang trạng thái: Yêu cầu trả hàng. Khách gửi yêu cầu đổi/trả.",
      "link": "/order/ORD-20260313-FF2BBF/",
      "is_read": true,
      "read_at": "2026-03-13T17:29:21.032Z",
      "created_at": "2026-03-13T17:29:12.833Z"
    }
  },
  {
    "model": "MyApp.notification",
    "pk": 68,
    "fields": {
      "user": [
        "phamquochuy"
      ],
      "actor": [
        "nguyenminhduc2246"
      ],
      "notification_type": "order",
      "title": "📦 Yêu cầu Đổi trả mới: ORD-20260313-FF2BBF",
      "message": "Khách hàng nguyenminhduc2246 đã gửi yêu cầu cho đơn hàng ORD-20260313-FF2BBF.",
      "link": "/manage/returns/",
      "is_read": true,
      "read_at": "2026-03-13T17:30:57.057Z",
      "created_at": "2026-03-13T17:29:12.836Z"
    }
  },
  {
    "model": "MyApp.notification",
    "pk": 69,
    "fields": {
      "user": [
        "nguyenminhduc2246"
      ],
      "actor": [
        "phamquochuy"
      ],
      "notification_type": "order",
      "title": "Cập nhật đơn hàng ORD-20260313-FF2BBF",
      "message": "Đơn hàng của bạn đã chuyển sang trạng thái: Thành công (Đã trừ kho). Từ chối yêu cầu đổi/trả.",
      "link": "/order/ORD-20260313-FF2BBF/",
      "is_read": true,
      "read_at": "2026-03-13T17:38:03.346Z",
      "created_at": "2026-03-13T17:31:08.604Z"
    }
  },
  {
    "model": "MyApp.notification",
    "pk": 70,
    "fields": {
      "user": [
        "nguyenminhduc2246"
      ],
      "actor": null,
      "notification_type": "order",
      "title": "Yêu cầu hoàn trả bị từ chối",
      "message": "Yêu cầu hỗ trợ cho đơn hàng ORD-20260313-FF2BBF không được chấp nhận. Lý do: ",
      "link": "/order/ORD-20260313-FF2BBF/",
      "is_read": true,
      "read_at": "2026-03-13T17:37:57.378Z",
      "created_at": "2026-03-13T17:31:08.608Z"
    }
  },
  {
    "model": "MyApp.notification",
    "pk": 71,
    "fields": {
      "user": [
        "phamquochuy"
      ],
      "actor": [
        "phamquochuy"
      ],
      "notification_type": "order",
      "title": "Cập nhật đơn hàng ORD-20260313-F4CC80",
      "message": "Đơn hàng của bạn đã chuyển sang trạng thái: Chờ xác nhận. Tạo đơn hàng.",
      "link": "/order/ORD-20260313-F4CC80/",
      "is_read": true,
      "read_at": "2026-03-13T17:32:42.106Z",
      "created_at": "2026-03-13T17:31:50.664Z"
    }
  },
  {
    "model": "MyApp.notification",
    "pk": 72,
    "fields": {
      "user": [
        "phamquochuy"
      ],
      "actor": null,
      "notification_type": "order",
      "title": "Đơn hàng mới ORD-20260313-F4CC80",
      "message": "phamquochuy đã đặt 1 sản phẩm.",
      "link": "/manage/orders/ORD-20260313-F4CC80/manage/",
      "is_read": true,
      "read_at": "2026-03-13T17:32:04.471Z",
      "created_at": "2026-03-13T17:31:50.670Z"
    }
  },
  {
    "model": "MyApp.notification",
    "pk": 73,
    "fields": {
      "user": [
        "phamquochuy"
      ],
      "actor": null,
      "notification_type": "order",
      "title": "Đã nhận yêu cầu xác nhận đơn hàng ORD-20260313-F4CC80",
      "message": "Chúng tôi sẽ kiểm tra giao dịch và xác nhận trong vòng 1–24h.",
      "link": "/order/ORD-20260313-F4CC80/",
      "is_read": true,
      "read_at": "2026-03-13T17:32:01.696Z",
      "created_at": "2026-03-13T17:31:58.878Z"
    }
  },
  {
    "model": "MyApp.notification",
    "pk": 74,
    "fields": {
      "user": [
        "phamquochuy"
      ],
      "actor": [
        "phamquochuy"
      ],
      "notification_type": "order",
      "title": "Cập nhật đơn hàng ORD-20260313-F4CC80",
      "message": "Đơn hàng của bạn đã chuyển sang trạng thái: Đã xác nhận (Đã giữ hàng). Xác nhận đơn hàng và giữ kho.",
      "link": "/order/ORD-20260313-F4CC80/",
      "is_read": true,
      "read_at": "2026-03-13T17:32:42.106Z",
      "created_at": "2026-03-13T17:32:06.691Z"
    }
  },
  {
    "model": "MyApp.notification",
    "pk": 75,
    "fields": {
      "user": [
        "phamquochuy"
      ],
      "actor": [
        "phamquochuy"
      ],
      "notification_type": "order",
      "title": "Cập nhật đơn hàng ORD-20260313-F4CC80",
      "message": "Đơn hàng của bạn đã chuyển sang trạng thái: Đang đóng gói. Cập nhật thủ công.",
      "link": "/order/ORD-20260313-F4CC80/",
      "is_read": true,
      "read_at": "2026-03-13T17:32:42.106Z",
      "created_at": "2026-03-13T17:32:11.367Z"
    }
  },
  {
    "model": "MyApp.notification",
    "pk": 76,
    "fields": {
      "user": [
        "phamquochuy"
      ],
      "actor": [
        "phamquochuy"
      ],
      "notification_type": "order",
      "title": "Cập nhật đơn hàng ORD-20260313-F4CC80",
      "message": "Đơn hàng của bạn đã chuyển sang trạng thái: Đang giao. Cập nhật thủ công.",
      "link": "/order/ORD-20260313-F4CC80/",
      "is_read": true,
      "read_at": "2026-03-13T17:32:42.106Z",
      "created_at": "2026-03-13T17:32:12.776Z"
    }
  },
  {
    "model": "MyApp.notification",
    "pk": 77,
    "fields": {
      "user": [
        "phamquochuy"
      ],
      "actor": [
        "phamquochuy"
      ],
      "notification_type": "order",
      "title": "Cập nhật đơn hàng ORD-20260313-F4CC80",
      "message": "Đơn hàng của bạn đã chuyển sang trạng thái: Thành công (Đã trừ kho). Giao hàng thành công.",
      "link": "/order/ORD-20260313-F4CC80/",
      "is_read": true,
      "read_at": "2026-03-13T17:32:16.913Z",
      "created_at": "2026-03-13T17:32:14.161Z"
    }
  },
  {
    "model": "MyApp.notification",
    "pk": 78,
    "fields": {
      "user": [
        "phamquochuy"
      ],
      "actor": [
        "phamquochuy"
      ],
      "notification_type": "order",
      "title": "Cập nhật đơn hàng ORD-20260313-F4CC80",
      "message": "Đơn hàng của bạn đã chuyển sang trạng thái: Yêu cầu trả hàng. Khách gửi yêu cầu đổi/trả.",
      "link": "/order/ORD-20260313-F4CC80/",
      "is_read": true,
      "read_at": "2026-03-13T17:33:00.159Z",
      "created_at": "2026-03-13T17:32:54.029Z"
    }
  },
  {
    "model": "MyApp.notification",
    "pk": 79,
    "fields": {
      "user": [
        "phamquochuy"
      ],
      "actor": [
        "phamquochuy"
      ],
      "notification_type": "order",
      "title": "📦 Yêu cầu Đổi trả mới: ORD-20260313-F4CC80",
      "message": "Khách hàng phamquochuy đã gửi yêu cầu cho đơn hàng ORD-20260313-F4CC80.",
      "link": "/manage/returns/",
      "is_read": true,
      "read_at": "2026-03-13T17:33:00.159Z",
      "created_at": "2026-03-13T17:32:54.033Z"
    }
  },
  {
    "model": "MyApp.notification",
    "pk": 80,
    "fields": {
      "user": [
        "nguyenminhduc2246"
      ],
      "actor": [
        "nguyenminhduc2246"
      ],
      "notification_type": "order",
      "title": "Cập nhật đơn hàng ORD-20260313-3F0372",
      "message": "Đơn hàng của bạn đã chuyển sang trạng thái: Chờ xác nhận. Tạo đơn hàng.",
      "link": "/order/ORD-20260313-3F0372/",
      "is_read": true,
      "read_at": "2026-03-13T17:39:58.986Z",
      "created_at": "2026-03-13T17:39:45.312Z"
    }
  },
  {
    "model": "MyApp.notification",
    "pk": 81,
    "fields": {
      "user": [
        "phamquochuy"
      ],
      "actor": null,
      "notification_type": "order",
      "title": "Đơn hàng mới ORD-20260313-3F0372",
      "message": "nguyenminhduc2246 đã đặt 1 sản phẩm.",
      "link": "/manage/orders/ORD-20260313-3F0372/manage/",
      "is_read": true,
      "read_at": "2026-03-13T17:40:15.378Z",
      "created_at": "2026-03-13T17:39:45.316Z"
    }
  },
  {
    "model": "MyApp.notification",
    "pk": 82,
    "fields": {
      "user": [
        "nguyenminhduc2246"
      ],
      "actor": null,
      "notification_type": "order",
      "title": "Đã nhận yêu cầu xác nhận đơn hàng ORD-20260313-3F0372",
      "message": "Chúng tôi sẽ kiểm tra giao dịch và xác nhận trong vòng 1–24h.",
      "link": "/order/ORD-20260313-3F0372/",
      "is_read": true,
      "read_at": "2026-03-13T17:39:58.986Z",
      "created_at": "2026-03-13T17:39:54.763Z"
    }
  },
  {
    "model": "MyApp.notification",
    "pk": 83,
    "fields": {
      "user": [
        "nguyenminhduc2246"
      ],
      "actor": [
        "phamquochuy"
      ],
      "notification_type": "order",
      "title": "Cập nhật đơn hàng ORD-20260313-3F0372",
      "message": "Đơn hàng của bạn đã chuyển sang trạng thái: Đã xác nhận (Đã giữ hàng). Xác nhận đơn hàng và giữ kho.",
      "link": "/order/ORD-20260313-3F0372/",
      "is_read": true,
      "read_at": "2026-03-13T17:46:34.531Z",
      "created_at": "2026-03-13T17:40:18.887Z"
    }
  },
  {
    "model": "MyApp.notification",
    "pk": 84,
    "fields": {
      "user": [
        "nguyenminhduc2246"
      ],
      "actor": [
        "phamquochuy"
      ],
      "notification_type": "order",
      "title": "Cập nhật đơn hàng ORD-20260313-3F0372",
      "message": "Đơn hàng của bạn đã chuyển sang trạng thái: Đang đóng gói. Cập nhật thủ công.",
      "link": "/order/ORD-20260313-3F0372/",
      "is_read": true,
      "read_at": "2026-03-13T17:46:34.531Z",
      "created_at": "2026-03-13T17:40:22.890Z"
    }
  },
  {
    "model": "MyApp.notification",
    "pk": 85,
    "fields": {
      "user": [
        "nguyenminhduc2246"
      ],
      "actor": [
        "phamquochuy"
      ],
      "notification_type": "order",
      "title": "Cập nhật đơn hàng ORD-20260313-3F0372",
      "message": "Đơn hàng của bạn đã chuyển sang trạng thái: Đang giao. Cập nhật thủ công.",
      "link": "/order/ORD-20260313-3F0372/",
      "is_read": true,
      "read_at": "2026-03-13T17:44:56.611Z",
      "created_at": "2026-03-13T17:40:24.670Z"
    }
  },
  {
    "model": "MyApp.notification",
    "pk": 86,
    "fields": {
      "user": [
        "nguyenminhduc2246"
      ],
      "actor": [
        "phamquochuy"
      ],
      "notification_type": "order",
      "title": "Cập nhật đơn hàng ORD-20260313-3F0372",
      "message": "Đơn hàng của bạn đã chuyển sang trạng thái: Thành công (Đã trừ kho). Giao hàng thành công.",
      "link": "/order/ORD-20260313-3F0372/",
      "is_read": true,
      "read_at": "2026-03-13T17:40:51.984Z",
      "created_at": "2026-03-13T17:40:26.645Z"
    }
  },
  {
    "model": "MyApp.notification",
    "pk": 87,
    "fields": {
      "user": [
        "nguyenminhduc2246"
      ],
      "actor": [
        "nguyenminhduc2246"
      ],
      "notification_type": "order",
      "title": "Cập nhật đơn hàng ORD-20260313-3F0372",
      "message": "Đơn hàng của bạn đã chuyển sang trạng thái: Yêu cầu trả hàng. Khách gửi yêu cầu đổi/trả.",
      "link": "/order/ORD-20260313-3F0372/",
      "is_read": true,
      "read_at": "2026-03-13T17:47:16.409Z",
      "created_at": "2026-03-13T17:47:06.804Z"
    }
  },
  {
    "model": "MyApp.notification",
    "pk": 88,
    "fields": {
      "user": [
        "phamquochuy"
      ],
      "actor": [
        "nguyenminhduc2246"
      ],
      "notification_type": "order",
      "title": "📦 Yêu cầu Đổi trả mới: ORD-20260313-3F0372",
      "message": "Khách hàng nguyenminhduc2246 đã gửi yêu cầu cho đơn hàng ORD-20260313-3F0372.",
      "link": "/manage/returns/",
      "is_read": true,
      "read_at": "2026-03-13T17:47:39.961Z",
      "created_at": "2026-03-13T17:47:06.809Z"
    }
  },
  {
    "model": "MyApp.notification",
    "pk": 89,
    "fields": {
      "user": [
        "phamquochuy"
      ],
      "actor": [
        "phamquochuy"
      ],
      "notification_type": "order",
      "title": "Cập nhật đơn hàng ORD-20260313-F4CC80",
      "message": "Đơn hàng của bạn đã chuyển sang trạng thái: Thành công (Đã trừ kho). Từ chối yêu cầu đổi/trả.",
      "link": "/order/ORD-20260313-F4CC80/",
      "is_read": true,
      "read_at": "2026-03-13T17:47:53.031Z",
      "created_at": "2026-03-13T17:47:46.575Z"
    }
  },
  {
    "model": "MyApp.notification",
    "pk": 90,
    "fields": {
      "user": [
        "phamquochuy"
      ],
      "actor": null,
      "notification_type": "order",
      "title": "Yêu cầu hoàn trả bị từ chối",
      "message": "Yêu cầu hỗ trợ cho đơn hàng ORD-20260313-F4CC80 không được chấp nhận. Lý do: ",
      "link": "/order/ORD-20260313-F4CC80/",
      "is_read": true,
      "read_at": "2026-03-13T17:47:50.543Z",
      "created_at": "2026-03-13T17:47:46.580Z"
    }
  },
  {
    "model": "MyApp.notification",
    "pk": 91,
    "fields": {
      "user": [
        "nguyenminhduc2246"
      ],
      "actor": [
        "phamquochuy"
      ],
      "notification_type": "order",
      "title": "Cập nhật đơn hàng ORD-20260313-3F0372",
      "message": "Đơn hàng của bạn đã chuyển sang trạng thái: Đã duyệt trả hàng. Duyệt yêu cầu đổi/trả.",
      "link": "/order/ORD-20260313-3F0372/",
      "is_read": false,
      "read_at": null,
      "created_at": "2026-03-13T17:48:09.308Z"
    }
  },
  {
    "model": "MyApp.notification",
    "pk": 92,
    "fields": {
      "user": [
        "nguyenminhduc2246"
      ],
      "actor": null,
      "notification_type": "order",
      "title": "Yêu cầu hoàn trả đã được chấp nhận",
      "message": "Yêu cầu hỗ trợ cho đơn hàng ORD-20260313-3F0372 đã được duyệt. Vui lòng gửi hàng về cho chúng tôi.",
      "link": "/order/ORD-20260313-3F0372/",
      "is_read": false,
      "read_at": null,
      "created_at": "2026-03-13T17:48:09.312Z"
    }
  },
  {
    "model": "MyApp.notification",
    "pk": 93,
    "fields": {
      "user": [
        "nguyenminhduc2246"
      ],
      "actor": [
        "phamquochuy"
      ],
      "notification_type": "order",
      "title": "Cập nhật đơn hàng ORD-20260313-3F0372",
      "message": "Đơn hàng của bạn đã chuyển sang trạng thái: Đã hoàn tiền. Hoàn tiền/huỷ sau thanh toán.",
      "link": "/order/ORD-20260313-3F0372/",
      "is_read": false,
      "read_at": null,
      "created_at": "2026-03-13T17:48:11.571Z"
    }
  },
  {
    "model": "MyApp.notification",
    "pk": 94,
    "fields": {
      "user": [
        "nguyenminhduc2246"
      ],
      "actor": null,
      "notification_type": "order",
      "title": "Hoàn tất xử lý đổi trả",
      "message": "Yêu cầu hỗ trợ cho đơn hàng ORD-20260313-3F0372 đã được hoàn tất xử lý.",
      "link": "/order/ORD-20260313-3F0372/",
      "is_read": false,
      "read_at": null,
      "created_at": "2026-03-13T17:48:11.585Z"
    }
  },
  {
    "model": "MyApp.notification",
    "pk": 95,
    "fields": {
      "user": [
        "phamquochuy"
      ],
      "actor": [
        "phamquochuy"
      ],
      "notification_type": "order",
      "title": "Cập nhật đơn hàng ORD-20260314-30F8B4",
      "message": "Đơn hàng của bạn đã chuyển sang trạng thái: Chờ xác nhận. Tạo đơn hàng.",
      "link": "/order/ORD-20260314-30F8B4/",
      "is_read": true,
      "read_at": "2026-03-14T03:40:49.799Z",
      "created_at": "2026-03-14T03:34:47.823Z"
    }
  },
  {
    "model": "MyApp.notification",
    "pk": 96,
    "fields": {
      "user": [
        "phamquochuy"
      ],
      "actor": null,
      "notification_type": "order",
      "title": "Đơn hàng mới ORD-20260314-30F8B4",
      "message": "phamquochuy đã đặt 1 sản phẩm.",
      "link": "/manage/orders/ORD-20260314-30F8B4/manage/",
      "is_read": true,
      "read_at": "2026-03-14T03:36:06.233Z",
      "created_at": "2026-03-14T03:34:47.832Z"
    }
  },
  {
    "model": "MyApp.notification",
    "pk": 97,
    "fields": {
      "user": [
        "phamquochuy"
      ],
      "actor": null,
      "notification_type": "order",
      "title": "Đã nhận yêu cầu xác nhận đơn hàng ORD-20260314-30F8B4",
      "message": "Chúng tôi sẽ kiểm tra giao dịch và xác nhận trong vòng 1–24h.",
      "link": "/order/ORD-20260314-30F8B4/",
      "is_read": true,
      "read_at": "2026-03-14T03:35:58.051Z",
      "created_at": "2026-03-14T03:35:25.263Z"
    }
  },
  {
    "model": "MyApp.notification",
    "pk": 98,
    "fields": {
      "user": [
        "phamquochuy"
      ],
      "actor": [
        "phamquochuy"
      ],
      "notification_type": "order",
      "title": "Cập nhật đơn hàng ORD-20260314-30F8B4",
      "message": "Đơn hàng của bạn đã chuyển sang trạng thái: Đã xác nhận (Đã giữ hàng). Xác nhận đơn hàng và giữ kho.",
      "link": "/order/ORD-20260314-30F8B4/",
      "is_read": true,
      "read_at": "2026-03-14T03:40:49.799Z",
      "created_at": "2026-03-14T03:36:16.967Z"
    }
  },
  {
    "model": "MyApp.notification",
    "pk": 99,
    "fields": {
      "user": [
        "phamquochuy"
      ],
      "actor": [
        "phamquochuy"
      ],
      "notification_type": "order",
      "title": "Cập nhật đơn hàng ORD-20260314-30F8B4",
      "message": "Đơn hàng của bạn đã chuyển sang trạng thái: Đang đóng gói. Cập nhật thủ công.",
      "link": "/order/ORD-20260314-30F8B4/",
      "is_read": true,
      "read_at": "2026-03-14T03:40:49.799Z",
      "created_at": "2026-03-14T03:36:24.135Z"
    }
  },
  {
    "model": "MyApp.notification",
    "pk": 100,
    "fields": {
      "user": [
        "phamquochuy"
      ],
      "actor": [
        "phamquochuy"
      ],
      "notification_type": "order",
      "title": "Cập nhật đơn hàng ORD-20260314-30F8B4",
      "message": "Đơn hàng của bạn đã chuyển sang trạng thái: Đang giao. Cập nhật thủ công.",
      "link": "/order/ORD-20260314-30F8B4/",
      "is_read": true,
      "read_at": "2026-03-14T03:37:49.517Z",
      "created_at": "2026-03-14T03:36:27.830Z"
    }
  },
  {
    "model": "MyApp.notification",
    "pk": 101,
    "fields": {
      "user": [
        "phamquochuy"
      ],
      "actor": [
        "phamquochuy"
      ],
      "notification_type": "order",
      "title": "Cập nhật đơn hàng ORD-20260314-30F8B4",
      "message": "Đơn hàng của bạn đã chuyển sang trạng thái: Thành công (Đã trừ kho). Giao hàng thành công.",
      "link": "/order/ORD-20260314-30F8B4/",
      "is_read": true,
      "read_at": "2026-03-14T03:37:10.951Z",
      "created_at": "2026-03-14T03:36:31.245Z"
    }
  },
  {
    "model": "MyApp.notification",
    "pk": 102,
    "fields": {
      "user": [
        "phamquochuy"
      ],
      "actor": [
        "phamquochuy"
      ],
      "notification_type": "order",
      "title": "Cập nhật đơn hàng ORD-20260314-30F8B4",
      "message": "Đơn hàng của bạn đã chuyển sang trạng thái: Yêu cầu trả hàng. Khách gửi yêu cầu đổi/trả.",
      "link": "/order/ORD-20260314-30F8B4/",
      "is_read": true,
      "read_at": "2026-03-14T03:40:49.799Z",
      "created_at": "2026-03-14T03:38:34.708Z"
    }
  },
  {
    "model": "MyApp.notification",
    "pk": 103,
    "fields": {
      "user": [
        "phamquochuy"
      ],
      "actor": [
        "phamquochuy"
      ],
      "notification_type": "order",
      "title": "📦 Yêu cầu Đổi trả mới: ORD-20260314-30F8B4",
      "message": "Khách hàng phamquochuy đã gửi yêu cầu cho đơn hàng ORD-20260314-30F8B4.",
      "link": "/manage/returns/",
      "is_read": true,
      "read_at": "2026-03-14T03:38:42.152Z",
      "created_at": "2026-03-14T03:38:34.716Z"
    }
  },
  {
    "model": "MyApp.notification",
    "pk": 104,
    "fields": {
      "user": [
        "phamquochuy"
      ],
      "actor": [
        "phamquochuy"
      ],
      "notification_type": "order",
      "title": "Cập nhật đơn hàng ORD-20260314-30F8B4",
      "message": "Đơn hàng của bạn đã chuyển sang trạng thái: Đã duyệt trả hàng. Duyệt yêu cầu đổi/trả.",
      "link": "/order/ORD-20260314-30F8B4/",
      "is_read": true,
      "read_at": "2026-03-14T03:40:49.799Z",
      "created_at": "2026-03-14T03:39:10.355Z"
    }
  },
  {
    "model": "MyApp.notification",
    "pk": 105,
    "fields": {
      "user": [
        "phamquochuy"
      ],
      "actor": null,
      "notification_type": "order",
      "title": "Yêu cầu hoàn trả đã được chấp nhận",
      "message": "Yêu cầu hỗ trợ cho đơn hàng ORD-20260314-30F8B4 đã được duyệt. Vui lòng gửi hàng về cho chúng tôi.",
      "link": "/order/ORD-20260314-30F8B4/",
      "is_read": true,
      "read_at": "2026-03-14T03:40:49.799Z",
      "created_at": "2026-03-14T03:39:10.362Z"
    }
  },
  {
    "model": "MyApp.notification",
    "pk": 106,
    "fields": {
      "user": [
        "phamquochuy"
      ],
      "actor": [
        "phamquochuy"
      ],
      "notification_type": "order",
      "title": "Cập nhật đơn hàng ORD-20260314-30F8B4",
      "message": "Đơn hàng của bạn đã chuyển sang trạng thái: Đã hoàn tiền. Hoàn tiền/huỷ sau thanh toán.",
      "link": "/order/ORD-20260314-30F8B4/",
      "is_read": true,
      "read_at": "2026-03-14T03:40:49.799Z",
      "created_at": "2026-03-14T03:39:12.364Z"
    }
  },
  {
    "model": "MyApp.notification",
    "pk": 107,
    "fields": {
      "user": [
        "phamquochuy"
      ],
      "actor": null,
      "notification_type": "order",
      "title": "Hoàn tất xử lý đổi trả",
      "message": "Yêu cầu hỗ trợ cho đơn hàng ORD-20260314-30F8B4 đã được hoàn tất xử lý.",
      "link": "/order/ORD-20260314-30F8B4/",
      "is_read": true,
      "read_at": "2026-03-14T03:39:31.280Z",
      "created_at": "2026-03-14T03:39:12.395Z"
    }
  },
  {
    "model": "MyApp.notification",
    "pk": 108,
    "fields": {
      "user": [
        "phamquochuy"
      ],
      "actor": null,
      "notification_type": "message",
      "title": "Nhân viên hỗ trợ đã phản hồi · Ticket #3",
      "message": "oke",
      "link": "/support-chat/",
      "is_read": true,
      "read_at": "2026-03-14T03:42:09.502Z",
      "created_at": "2026-03-14T03:41:43.221Z"
    }
  },
  {
    "model": "MyApp.notification",
    "pk": 109,
    "fields": {
      "user": [
        "phamquochuy"
      ],
      "actor": [
        "phamquochuy"
      ],
      "notification_type": "order",
      "title": "Cập nhật đơn hàng ORD-20260320-3683E8",
      "message": "Đơn hàng của bạn đã chuyển sang trạng thái: Chờ xác nhận. Tạo đơn hàng.",
      "link": "/order/ORD-20260320-3683E8/",
      "is_read": true,
      "read_at": "2026-03-20T15:03:09.708Z",
      "created_at": "2026-03-20T15:02:24.951Z"
    }
  },
  {
    "model": "MyApp.notification",
    "pk": 110,
    "fields": {
      "user": [
        "phamquochuy"
      ],
      "actor": null,
      "notification_type": "order",
      "title": "Đơn hàng mới ORD-20260320-3683E8",
      "message": "phamquochuy đã đặt 1 sản phẩm.",
      "link": "/manage/orders/ORD-20260320-3683E8/manage/",
      "is_read": true,
      "read_at": "2026-03-20T15:03:09.708Z",
      "created_at": "2026-03-20T15:02:24.967Z"
    }
  },
  {
    "model": "MyApp.notification",
    "pk": 111,
    "fields": {
      "user": [
        "phamquochuy"
      ],
      "actor": [
        "phamquochuy"
      ],
      "notification_type": "order",
      "title": "Cập nhật đơn hàng ORD-20260320-3683E8",
      "message": "Đơn hàng của bạn đã chuyển sang trạng thái: Đã hủy. Hủy đơn hàng.",
      "link": "/order/ORD-20260320-3683E8/",
      "is_read": true,
      "read_at": "2026-03-20T15:03:09.708Z",
      "created_at": "2026-03-20T15:02:49.783Z"
    }
  },
  {
    "model": "MyApp.notification",
    "pk": 112,
    "fields": {
      "user": [
        "phamquochuy"
      ],
      "actor": [
        "phamquochuy"
      ],
      "notification_type": "order",
      "title": "Cập nhật đơn hàng ORD-20260314-30F8B4",
      "message": "Đơn hàng của bạn đã chuyển sang trạng thái: Đã đổi hàng. Cập nhật thủ công.",
      "link": "/order/ORD-20260314-30F8B4/",
      "is_read": true,
      "read_at": "2026-03-20T15:38:16.620Z",
      "created_at": "2026-03-20T15:37:49.058Z"
    }
  },
  {
    "model": "MyApp.notification",
    "pk": 113,
    "fields": {
      "user": [
        "phamquochuy"
      ],
      "actor": [
        "phamquochuy"
      ],
      "notification_type": "order",
      "title": "Cập nhật đơn hàng ORD-20260324-51695E",
      "message": "Đơn hàng của bạn đã chuyển sang trạng thái: Đã xác nhận (Đã giữ hàng). Xác nhận đơn hàng và giữ kho.",
      "link": "/order/ORD-20260324-51695E/",
      "is_read": true,
      "read_at": "2026-03-24T23:24:08.208Z",
      "created_at": "2026-03-24T18:15:47.598Z"
    }
  },
  {
    "model": "MyApp.notification",
    "pk": 114,
    "fields": {
      "user": [
        "phamquochuy"
      ],
      "actor": null,
      "notification_type": "order",
      "title": "Đơn hàng mới ORD-20260324-51695E",
      "message": "phamquochuy đã đặt 1 sản phẩm.",
      "link": "/manage/orders/ORD-20260324-51695E/manage/",
      "is_read": true,
      "read_at": "2026-03-24T18:15:58.920Z",
      "created_at": "2026-03-24T18:15:47.610Z"
    }
  },
  {
    "model": "MyApp.notification",
    "pk": 115,
    "fields": {
      "user": [
        "nguyenminhduc2246"
      ],
      "actor": null,
      "notification_type": "reply",
      "title": "phamquochuy đã trả lời bình luận",
      "message": "Trả lời bình luận tại sản phẩm Bộ Chén Trà Gốm Bát Tràng",
      "link": "/product/bo-chen-tra-gom-bat-trang/#comment-54",
      "is_read": false,
      "read_at": null,
      "created_at": "2026-03-25T00:25:10.137Z"
    }
  },
  {
    "model": "MyApp.notification",
    "pk": 116,
    "fields": {
      "user": [
        "phamquochuy"
      ],
      "actor": [
        "phamquochuy"
      ],
      "notification_type": "order",
      "title": "Cập nhật đơn hàng ORD-20260325-E2ED4F",
      "message": "Đơn hàng của bạn đã chuyển sang trạng thái: Đã xác nhận (Đã giữ hàng). Xác nhận đơn hàng và giữ kho.",
      "link": "/order/ORD-20260325-E2ED4F/",
      "is_read": false,
      "read_at": null,
      "created_at": "2026-03-25T00:26:25.508Z"
    }
  },
  {
    "model": "MyApp.notification",
    "pk": 117,
    "fields": {
      "user": [
        "phamquochuy"
      ],
      "actor": null,
      "notification_type": "order",
      "title": "Đơn hàng mới ORD-20260325-E2ED4F",
      "message": "phamquochuy đã đặt 1 sản phẩm.",
      "link": "/manage/orders/ORD-20260325-E2ED4F/manage/",
      "is_read": true,
      "read_at": "2026-03-25T00:27:33.495Z",
      "created_at": "2026-03-25T00:26:25.522Z"
    }
  },
  {
    "model": "MyApp.notification",
    "pk": 118,
    "fields": {
      "user": [
        "phamquochuy"
      ],
      "actor": null,
      "notification_type": "order",
      "title": "Đã nhận yêu cầu xác nhận đơn hàng ORD-20260325-E2ED4F",
      "message": "Chúng tôi sẽ kiểm tra giao dịch và xác nhận trong vòng 1–24h.",
      "link": "/order/ORD-20260325-E2ED4F/",
      "is_read": true,
      "read_at": "2026-03-25T00:27:26.917Z",
      "created_at": "2026-03-25T00:27:06.989Z"
    }
  },
  {
    "model": "MyApp.notification",
    "pk": 119,
    "fields": {
      "user": [
        "phamquochuy"
      ],
      "actor": [
        "phamquochuy"
      ],
      "notification_type": "order",
      "title": "Cập nhật đơn hàng ORD-20260325-E2ED4F",
      "message": "Đơn hàng của bạn đã chuyển sang trạng thái: Đang đóng gói. Cập nhật thủ công.",
      "link": "/order/ORD-20260325-E2ED4F/",
      "is_read": false,
      "read_at": null,
      "created_at": "2026-03-25T00:27:40.047Z"
    }
  },
  {
    "model": "MyApp.notification",
    "pk": 120,
    "fields": {
      "user": [
        "phamquochuy"
      ],
      "actor": [
        "phamquochuy"
      ],
      "notification_type": "order",
      "title": "Cập nhật đơn hàng ORD-20260325-E2ED4F",
      "message": "Đơn hàng của bạn đã chuyển sang trạng thái: Đang giao. Cập nhật thủ công.",
      "link": "/order/ORD-20260325-E2ED4F/",
      "is_read": false,
      "read_at": null,
      "created_at": "2026-03-25T00:27:43.086Z"
    }
  },
  {
    "model": "MyApp.notification",
    "pk": 121,
    "fields": {
      "user": [
        "phamquochuy"
      ],
      "actor": [
        "phamquochuy"
      ],
      "notification_type": "order",
      "title": "Cập nhật đơn hàng ORD-20260325-E2ED4F",
      "message": "Đơn hàng của bạn đã chuyển sang trạng thái: Thành công (Đã trừ kho). Giao hàng thành công.",
      "link": "/order/ORD-20260325-E2ED4F/",
      "is_read": false,
      "read_at": null,
      "created_at": "2026-03-25T00:27:44.750Z"
    }
  },
  {
    "model": "MyApp.supportbusinesshours",
    "pk": 1,
    "fields": {
      "day_of_week": 0,
      "open_time": "08:00:00",
      "close_time": "22:00:00",
      "is_open": true
    }
  },
  {
    "model": "MyApp.supportbusinesshours",
    "pk": 2,
    "fields": {
      "day_of_week": 1,
      "open_time": "08:00:00",
      "close_time": "22:00:00",
      "is_open": true
    }
  },
  {
    "model": "MyApp.supportbusinesshours",
    "pk": 3,
    "fields": {
      "day_of_week": 2,
      "open_time": "08:00:00",
      "close_time": "22:00:00",
      "is_open": true
    }
  },
  {
    "model": "MyApp.supportbusinesshours",
    "pk": 4,
    "fields": {
      "day_of_week": 3,
      "open_time": "08:00:00",
      "close_time": "22:00:00",
      "is_open": true
    }
  },
  {
    "model": "MyApp.supportbusinesshours",
    "pk": 5,
    "fields": {
      "day_of_week": 4,
      "open_time": "08:00:00",
      "close_time": "22:00:00",
      "is_open": true
    }
  },
  {
    "model": "MyApp.supportbusinesshours",
    "pk": 6,
    "fields": {
      "day_of_week": 5,
      "open_time": "09:00:00",
      "close_time": "21:00:00",
      "is_open": true
    }
  },
  {
    "model": "MyApp.supportbusinesshours",
    "pk": 7,
    "fields": {
      "day_of_week": 6,
      "open_time": "09:00:00",
      "close_time": "20:00:00",
      "is_open": true
    }
  },
  {
    "model": "MyApp.supportquickreply",
    "pk": 1,
    "fields": {
      "label": "Chào mừng",
      "content": "Xin chào! Tôi là {agent_name} từ TeaZen. Rất vui được hỗ trợ bạn hôm nay! 🍃",
      "category": "greeting",
      "order": 1,
      "is_active": true,
      "created_at": "2026-03-11T20:12:42.932Z"
    }
  },
  {
    "model": "MyApp.supportquickreply",
    "pk": 2,
    "fields": {
      "label": "Hỏi tên",
      "content": "Bạn có thể cho tôi biết tên và email để tôi hỗ trợ tốt hơn không?",
      "category": "inquiry",
      "order": 2,
      "is_active": true,
      "created_at": "2026-03-11T20:12:42.936Z"
    }
  },
  {
    "model": "MyApp.supportquickreply",
    "pk": 3,
    "fields": {
      "label": "Hỏi mã đơn",
      "content": "Bạn vui lòng cung cấp mã đơn hàng (dạng ORD-...) để tôi kiểm tra nhé?",
      "category": "inquiry",
      "order": 3,
      "is_active": true,
      "created_at": "2026-03-11T20:12:42.938Z"
    }
  },
  {
    "model": "MyApp.supportquickreply",
    "pk": 4,
    "fields": {
      "label": "TG giao hàng",
      "content": "Đơn hàng thường được giao trong 2-5 ngày làm việc tùy khu vực. Nội thành HCM/HN thường 1-2 ngày ạ.",
      "category": "resolution",
      "order": 10,
      "is_active": true,
      "created_at": "2026-03-11T20:12:42.941Z"
    }
  },
  {
    "model": "MyApp.supportquickreply",
    "pk": 5,
    "fields": {
      "label": "Đổi trả",
      "content": "TeaZen hỗ trợ đổi trả trong 7 ngày kể từ ngày nhận hàng. Bạn vào Đơn hàng → Chi tiết → Yêu cầu đổi trả nhé.",
      "category": "resolution",
      "order": 11,
      "is_active": true,
      "created_at": "2026-03-11T20:12:42.944Z"
    }
  },
  {
    "model": "MyApp.supportquickreply",
    "pk": 6,
    "fields": {
      "label": "Đang kiểm tra",
      "content": "Tôi đã ghi nhận. Để tôi kiểm tra và phản hồi bạn ngay nhé.",
      "category": "resolution",
      "order": 12,
      "is_active": true,
      "created_at": "2026-03-11T20:12:42.946Z"
    }
  },
  {
    "model": "MyApp.supportquickreply",
    "pk": 7,
    "fields": {
      "label": "Đang xử lý",
      "content": "Vấn đề đã được ghi nhận. Tôi sẽ liên hệ bộ phận liên quan và phản hồi sớm nhất ạ.",
      "category": "resolution",
      "order": 13,
      "is_active": true,
      "created_at": "2026-03-11T20:12:42.949Z"
    }
  },
  {
    "model": "MyApp.supportquickreply",
    "pk": 8,
    "fields": {
      "label": "Xin lỗi",
      "content": "Thành thật xin lỗi vì sự bất tiện này! Chúng tôi sẽ cố gắng giải quyết nhanh nhất cho bạn.",
      "category": "resolution",
      "order": 14,
      "is_active": true,
      "created_at": "2026-03-11T20:12:42.951Z"
    }
  },
  {
    "model": "MyApp.supportquickreply",
    "pk": 9,
    "fields": {
      "label": "Kết thúc",
      "content": "Rất vui được hỗ trợ bạn! Nếu có thêm câu hỏi, đừng ngại liên hệ lại nhé. Chúc bạn ngày tốt lành! 🍵",
      "category": "closing",
      "order": 20,
      "is_active": true,
      "created_at": "2026-03-11T20:12:42.954Z"
    }
  },
  {
    "model": "MyApp.supportquickreply",
    "pk": 10,
    "fields": {
      "label": "Đóng ticket",
      "content": "Vấn đề đã được giải quyết. Tôi sẽ đóng yêu cầu hỗ trợ này. Hẹn gặp lại! ☕",
      "category": "closing",
      "order": 21,
      "is_active": true,
      "created_at": "2026-03-11T20:12:42.956Z"
    }
  },
  {
    "model": "MyApp.supportticket",
    "pk": 1,
    "fields": {
      "user": [
        "phamquochuy"
      ],
      "session_key": null,
      "guest_name": "",
      "guest_email": "",
      "assigned_to": [
        "phamquochuy"
      ],
      "subject": "Khác",
      "category": "other",
      "status": "closed",
      "priority": "low",
      "source": "widget",
      "first_response_at": "2026-03-11T20:44:15.828Z",
      "resolved_at": "2026-03-11T20:44:26.804Z",
      "created_at": "2026-03-11T20:25:53.206Z",
      "updated_at": "2026-03-11T20:54:19.621Z"
    }
  },
  {
    "model": "MyApp.supportticket",
    "pk": 2,
    "fields": {
      "user": [
        "phamquochuy"
      ],
      "session_key": null,
      "guest_name": "",
      "guest_email": "",
      "assigned_to": [
        "phamquochuy"
      ],
      "subject": "Khác",
      "category": "other",
      "status": "closed",
      "priority": "low",
      "source": "widget",
      "first_response_at": "2026-03-11T20:57:05.057Z",
      "resolved_at": "2026-03-11T21:00:09.128Z",
      "created_at": "2026-03-11T20:56:46.817Z",
      "updated_at": "2026-03-11T21:00:41.214Z"
    }
  },
  {
    "model": "MyApp.supportticket",
    "pk": 3,
    "fields": {
      "user": [
        "phamquochuy"
      ],
      "session_key": null,
      "guest_name": "",
      "guest_email": "",
      "assigned_to": [
        "phamquochuy"
      ],
      "subject": "Thanh toán",
      "category": "payment",
      "status": "resolved",
      "priority": "high",
      "source": "widget",
      "first_response_at": "2026-03-14T03:41:43.183Z",
      "resolved_at": "2026-03-14T03:41:51.988Z",
      "created_at": "2026-03-13T15:17:57.103Z",
      "updated_at": "2026-03-14T03:41:51.988Z"
    }
  },
  {
    "model": "MyApp.supportmessage",
    "pk": 1,
    "fields": {
      "ticket": 1,
      "sender_type": "customer",
      "sender": [
        "phamquochuy"
      ],
      "content": "tên của tôi là gì",
      "is_read": true,
      "is_internal": false,
      "client_msg_id": "",
      "created_at": "2026-03-11T20:25:53.212Z"
    }
  },
  {
    "model": "MyApp.supportmessage",
    "pk": 2,
    "fields": {
      "ticket": 1,
      "sender_type": "bot",
      "sender": null,
      "content": "Cảm ơn bạn đã liên hệ TeaZen! 🍃\n\nYêu cầu hỗ trợ của bạn đã được ghi nhận (Ticket #1). Nhân viên của chúng tôi sẽ phản hồi trong vài phút. Trong khi chờ, bạn có thể mô tả thêm chi tiết vấn đề nhé.",
      "is_read": true,
      "is_internal": false,
      "client_msg_id": "",
      "created_at": "2026-03-11T20:25:53.217Z"
    }
  },
  {
    "model": "MyApp.supportmessage",
    "pk": 3,
    "fields": {
      "ticket": 1,
      "sender_type": "system",
      "sender": null,
      "content": "✓ Phạm Quốc Huy đã tham gia hỗ trợ bạn.",
      "is_read": true,
      "is_internal": false,
      "client_msg_id": "",
      "created_at": "2026-03-11T20:44:15.836Z"
    }
  },
  {
    "model": "MyApp.supportmessage",
    "pk": 4,
    "fields": {
      "ticket": 1,
      "sender_type": "agent",
      "sender": [
        "phamquochuy"
      ],
      "content": "xin chào",
      "is_read": true,
      "is_internal": false,
      "client_msg_id": "",
      "created_at": "2026-03-11T20:44:15.842Z"
    }
  },
  {
    "model": "MyApp.supportmessage",
    "pk": 5,
    "fields": {
      "ticket": 1,
      "sender_type": "system",
      "sender": null,
      "content": "Cuộc trò chuyện đã kết thúc. Cảm ơn bạn đã liên hệ TeaZen! 🍵",
      "is_read": true,
      "is_internal": false,
      "client_msg_id": "",
      "created_at": "2026-03-11T20:44:26.810Z"
    }
  },
  {
    "model": "MyApp.supportmessage",
    "pk": 6,
    "fields": {
      "ticket": 2,
      "sender_type": "customer",
      "sender": [
        "phamquochuy"
      ],
      "content": "chào bạn tôi đang có vấn đề",
      "is_read": true,
      "is_internal": false,
      "client_msg_id": "",
      "created_at": "2026-03-11T20:56:46.823Z"
    }
  },
  {
    "model": "MyApp.supportmessage",
    "pk": 7,
    "fields": {
      "ticket": 2,
      "sender_type": "bot",
      "sender": null,
      "content": "Cảm ơn bạn đã liên hệ TeaZen! 🍃\n\nYêu cầu hỗ trợ của bạn đã được ghi nhận (Ticket #2). Nhân viên của chúng tôi sẽ phản hồi trong vài phút. Trong khi chờ, bạn có thể mô tả thêm chi tiết vấn đề nhé.",
      "is_read": true,
      "is_internal": false,
      "client_msg_id": "",
      "created_at": "2026-03-11T20:56:46.829Z"
    }
  },
  {
    "model": "MyApp.supportmessage",
    "pk": 8,
    "fields": {
      "ticket": 2,
      "sender_type": "system",
      "sender": null,
      "content": "✓ Phạm Quốc Huy đã tham gia hỗ trợ bạn.",
      "is_read": true,
      "is_internal": false,
      "client_msg_id": "",
      "created_at": "2026-03-11T20:57:05.063Z"
    }
  },
  {
    "model": "MyApp.supportmessage",
    "pk": 9,
    "fields": {
      "ticket": 2,
      "sender_type": "agent",
      "sender": [
        "phamquochuy"
      ],
      "content": "Bạn cần hỗ trợ gì?",
      "is_read": true,
      "is_internal": false,
      "client_msg_id": "",
      "created_at": "2026-03-11T20:57:05.066Z"
    }
  },
  {
    "model": "MyApp.supportmessage",
    "pk": 10,
    "fields": {
      "ticket": 2,
      "sender_type": "customer",
      "sender": [
        "phamquochuy"
      ],
      "content": "Sản phẩm nào đắt hàng nhất",
      "is_read": true,
      "is_internal": false,
      "client_msg_id": "1773262648561_g05kw58bh",
      "created_at": "2026-03-11T20:57:28.574Z"
    }
  },
  {
    "model": "MyApp.supportmessage",
    "pk": 11,
    "fields": {
      "ticket": 2,
      "sender_type": "agent",
      "sender": [
        "phamquochuy"
      ],
      "content": "Trà",
      "is_read": true,
      "is_internal": false,
      "client_msg_id": "",
      "created_at": "2026-03-11T20:59:58.553Z"
    }
  },
  {
    "model": "MyApp.supportmessage",
    "pk": 12,
    "fields": {
      "ticket": 2,
      "sender_type": "system",
      "sender": null,
      "content": "Cuộc trò chuyện đã kết thúc. Cảm ơn bạn đã liên hệ TeaZen! 🍵",
      "is_read": true,
      "is_internal": false,
      "client_msg_id": "",
      "created_at": "2026-03-11T21:00:09.134Z"
    }
  },
  {
    "model": "MyApp.supportmessage",
    "pk": 13,
    "fields": {
      "ticket": 3,
      "sender_type": "customer",
      "sender": [
        "phamquochuy"
      ],
      "content": "xin chào bạn",
      "is_read": true,
      "is_internal": false,
      "client_msg_id": "",
      "created_at": "2026-03-13T15:17:57.109Z"
    }
  },
  {
    "model": "MyApp.supportmessage",
    "pk": 14,
    "fields": {
      "ticket": 3,
      "sender_type": "bot",
      "sender": null,
      "content": "Cảm ơn bạn đã liên hệ TeaZen! 🍃\n\nYêu cầu hỗ trợ của bạn đã được ghi nhận (Ticket #3). Nhân viên của chúng tôi sẽ phản hồi trong vài phút. Trong khi chờ, bạn có thể mô tả thêm chi tiết vấn đề nhé.",
      "is_read": true,
      "is_internal": false,
      "client_msg_id": "",
      "created_at": "2026-03-13T15:17:57.112Z"
    }
  },
  {
    "model": "MyApp.supportmessage",
    "pk": 15,
    "fields": {
      "ticket": 3,
      "sender_type": "system",
      "sender": null,
      "content": "✓ Phạm Quốc Huy đã tham gia hỗ trợ bạn.",
      "is_read": true,
      "is_internal": false,
      "client_msg_id": "",
      "created_at": "2026-03-14T03:41:43.202Z"
    }
  },
  {
    "model": "MyApp.supportmessage",
    "pk": 16,
    "fields": {
      "ticket": 3,
      "sender_type": "agent",
      "sender": [
        "phamquochuy"
      ],
      "content": "oke",
      "is_read": true,
      "is_internal": false,
      "client_msg_id": "",
      "created_at": "2026-03-14T03:41:43.210Z"
    }
  },
  {
    "model": "MyApp.supportmessage",
    "pk": 17,
    "fields": {
      "ticket": 3,
      "sender_type": "system",
      "sender": null,
      "content": "Cuộc trò chuyện đã kết thúc. Cảm ơn bạn đã liên hệ TeaZen! 🍵",
      "is_read": true,
      "is_internal": false,
      "client_msg_id": "",
      "created_at": "2026-03-14T03:41:52.000Z"
    }
  },
  {
    "model": "MyApp.supportrating",
    "pk": 1,
    "fields": {
      "ticket": 1,
      "rating": 3,
      "comment": "",
      "created_at": "2026-03-11T20:54:19.615Z"
    }
  },
  {
    "model": "MyApp.supportrating",
    "pk": 2,
    "fields": {
      "ticket": 2,
      "rating": 5,
      "comment": "Tự nhiên tắt",
      "created_at": "2026-03-11T21:00:41.211Z"
    }
  },
  {
    "model": "MyApp.auditlog",
    "pk": "0167915e-788d-483c-97d2-325796298210",
    "fields": {
      "timestamp": "2026-03-25T00:27:40.060Z",
      "event_type": "DATA_UPDATE",
      "severity_level": "WARNING",
      "actor_id": 3,
      "actor_role": "admin",
      "ip_address": "127.0.0.1",
      "user_agent": "Mozilla/5.0 (Windows NT 10.0; Win64; x64) AppleWebKit/537.36 (KHTML, like Gecko) Chrome/146.0.0.0 Safari/537.36",
      "resource_type": "Invoice",
      "resource_id": "10",
      "before_state": "{\"id\": 10, \"order\": \"Order ORD-20260325-E2ED4F [ID: 52]\", \"invoice_number\": \"INV-20260325-73A398\", \"pdf_file\": \"\", \"issue_date\": \"2026-03-25\", \"due_date\": null, \"status\": \"\\u0110\\u00e3 thanh to\\u00e1n (paid)\", \"total_amount\": \"280000\", \"tax_amount\": \"0\", \"customer_name\": \"Ph\\u1ea1m Qu\\u1ed1c Huy\", \"customer_address\": \"1231243123, X\\u00e3 T\\u1ea3 L\\u00e8ng, Huy\\u1ec7n Tam \\u0110\\u01b0\\u1eddng, T\\u1ec9nh Lai Ch\\u00e2u\", \"customer_tax_code\": \"\", \"generated_at\": \"2026-03-25 00:26:25.510246+00:00\", \"sent_at\": null}",
      "after_state": "{\"id\": 10, \"order\": \"Order ORD-20260325-E2ED4F [ID: 52]\", \"invoice_number\": \"INV-20260325-73A398\", \"pdf_file\": \"\", \"issue_date\": \"2026-03-25\", \"due_date\": null, \"status\": \"\\u0110\\u00e3 ph\\u00e1t h\\u00e0nh (issued)\", \"total_amount\": \"280000\", \"tax_amount\": \"0\", \"customer_name\": \"Ph\\u1ea1m Qu\\u1ed1c Huy\", \"customer_address\": \"1231243123, X\\u00e3 T\\u1ea3 L\\u00e8ng, Huy\\u1ec7n Tam \\u0110\\u01b0\\u1eddng, T\\u1ec9nh Lai Ch\\u00e2u\", \"customer_tax_code\": \"\", \"generated_at\": \"2026-03-25 00:26:25.510246+00:00\", \"sent_at\": null}",
      "status": "SUCCESS",
      "reason": "Invoice was updated",
      "previous_hash": "0719cc1cf0b9baf2cb0a6f363141d7dbf2eeff491ee31fc3f5738a2e53abff8a",
      "current_hash": "b22e29cf46316424e35f92aab0a5c18e6b4bbfa7656e1f3f4492aa44700d3d79"
    }
  },
  {
    "model": "MyApp.auditlog",
    "pk": "0a5bb8a3-b2d3-43d1-821d-d13e52987329",
    "fields": {
      "timestamp": "2026-03-24T23:23:07.673Z",
      "event_type": "DATA_UPDATE",
      "severity_level": "WARNING",
      "actor_id": 3,
      "actor_role": "admin",
      "ip_address": "127.0.0.1",
      "user_agent": "Mozilla/5.0 (Windows NT 10.0; Win64; x64) AppleWebKit/537.36 (KHTML, like Gecko) Chrome/146.0.0.0 Safari/537.36",
      "resource_type": "User",
      "resource_id": "3",
      "before_state": "{\"id\": 3, \"password\": \"pbkdf2_sha256$1000000$YwypuEqeriNPgQ1wOvSJTu$R2yPOp56yWCytT5Uj+JGtlbZqypNkIXbBeA82jEF1+c=\", \"last_login\": \"2026-03-24 18:15:08.345911+00:00\", \"is_superuser\": true, \"username\": \"phamquochuy\", \"first_name\": \"Ph\\u1ea1m\", \"last_name\": \"Qu\\u1ed1c Huy\", \"email\": \"phamquochuy13082003@gmail.com\", \"is_staff\": true, \"is_active\": true, \"date_joined\": \"2026-03-10 01:30:11.915306+00:00\"}",
      "after_state": "{\"id\": 3, \"password\": \"pbkdf2_sha256$1000000$YwypuEqeriNPgQ1wOvSJTu$R2yPOp56yWCytT5Uj+JGtlbZqypNkIXbBeA82jEF1+c=\", \"last_login\": \"2026-03-24 23:23:07.650769+00:00\", \"is_superuser\": true, \"username\": \"phamquochuy\", \"first_name\": \"Ph\\u1ea1m\", \"last_name\": \"Qu\\u1ed1c Huy\", \"email\": \"phamquochuy13082003@gmail.com\", \"is_staff\": true, \"is_active\": true, \"date_joined\": \"2026-03-10 01:30:11.915306+00:00\"}",
      "status": "SUCCESS",
      "reason": "User was updated",
      "previous_hash": "2f309a6211098750dab6df1d5f5dba7dfb2d0cdefc4c38e0ba1821041987a5c4",
      "current_hash": "aec79bc3617adffba711881f2f63e0b527b0b5b4e9f96eef1445be33e5610b5e"
    }
  },
  {
    "model": "MyApp.auditlog",
    "pk": "0c8d6dc2-ef24-47ca-b434-bfbc07c09609",
    "fields": {
      "timestamp": "2026-03-24T18:15:19.387Z",
      "event_type": "DATA_UPDATE",
      "severity_level": "WARNING",
      "actor_id": 3,
      "actor_role": "admin",
      "ip_address": "127.0.0.1",
      "user_agent": "Mozilla/5.0 (Windows NT 10.0; Win64; x64) AppleWebKit/537.36 (KHTML, like Gecko) Chrome/146.0.0.0 Safari/537.36",
      "resource_type": "Product",
      "resource_id": "23",
      "before_state": "{\"id\": 23, \"category\": \"Ph\\u1ee5 Ki\\u1ec7n Pha Tr\\u00e0 [ID: 5]\", \"title\": \"B\\u1ed9 Ch\\u00e9n Tr\\u00e0 G\\u1ed1m B\\u00e1t Tr\\u00e0ng\", \"slug\": \"bo-chen-tra-gom-bat-trang\", \"excerpt\": \"B\\u1ed9 6 ch\\u00e9n tr\\u00e0 g\\u1ed1m B\\u00e1t Tr\\u00e0ng men lam c\\u1ed5 \\u0111i\\u1ec3n.\", \"image\": \"products/_\\ud835\\uddd4\\ud835\\uddfb\\ud835\\uddf0\\ud835\\uddf6\\ud835\\uddf2\\ud835\\uddfb\\ud835\\ude01_\\ud835\\uddd4\\ud835\\ude00\\ud835\\uddf6\\ud835\\uddee\\ud835\\uddfb_\\ud835\\udde7\\ud835\\uddf2\\ud835\\uddee_\\ud835\\udde7\\ud835\\uddff\\ud835\\uddee\\ud835\\uddf1\\ud835\\uddf6\\ud835\\ude01\\ud835\\uddf6\\ud835\\uddfc\\ud835\\uddfb\\ud835\\ude00.jpg\", \"description\": \"B\\u1ed9 6 ch\\u00e9n tr\\u00e0 g\\u1ed1m B\\u00e1t Tr\\u00e0ng v\\u1edbi men lam c\\u1ed5 \\u0111i\\u1ec3n, hoa v\\u0103n truy\\u1ec1n th\\u1ed1ng Vi\\u1ec7t Nam. Dung t\\u00edch m\\u1ed7i ch\\u00e9n 50ml, k\\u00edch th\\u01b0\\u1edbc v\\u1eeba tay. G\\u1ed1m gi\\u1eef nhi\\u1ec7t t\\u1ed1t, an to\\u00e0n th\\u1ef1c ph\\u1ea9m, ph\\u00f9 h\\u1ee3p th\\u01b0\\u1edfng tr\\u00e0 ki\\u1ec3u Vi\\u1ec7t.\", \"ingredients\": \"G\\u1ed1m B\\u00e1t Tr\\u00e0ng men lam, nung \\u1edf nhi\\u1ec7t \\u0111\\u1ed9 cao, an to\\u00e0n th\\u1ef1c ph\\u1ea9m.\", \"brewing_guide\": \"Tr\\u00e1ng ch\\u00e9n b\\u1eb1ng n\\u01b0\\u1edbc n\\u00f3ng tr\\u01b0\\u1edbc khi r\\u00f3t tr\\u00e0. R\\u1eeda s\\u1ea1ch sau khi d\\u00f9ng, tr\\u00e1nh thay \\u0111\\u1ed5i nhi\\u1ec7t \\u0111\\u1ed9 \\u0111\\u1ed9t ng\\u1ed9t.\", \"price\": \"280000\", \"physical_stock\": 39, \"reserved_stock\": 1, \"views_count\": 55, \"created_at\": \"2026-03-11 15:29:35.472752+00:00\"}",
      "after_state": "{\"id\": 23, \"category\": \"Ph\\u1ee5 Ki\\u1ec7n Pha Tr\\u00e0 [ID: 5]\", \"title\": \"B\\u1ed9 Ch\\u00e9n Tr\\u00e0 G\\u1ed1m B\\u00e1t Tr\\u00e0ng\", \"slug\": \"bo-chen-tra-gom-bat-trang\", \"excerpt\": \"B\\u1ed9 6 ch\\u00e9n tr\\u00e0 g\\u1ed1m B\\u00e1t Tr\\u00e0ng men lam c\\u1ed5 \\u0111i\\u1ec3n.\", \"image\": \"products/_\\ud835\\uddd4\\ud835\\uddfb\\ud835\\uddf0\\ud835\\uddf6\\ud835\\uddf2\\ud835\\uddfb\\ud835\\ude01_\\ud835\\uddd4\\ud835\\ude00\\ud835\\uddf6\\ud835\\uddee\\ud835\\uddfb_\\ud835\\udde7\\ud835\\uddf2\\ud835\\uddee_\\ud835\\udde7\\ud835\\uddff\\ud835\\uddee\\ud835\\uddf1\\ud835\\uddf6\\ud835\\ude01\\ud835\\uddf6\\ud835\\uddfc\\ud835\\uddfb\\ud835\\ude00.jpg\", \"description\": \"B\\u1ed9 6 ch\\u00e9n tr\\u00e0 g\\u1ed1m B\\u00e1t Tr\\u00e0ng v\\u1edbi men lam c\\u1ed5 \\u0111i\\u1ec3n, hoa v\\u0103n truy\\u1ec1n th\\u1ed1ng Vi\\u1ec7t Nam. Dung t\\u00edch m\\u1ed7i ch\\u00e9n 50ml, k\\u00edch th\\u01b0\\u1edbc v\\u1eeba tay. G\\u1ed1m gi\\u1eef nhi\\u1ec7t t\\u1ed1t, an to\\u00e0n th\\u1ef1c ph\\u1ea9m, ph\\u00f9 h\\u1ee3p th\\u01b0\\u1edfng tr\\u00e0 ki\\u1ec3u Vi\\u1ec7t.\", \"ingredients\": \"G\\u1ed1m B\\u00e1t Tr\\u00e0ng men lam, nung \\u1edf nhi\\u1ec7t \\u0111\\u1ed9 cao, an to\\u00e0n th\\u1ef1c ph\\u1ea9m.\", \"brewing_guide\": \"Tr\\u00e1ng ch\\u00e9n b\\u1eb1ng n\\u01b0\\u1edbc n\\u00f3ng tr\\u01b0\\u1edbc khi r\\u00f3t tr\\u00e0. R\\u1eeda s\\u1ea1ch sau khi d\\u00f9ng, tr\\u00e1nh thay \\u0111\\u1ed5i nhi\\u1ec7t \\u0111\\u1ed9 \\u0111\\u1ed9t ng\\u1ed9t.\", \"price\": \"280000\", \"physical_stock\": 39, \"reserved_stock\": 1, \"views_count\": \"F(views_count) + Value(1)\", \"created_at\": \"2026-03-11 15:29:35.472752+00:00\"}",
      "status": "SUCCESS",
      "reason": "Product was updated",
      "previous_hash": "730956e9cfb5dc42c01d524e5fb856a9fba74bc19ac076e90db49c05dc135bc2",
      "current_hash": "9325a098015a25ef2785c2bc75ff570a5485e7fe8449784a6c2d68cb5ded9ca9"
    }
  },
  {
    "model": "MyApp.auditlog",
    "pk": "0cf3e867-162f-4753-861a-83d25a6cce9e",
    "fields": {
      "timestamp": "2026-03-25T01:38:18.771Z",
      "event_type": "DATA_UPDATE",
      "severity_level": "WARNING",
      "actor_id": null,
      "actor_role": "customer",
      "ip_address": "127.0.0.1",
      "user_agent": "Mozilla/5.0 (Windows NT 10.0; Win64; x64) AppleWebKit/537.36 (KHTML, like Gecko) Chrome/146.0.0.0 Safari/537.36",
      "resource_type": "Product",
      "resource_id": "19",
      "before_state": "{\"id\": 19, \"category\": \"Tr\\u00e0 Th\\u1ea3o M\\u1ed9c [ID: 4]\", \"title\": \"Tr\\u00e0 Atiso \\u0110\\u00e0 L\\u1ea1t\", \"slug\": \"tra-atiso-da-lat\", \"excerpt\": \"Tr\\u00e0 atiso m\\u00e1t gan, thanh l\\u1ecdc c\\u01a1 th\\u1ec3 t\\u1eeb \\u0110\\u00e0 L\\u1ea1t.\", \"image\": \"products/t\\u1ea3i_xu\\u1ed1ng_42.jpg\", \"description\": \"Tr\\u00e0 atiso t\\u1eeb v\\u00f9ng \\u0110\\u00e0 L\\u1ea1t, \\u0111\\u01b0\\u1ee3c s\\u1ea5y kh\\u00f4 t\\u1ef1 nhi\\u00ean gi\\u1eef nguy\\u00ean d\\u01b0\\u1ee1ng ch\\u1ea5t. C\\u00f3 t\\u00e1c d\\u1ee5ng thanh nhi\\u1ec7t, m\\u00e1t gan, h\\u1ed7 tr\\u1ee3 ti\\u00eau h\\u00f3a v\\u00e0 gi\\u1ea3m cholesterol. Kh\\u00f4ng caffeine, th\\u00edch h\\u1ee3p cho m\\u1ecdi l\\u1ee9a tu\\u1ed5i.\", \"ingredients\": \"L\\u00e1 v\\u00e0 hoa atiso \\u0110\\u00e0 L\\u1ea1t s\\u1ea5y kh\\u00f4 100% t\\u1ef1 nhi\\u00ean.\", \"brewing_guide\": \"Cho 10g atiso v\\u00e0o 500ml n\\u01b0\\u1edbc, \\u0111un s\\u00f4i nh\\u1ecf l\\u1eeda 10-15 ph\\u00fat. L\\u1ecdc, th\\u00eam \\u0111\\u01b0\\u1eddng ph\\u00e8n n\\u1ebfu th\\u00edch. C\\u00f3 th\\u1ec3 u\\u1ed1ng n\\u00f3ng ho\\u1eb7c l\\u1ea1nh.\", \"price\": \"75000\", \"physical_stock\": 179, \"reserved_stock\": 0, \"views_count\": 9, \"created_at\": \"2026-03-11 15:29:35.408337+00:00\"}",
      "after_state": "{\"id\": 19, \"category\": \"Tr\\u00e0 Th\\u1ea3o M\\u1ed9c [ID: 4]\", \"title\": \"Tr\\u00e0 Atiso \\u0110\\u00e0 L\\u1ea1t\", \"slug\": \"tra-atiso-da-lat\", \"excerpt\": \"Tr\\u00e0 atiso m\\u00e1t gan, thanh l\\u1ecdc c\\u01a1 th\\u1ec3 t\\u1eeb \\u0110\\u00e0 L\\u1ea1t.\", \"image\": \"products/t\\u1ea3i_xu\\u1ed1ng_42.jpg\", \"description\": \"Tr\\u00e0 atiso t\\u1eeb v\\u00f9ng \\u0110\\u00e0 L\\u1ea1t, \\u0111\\u01b0\\u1ee3c s\\u1ea5y kh\\u00f4 t\\u1ef1 nhi\\u00ean gi\\u1eef nguy\\u00ean d\\u01b0\\u1ee1ng ch\\u1ea5t. C\\u00f3 t\\u00e1c d\\u1ee5ng thanh nhi\\u1ec7t, m\\u00e1t gan, h\\u1ed7 tr\\u1ee3 ti\\u00eau h\\u00f3a v\\u00e0 gi\\u1ea3m cholesterol. Kh\\u00f4ng caffeine, th\\u00edch h\\u1ee3p cho m\\u1ecdi l\\u1ee9a tu\\u1ed5i.\", \"ingredients\": \"L\\u00e1 v\\u00e0 hoa atiso \\u0110\\u00e0 L\\u1ea1t s\\u1ea5y kh\\u00f4 100% t\\u1ef1 nhi\\u00ean.\", \"brewing_guide\": \"Cho 10g atiso v\\u00e0o 500ml n\\u01b0\\u1edbc, \\u0111un s\\u00f4i nh\\u1ecf l\\u1eeda 10-15 ph\\u00fat. L\\u1ecdc, th\\u00eam \\u0111\\u01b0\\u1eddng ph\\u00e8n n\\u1ebfu th\\u00edch. C\\u00f3 th\\u1ec3 u\\u1ed1ng n\\u00f3ng ho\\u1eb7c l\\u1ea1nh.\", \"price\": \"75000\", \"physical_stock\": 179, \"reserved_stock\": 0, \"views_count\": \"F(views_count) + Value(1)\", \"created_at\": \"2026-03-11 15:29:35.408337+00:00\"}",
      "status": "SUCCESS",
      "reason": "Product was updated",
      "previous_hash": "c158f96be5d115133f699bab595daf13330a36d70f494c8837d7e428a8200cc5",
      "current_hash": "b54f307bf0af08c19e416ddf5be2f7f31c4e6653a07ad494dce7f3488a1a8ff0"
    }
  },
  {
    "model": "MyApp.auditlog",
    "pk": "0e985e26-739c-4619-bc77-bc50f2ea21ce",
    "fields": {
      "timestamp": "2026-03-25T00:07:51.757Z",
      "event_type": "DATA_UPDATE",
      "severity_level": "WARNING",
      "actor_id": 3,
      "actor_role": "admin",
      "ip_address": "127.0.0.1",
      "user_agent": "Mozilla/5.0 (Windows NT 10.0; Win64; x64) AppleWebKit/537.36 (KHTML, like Gecko) Chrome/146.0.0.0 Safari/537.36",
      "resource_type": "Product",
      "resource_id": "24",
      "before_state": "{\"id\": 24, \"category\": \"Ph\\u1ee5 Ki\\u1ec7n Pha Tr\\u00e0 [ID: 5]\", \"title\": \"Chasen - Ch\\u1ed5i Tre \\u0110\\u00e1nh Matcha\", \"slug\": \"chasen-choi-tre-danh-matcha\", \"excerpt\": \"Ch\\u1ed5i tre 80 nan truy\\u1ec1n th\\u1ed1ng cho matcha m\\u1ecbn ho\\u00e0n h\\u1ea3o.\", \"image\": \"products/Presenting_the_Osulloc_Tea_House_at_Our_Seoul_Arts_Complex___Pace_Gallery.jpg\", \"description\": \"<p style=\\\"text-align: center;\\\"><span style=\\\"font-family: 'courier new', courier, monospace; font-size: 24pt;\\\"><strong>Chasen </strong></span></p>\\r\\n<p><span style=\\\"font-family: 'courier new', courier, monospace; font-size: 24pt;\\\">Ch\\u1ed5i tre \\u0111&aacute;nh matcha 80 nan, l&agrave;m th\\u1ee7 c&ocirc;ng t\\u1eeb tre gi&agrave; t\\u1ef1 nhi&ecirc;n. D\\u1ee5ng c\\u1ee5 kh&ocirc;ng th\\u1ec3 thi\\u1ebfu trong tr&agrave; \\u0111\\u1ea1o Nh\\u1eadt B\\u1ea3n, gi&uacute;p \\u0111&aacute;nh matcha t\\u1ea1o b\\u1ecdt m\\u1ecbn \\u0111\\u1ec1u. K&egrave;m \\u0111\\u1ebf gi\\u1eef chasen \\u0111\\u1ec3 b\\u1ea3o qu\\u1ea3n \\u0111&uacute;ng c&aacute;ch.</span></p>\", \"ingredients\": \"<p>Tre gi&agrave; t\\u1ef1 nhi&ecirc;n, ch\\u1ebf t&aacute;c th\\u1ee7 c&ocirc;ng truy\\u1ec1n th\\u1ed1ng Nh\\u1eadt B\\u1ea3n.</p>\", \"brewing_guide\": \"<p>Ng&acirc;m chasen trong n\\u01b0\\u1edbc \\u1ea5m 1 ph&uacute;t tr\\u01b0\\u1edbc khi d&ugrave;ng. \\u0110&aacute;nh matcha theo h&igrave;nh ch\\u1eef W. Sau khi d&ugrave;ng, r\\u1eeda s\\u1ea1ch b\\u1eb1ng n\\u01b0\\u1edbc \\u1ea5m, \\u0111\\u1eb7t l&ecirc;n \\u0111\\u1ebf gi\\u1eef chasen.</p>\", \"price\": \"195000\", \"physical_stock\": 55, \"reserved_stock\": 1, \"views_count\": 13, \"created_at\": \"2026-03-11 15:29:35.486331+00:00\"}",
      "after_state": "{\"id\": 24, \"category\": \"Ph\\u1ee5 Ki\\u1ec7n Pha Tr\\u00e0 [ID: 5]\", \"title\": \"Chasen - Ch\\u1ed5i Tre \\u0110\\u00e1nh Matcha\", \"slug\": \"chasen-choi-tre-danh-matcha\", \"excerpt\": \"Ch\\u1ed5i tre 80 nan truy\\u1ec1n th\\u1ed1ng cho matcha m\\u1ecbn ho\\u00e0n h\\u1ea3o.\", \"image\": \"products/Presenting_the_Osulloc_Tea_House_at_Our_Seoul_Arts_Complex___Pace_Gallery.jpg\", \"description\": \"<p style=\\\"text-align: center;\\\"><span style=\\\"font-family: 'courier new', courier, monospace; font-size: 24pt;\\\"><strong>Chasen </strong></span></p>\\r\\n<p><span style=\\\"font-family: 'courier new', courier, monospace; font-size: 24pt;\\\">Ch\\u1ed5i tre \\u0111&aacute;nh matcha 80 nan, l&agrave;m th\\u1ee7 c&ocirc;ng t\\u1eeb tre gi&agrave; t\\u1ef1 nhi&ecirc;n. D\\u1ee5ng c\\u1ee5 kh&ocirc;ng th\\u1ec3 thi\\u1ebfu trong tr&agrave; \\u0111\\u1ea1o Nh\\u1eadt B\\u1ea3n, gi&uacute;p \\u0111&aacute;nh matcha t\\u1ea1o b\\u1ecdt m\\u1ecbn \\u0111\\u1ec1u. K&egrave;m \\u0111\\u1ebf gi\\u1eef chasen \\u0111\\u1ec3 b\\u1ea3o qu\\u1ea3n \\u0111&uacute;ng c&aacute;ch.</span></p>\", \"ingredients\": \"<p>Tre gi&agrave; t\\u1ef1 nhi&ecirc;n, ch\\u1ebf t&aacute;c th\\u1ee7 c&ocirc;ng truy\\u1ec1n th\\u1ed1ng Nh\\u1eadt B\\u1ea3n.</p>\", \"brewing_guide\": \"<p>Ng&acirc;m chasen trong n\\u01b0\\u1edbc \\u1ea5m 1 ph&uacute;t tr\\u01b0\\u1edbc khi d&ugrave;ng. \\u0110&aacute;nh matcha theo h&igrave;nh ch\\u1eef W. Sau khi d&ugrave;ng, r\\u1eeda s\\u1ea1ch b\\u1eb1ng n\\u01b0\\u1edbc \\u1ea5m, \\u0111\\u1eb7t l&ecirc;n \\u0111\\u1ebf gi\\u1eef chasen.</p>\", \"price\": \"195000\", \"physical_stock\": 55, \"reserved_stock\": 1, \"views_count\": \"F(views_count) + Value(1)\", \"created_at\": \"2026-03-11 15:29:35.486331+00:00\"}",
      "status": "SUCCESS",
      "reason": "Product was updated",
      "previous_hash": "d8833bba28beb32819d0b368f8378b2e42bccca926a130020b1a99153141f20a",
      "current_hash": "6017e1e97e59eef73a9ff12f8b019db206621aacd8559f2325f9db192baf6541"
    }
  },
  {
    "model": "MyApp.auditlog",
    "pk": "0f846cd5-e282-4801-be3d-965b35505ba2",
    "fields": {
      "timestamp": "2026-03-24T23:23:49.918Z",
      "event_type": "DATA_UPDATE",
      "severity_level": "WARNING",
      "actor_id": 3,
      "actor_role": "admin",
      "ip_address": "127.0.0.1",
      "user_agent": "Mozilla/5.0 (Windows NT 10.0; Win64; x64) AppleWebKit/537.36 (KHTML, like Gecko) Chrome/146.0.0.0 Safari/537.36",
      "resource_type": "Product",
      "resource_id": "18",
      "before_state": "{\"id\": 18, \"category\": \"Tr\\u00e0 Th\\u1ea3o M\\u1ed9c [ID: 4]\", \"title\": \"Tr\\u00e0 Hoa C\\u00fac M\\u1eadt Ong\", \"slug\": \"tra-hoa-cuc-mat-ong\", \"excerpt\": \"Tr\\u00e0 hoa c\\u00fac v\\u00e0ng k\\u1ebft h\\u1ee3p m\\u1eadt ong, thanh m\\u00e1t d\\u1ec5 u\\u1ed1ng.\", \"image\": \"products/t\\u1ea3i_xu\\u1ed1ng_41.jpg\", \"description\": \"Hoa c\\u00fac v\\u00e0ng s\\u1ea5y kh\\u00f4 k\\u1ebft h\\u1ee3p c\\u00f9ng m\\u1eadt ong nguy\\u00ean ch\\u1ea5t. Tr\\u00e0 kh\\u00f4ng ch\\u1ee9a caffeine, th\\u00edch h\\u1ee3p u\\u1ed1ng bu\\u1ed5i t\\u1ed1i \\u0111\\u1ec3 th\\u01b0 gi\\u00e3n v\\u00e0 ng\\u1ee7 ngon. N\\u01b0\\u1edbc pha v\\u00e0ng nh\\u1ea1t, h\\u01b0\\u01a1ng hoa nh\\u1eb9 nh\\u00e0ng, v\\u1ecb ng\\u1ecdt thanh t\\u1ef1 nhi\\u00ean.\", \"ingredients\": \"Hoa c\\u00fac v\\u00e0ng s\\u1ea5y kh\\u00f4, m\\u1eadt ong hoa nh\\u00e3n nguy\\u00ean ch\\u1ea5t.\", \"brewing_guide\": \"Cho 5-7 b\\u00f4ng c\\u00fac v\\u00e0o c\\u1ed1c, \\u0111\\u1ed5 n\\u01b0\\u1edbc 90\\u00b0C, h\\u00e3m 5 ph\\u00fat. Th\\u00eam 1 th\\u00eca m\\u1eadt ong khi n\\u01b0\\u1edbc ngu\\u1ed9i b\\u1edbt (d\\u01b0\\u1edbi 60\\u00b0C). Khu\\u1ea5y \\u0111\\u1ec1u, th\\u01b0\\u1edfng th\\u1ee9c.\", \"price\": \"95000\", \"physical_stock\": 200, \"reserved_stock\": 1, \"views_count\": 2, \"created_at\": \"2026-03-11 15:29:35.395397+00:00\"}",
      "after_state": "{\"id\": 18, \"category\": \"Tr\\u00e0 Th\\u1ea3o M\\u1ed9c [ID: 4]\", \"title\": \"Tr\\u00e0 Hoa C\\u00fac M\\u1eadt Ong\", \"slug\": \"tra-hoa-cuc-mat-ong\", \"excerpt\": \"Tr\\u00e0 hoa c\\u00fac v\\u00e0ng k\\u1ebft h\\u1ee3p m\\u1eadt ong, thanh m\\u00e1t d\\u1ec5 u\\u1ed1ng.\", \"image\": \"products/t\\u1ea3i_xu\\u1ed1ng_41.jpg\", \"description\": \"Hoa c\\u00fac v\\u00e0ng s\\u1ea5y kh\\u00f4 k\\u1ebft h\\u1ee3p c\\u00f9ng m\\u1eadt ong nguy\\u00ean ch\\u1ea5t. Tr\\u00e0 kh\\u00f4ng ch\\u1ee9a caffeine, th\\u00edch h\\u1ee3p u\\u1ed1ng bu\\u1ed5i t\\u1ed1i \\u0111\\u1ec3 th\\u01b0 gi\\u00e3n v\\u00e0 ng\\u1ee7 ngon. N\\u01b0\\u1edbc pha v\\u00e0ng nh\\u1ea1t, h\\u01b0\\u01a1ng hoa nh\\u1eb9 nh\\u00e0ng, v\\u1ecb ng\\u1ecdt thanh t\\u1ef1 nhi\\u00ean.\", \"ingredients\": \"Hoa c\\u00fac v\\u00e0ng s\\u1ea5y kh\\u00f4, m\\u1eadt ong hoa nh\\u00e3n nguy\\u00ean ch\\u1ea5t.\", \"brewing_guide\": \"Cho 5-7 b\\u00f4ng c\\u00fac v\\u00e0o c\\u1ed1c, \\u0111\\u1ed5 n\\u01b0\\u1edbc 90\\u00b0C, h\\u00e3m 5 ph\\u00fat. Th\\u00eam 1 th\\u00eca m\\u1eadt ong khi n\\u01b0\\u1edbc ngu\\u1ed9i b\\u1edbt (d\\u01b0\\u1edbi 60\\u00b0C). Khu\\u1ea5y \\u0111\\u1ec1u, th\\u01b0\\u1edfng th\\u1ee9c.\", \"price\": \"95000\", \"physical_stock\": 200, \"reserved_stock\": 1, \"views_count\": \"F(views_count) + Value(1)\", \"created_at\": \"2026-03-11 15:29:35.395397+00:00\"}",
      "status": "SUCCESS",
      "reason": "Product was updated",
      "previous_hash": "6c140e344a9b9ebc2874aaf628eb56420de0a46183c3c6302d352be0561431ac",
      "current_hash": "8edbcb668f8df676a5cdcae84bb49779e03120a6ea6a632f274f3a53c5d4e129"
    }
  },
  {
    "model": "MyApp.auditlog",
    "pk": "114f300a-a2c2-4148-8d45-f66418c239e4",
    "fields": {
      "timestamp": "2026-03-25T00:27:44.745Z",
      "event_type": "DATA_CREATE",
      "severity_level": "INFO",
      "actor_id": 3,
      "actor_role": "admin",
      "ip_address": "127.0.0.1",
      "user_agent": "Mozilla/5.0 (Windows NT 10.0; Win64; x64) AppleWebKit/537.36 (KHTML, like Gecko) Chrome/146.0.0.0 Safari/537.36",
      "resource_type": "InventoryTransaction",
      "resource_id": "35",
      "before_state": "",
      "after_state": "{\"id\": 35, \"product\": \"B\\u1ed9 Ch\\u00e9n Tr\\u00e0 G\\u1ed1m B\\u00e1t Tr\\u00e0ng [ID: 23]\", \"variation\": null, \"transaction_type\": \"Xu\\u1ea5t kho (OUT)\", \"quantity\": -1, \"is_physical\": true, \"reference_id\": \"ORD-20260325-E2ED4F | Xu\\u1ea5t kho cho \\u0111\\u01a1n h\\u00e0ng ORD-20260325-E2ED4F\", \"timestamp\": \"2026-03-25 00:27:44.744459+00:00\", \"user\": \"phamquochuy [ID: 3]\"}",
      "status": "SUCCESS",
      "reason": "InventoryTransaction was created",
      "previous_hash": "eb9cea994fef877f96af13d960733e712ca198115c0929053e0ae3c02157411d",
      "current_hash": "3a107515c3652db92570b50a22817c51384444826ebcc4211a3b4346b6d4a3d1"
    }
  },
  {
    "model": "MyApp.auditlog",
    "pk": "12981f78-f171-4d2f-9915-be09a254b165",
    "fields": {
      "timestamp": "2026-03-21T03:15:51.571Z",
      "event_type": "DATA_UPDATE",
      "severity_level": "WARNING",
      "actor_id": 3,
      "actor_role": "admin",
      "ip_address": "127.0.0.1",
      "user_agent": "Mozilla/5.0 (Windows NT 10.0; Win64; x64) AppleWebKit/537.36 (KHTML, like Gecko) Chrome/146.0.0.0 Safari/537.36",
      "resource_type": "Product",
      "resource_id": "24",
      "before_state": "{\"id\": 24, \"category\": \"Ph\\u1ee5 Ki\\u1ec7n Pha Tr\\u00e0 [ID: 5]\", \"title\": \"Chasen - Ch\\u1ed5i Tre \\u0110\\u00e1nh Matcha\", \"slug\": \"chasen-choi-tre-danh-matcha\", \"excerpt\": \"Ch\\u1ed5i tre 80 nan truy\\u1ec1n th\\u1ed1ng cho matcha m\\u1ecbn ho\\u00e0n h\\u1ea3o.\", \"image\": \"products/Presenting_the_Osulloc_Tea_House_at_Our_Seoul_Arts_Complex___Pace_Gallery.jpg\", \"description\": \"<p style=\\\"text-align: center;\\\"><span style=\\\"font-family: 'courier new', courier, monospace; font-size: 24pt;\\\"><strong>Chasen </strong></span></p>\\r\\n<p><span style=\\\"font-family: 'courier new', courier, monospace; font-size: 24pt;\\\">Ch\\u1ed5i tre \\u0111&aacute;nh matcha 80 nan, l&agrave;m th\\u1ee7 c&ocirc;ng t\\u1eeb tre gi&agrave; t\\u1ef1 nhi&ecirc;n. D\\u1ee5ng c\\u1ee5 kh&ocirc;ng th\\u1ec3 thi\\u1ebfu trong tr&agrave; \\u0111\\u1ea1o Nh\\u1eadt B\\u1ea3n, gi&uacute;p \\u0111&aacute;nh matcha t\\u1ea1o b\\u1ecdt m\\u1ecbn \\u0111\\u1ec1u. K&egrave;m \\u0111\\u1ebf gi\\u1eef chasen \\u0111\\u1ec3 b\\u1ea3o qu\\u1ea3n \\u0111&uacute;ng c&aacute;ch.</span></p>\", \"ingredients\": \"<p>Tre gi&agrave; t\\u1ef1 nhi&ecirc;n, ch\\u1ebf t&aacute;c th\\u1ee7 c&ocirc;ng truy\\u1ec1n th\\u1ed1ng Nh\\u1eadt B\\u1ea3n.</p>\", \"brewing_guide\": \"<p>Ng&acirc;m chasen trong n\\u01b0\\u1edbc \\u1ea5m 1 ph&uacute;t tr\\u01b0\\u1edbc khi d&ugrave;ng. \\u0110&aacute;nh matcha theo h&igrave;nh ch\\u1eef W. Sau khi d&ugrave;ng, r\\u1eeda s\\u1ea1ch b\\u1eb1ng n\\u01b0\\u1edbc \\u1ea5m, \\u0111\\u1eb7t l&ecirc;n \\u0111\\u1ebf gi\\u1eef chasen.</p>\", \"price\": \"195000\", \"physical_stock\": 55, \"reserved_stock\": 1, \"views_count\": 6, \"created_at\": \"2026-03-11 15:29:35.486331+00:00\"}",
      "after_state": "{\"id\": 24, \"category\": \"Ph\\u1ee5 Ki\\u1ec7n Pha Tr\\u00e0 [ID: 5]\", \"title\": \"Chasen - Ch\\u1ed5i Tre \\u0110\\u00e1nh Matcha\", \"slug\": \"chasen-choi-tre-danh-matcha\", \"excerpt\": \"Ch\\u1ed5i tre 80 nan truy\\u1ec1n th\\u1ed1ng cho matcha m\\u1ecbn ho\\u00e0n h\\u1ea3o.\", \"image\": \"products/Presenting_the_Osulloc_Tea_House_at_Our_Seoul_Arts_Complex___Pace_Gallery.jpg\", \"description\": \"<p style=\\\"text-align: center;\\\"><span style=\\\"font-family: 'courier new', courier, monospace; font-size: 24pt;\\\"><strong>Chasen </strong></span></p>\\r\\n<p><span style=\\\"font-family: 'courier new', courier, monospace; font-size: 24pt;\\\">Ch\\u1ed5i tre \\u0111&aacute;nh matcha 80 nan, l&agrave;m th\\u1ee7 c&ocirc;ng t\\u1eeb tre gi&agrave; t\\u1ef1 nhi&ecirc;n. D\\u1ee5ng c\\u1ee5 kh&ocirc;ng th\\u1ec3 thi\\u1ebfu trong tr&agrave; \\u0111\\u1ea1o Nh\\u1eadt B\\u1ea3n, gi&uacute;p \\u0111&aacute;nh matcha t\\u1ea1o b\\u1ecdt m\\u1ecbn \\u0111\\u1ec1u. K&egrave;m \\u0111\\u1ebf gi\\u1eef chasen \\u0111\\u1ec3 b\\u1ea3o qu\\u1ea3n \\u0111&uacute;ng c&aacute;ch.</span></p>\", \"ingredients\": \"<p>Tre gi&agrave; t\\u1ef1 nhi&ecirc;n, ch\\u1ebf t&aacute;c th\\u1ee7 c&ocirc;ng truy\\u1ec1n th\\u1ed1ng Nh\\u1eadt B\\u1ea3n.</p>\", \"brewing_guide\": \"<p>Ng&acirc;m chasen trong n\\u01b0\\u1edbc \\u1ea5m 1 ph&uacute;t tr\\u01b0\\u1edbc khi d&ugrave;ng. \\u0110&aacute;nh matcha theo h&igrave;nh ch\\u1eef W. Sau khi d&ugrave;ng, r\\u1eeda s\\u1ea1ch b\\u1eb1ng n\\u01b0\\u1edbc \\u1ea5m, \\u0111\\u1eb7t l&ecirc;n \\u0111\\u1ebf gi\\u1eef chasen.</p>\", \"price\": \"195000\", \"physical_stock\": 55, \"reserved_stock\": 1, \"views_count\": \"F(views_count) + Value(1)\", \"created_at\": \"2026-03-11 15:29:35.486331+00:00\"}",
      "status": "SUCCESS",
      "reason": "Product was updated",
      "previous_hash": "c6b51cb69fa2a55e35691e28fe480df14346edc6e07165c038d7cc08a97256b5",
      "current_hash": "54f467072f3fbde916ad334d76d54ac5f8ed1de1d4dd35b0e734e76e82feb81b"
    }
  },
  {
    "model": "MyApp.auditlog",
    "pk": "1459f044-2764-439e-98c1-921f10a9dcb2",
    "fields": {
      "timestamp": "2026-03-24T18:15:08.365Z",
      "event_type": "AUTH_LOGIN",
      "severity_level": "INFO",
      "actor_id": 3,
      "actor_role": "admin",
      "ip_address": "127.0.0.1",
      "user_agent": "Mozilla/5.0 (Windows NT 10.0; Win64; x64) AppleWebKit/537.36 (KHTML, like Gecko) Chrome/146.0.0.0 Safari/537.36",
      "resource_type": "User",
      "resource_id": "3",
      "before_state": "",
      "after_state": "",
      "status": "SUCCESS",
      "reason": "User logged in successfully",
      "previous_hash": "d7d89273d0401ea00f8fa14836c0110316e565394f49c3fc2375627edc63f57a",
      "current_hash": "50c89b6773fcfd17d7ffe1e96feb2f99e87aa15489f6867d17e2d5ec059d5bda"
    }
  },
  {
    "model": "MyApp.auditlog",
    "pk": "17088d7c-3dda-4b7c-974f-2cd18d097862",
    "fields": {
      "timestamp": "2026-03-21T07:39:39.571Z",
      "event_type": "DATA_UPDATE",
      "severity_level": "WARNING",
      "actor_id": 3,
      "actor_role": "admin",
      "ip_address": "127.0.0.1",
      "user_agent": "Mozilla/5.0 (Windows NT 10.0; Win64; x64) AppleWebKit/537.36 (KHTML, like Gecko) Chrome/146.0.0.0 Safari/537.36",
      "resource_type": "Product",
      "resource_id": "23",
      "before_state": "{\"id\": 23, \"category\": \"Ph\\u1ee5 Ki\\u1ec7n Pha Tr\\u00e0 [ID: 5]\", \"title\": \"B\\u1ed9 Ch\\u00e9n Tr\\u00e0 G\\u1ed1m B\\u00e1t Tr\\u00e0ng\", \"slug\": \"bo-chen-tra-gom-bat-trang\", \"excerpt\": \"B\\u1ed9 6 ch\\u00e9n tr\\u00e0 g\\u1ed1m B\\u00e1t Tr\\u00e0ng men lam c\\u1ed5 \\u0111i\\u1ec3n.\", \"image\": \"products/_\\ud835\\uddd4\\ud835\\uddfb\\ud835\\uddf0\\ud835\\uddf6\\ud835\\uddf2\\ud835\\uddfb\\ud835\\ude01_\\ud835\\uddd4\\ud835\\ude00\\ud835\\uddf6\\ud835\\uddee\\ud835\\uddfb_\\ud835\\udde7\\ud835\\uddf2\\ud835\\uddee_\\ud835\\udde7\\ud835\\uddff\\ud835\\uddee\\ud835\\uddf1\\ud835\\uddf6\\ud835\\ude01\\ud835\\uddf6\\ud835\\uddfc\\ud835\\uddfb\\ud835\\ude00.jpg\", \"description\": \"B\\u1ed9 6 ch\\u00e9n tr\\u00e0 g\\u1ed1m B\\u00e1t Tr\\u00e0ng v\\u1edbi men lam c\\u1ed5 \\u0111i\\u1ec3n, hoa v\\u0103n truy\\u1ec1n th\\u1ed1ng Vi\\u1ec7t Nam. Dung t\\u00edch m\\u1ed7i ch\\u00e9n 50ml, k\\u00edch th\\u01b0\\u1edbc v\\u1eeba tay. G\\u1ed1m gi\\u1eef nhi\\u1ec7t t\\u1ed1t, an to\\u00e0n th\\u1ef1c ph\\u1ea9m, ph\\u00f9 h\\u1ee3p th\\u01b0\\u1edfng tr\\u00e0 ki\\u1ec3u Vi\\u1ec7t.\", \"ingredients\": \"G\\u1ed1m B\\u00e1t Tr\\u00e0ng men lam, nung \\u1edf nhi\\u1ec7t \\u0111\\u1ed9 cao, an to\\u00e0n th\\u1ef1c ph\\u1ea9m.\", \"brewing_guide\": \"Tr\\u00e1ng ch\\u00e9n b\\u1eb1ng n\\u01b0\\u1edbc n\\u00f3ng tr\\u01b0\\u1edbc khi r\\u00f3t tr\\u00e0. R\\u1eeda s\\u1ea1ch sau khi d\\u00f9ng, tr\\u00e1nh thay \\u0111\\u1ed5i nhi\\u1ec7t \\u0111\\u1ed9 \\u0111\\u1ed9t ng\\u1ed9t.\", \"price\": \"280000\", \"physical_stock\": 39, \"reserved_stock\": 1, \"views_count\": 53, \"created_at\": \"2026-03-11 15:29:35.472752+00:00\"}",
      "after_state": "{\"id\": 23, \"category\": \"Ph\\u1ee5 Ki\\u1ec7n Pha Tr\\u00e0 [ID: 5]\", \"title\": \"B\\u1ed9 Ch\\u00e9n Tr\\u00e0 G\\u1ed1m B\\u00e1t Tr\\u00e0ng\", \"slug\": \"bo-chen-tra-gom-bat-trang\", \"excerpt\": \"B\\u1ed9 6 ch\\u00e9n tr\\u00e0 g\\u1ed1m B\\u00e1t Tr\\u00e0ng men lam c\\u1ed5 \\u0111i\\u1ec3n.\", \"image\": \"products/_\\ud835\\uddd4\\ud835\\uddfb\\ud835\\uddf0\\ud835\\uddf6\\ud835\\uddf2\\ud835\\uddfb\\ud835\\ude01_\\ud835\\uddd4\\ud835\\ude00\\ud835\\uddf6\\ud835\\uddee\\ud835\\uddfb_\\ud835\\udde7\\ud835\\uddf2\\ud835\\uddee_\\ud835\\udde7\\ud835\\uddff\\ud835\\uddee\\ud835\\uddf1\\ud835\\uddf6\\ud835\\ude01\\ud835\\uddf6\\ud835\\uddfc\\ud835\\uddfb\\ud835\\ude00.jpg\", \"description\": \"B\\u1ed9 6 ch\\u00e9n tr\\u00e0 g\\u1ed1m B\\u00e1t Tr\\u00e0ng v\\u1edbi men lam c\\u1ed5 \\u0111i\\u1ec3n, hoa v\\u0103n truy\\u1ec1n th\\u1ed1ng Vi\\u1ec7t Nam. Dung t\\u00edch m\\u1ed7i ch\\u00e9n 50ml, k\\u00edch th\\u01b0\\u1edbc v\\u1eeba tay. G\\u1ed1m gi\\u1eef nhi\\u1ec7t t\\u1ed1t, an to\\u00e0n th\\u1ef1c ph\\u1ea9m, ph\\u00f9 h\\u1ee3p th\\u01b0\\u1edfng tr\\u00e0 ki\\u1ec3u Vi\\u1ec7t.\", \"ingredients\": \"G\\u1ed1m B\\u00e1t Tr\\u00e0ng men lam, nung \\u1edf nhi\\u1ec7t \\u0111\\u1ed9 cao, an to\\u00e0n th\\u1ef1c ph\\u1ea9m.\", \"brewing_guide\": \"Tr\\u00e1ng ch\\u00e9n b\\u1eb1ng n\\u01b0\\u1edbc n\\u00f3ng tr\\u01b0\\u1edbc khi r\\u00f3t tr\\u00e0. R\\u1eeda s\\u1ea1ch sau khi d\\u00f9ng, tr\\u00e1nh thay \\u0111\\u1ed5i nhi\\u1ec7t \\u0111\\u1ed9 \\u0111\\u1ed9t ng\\u1ed9t.\", \"price\": \"280000\", \"physical_stock\": 39, \"reserved_stock\": \"F(reserved_stock) - Value(1)\", \"views_count\": 53, \"created_at\": \"2026-03-11 15:29:35.472752+00:00\"}",
      "status": "SUCCESS",
      "reason": "Product was updated",
      "previous_hash": "75492946501a44909c983a0fe5580dd624c4dc4e19059422344634bf3a193e08",
      "current_hash": "1e09a1e5f2aba70c3900255ad579f011186fdca722a8c9275456ecddb47f573b"
    }
  },
  {
    "model": "MyApp.auditlog",
    "pk": "196a8b79-3601-4572-93e0-59fb1ab3e329",
    "fields": {
      "timestamp": "2026-03-24T23:24:24.737Z",
      "event_type": "DATA_CREATE",
      "severity_level": "INFO",
      "actor_id": 3,
      "actor_role": "admin",
      "ip_address": "127.0.0.1",
      "user_agent": "Mozilla/5.0 (Windows NT 10.0; Win64; x64) AppleWebKit/537.36 (KHTML, like Gecko) Chrome/146.0.0.0 Safari/537.36",
      "resource_type": "InventoryTransaction",
      "resource_id": "31",
      "before_state": "",
      "after_state": "{\"id\": 31, \"product\": \"Chasen - Ch\\u1ed5i Tre \\u0110\\u00e1nh Matcha [ID: 24]\", \"variation\": null, \"transaction_type\": \"T\\u1ea1m gi\\u1eef (\\u0110\\u1eb7t h\\u00e0ng) (RESERVE)\", \"quantity\": 1, \"is_physical\": true, \"reference_id\": \"CART_9 | Gi\\u1eef h\\u00e0ng khi th\\u00eam v\\u00e0o gi\\u1ecf\", \"timestamp\": \"2026-03-24 23:24:24.736147+00:00\", \"user\": \"phamquochuy [ID: 3]\"}",
      "status": "SUCCESS",
      "reason": "InventoryTransaction was created",
      "previous_hash": "f6925c6bb9cab79bc4eb0cc11d3aa1dcd3b8fdd7a207ca6f55ec21590b21aa50",
      "current_hash": "8bf37c64e85ed6d0af5a5fad9f76c976ac39c58213625a58d69feab06cee1dcd"
    }
  },
  {
    "model": "MyApp.auditlog",
    "pk": "19df564f-4fbe-4f53-b677-f3860a1b9b90",
    "fields": {
      "timestamp": "2026-03-25T00:22:07.821Z",
      "event_type": "DATA_UPDATE",
      "severity_level": "WARNING",
      "actor_id": 3,
      "actor_role": "admin",
      "ip_address": "127.0.0.1",
      "user_agent": "Mozilla/5.0 (Windows NT 10.0; Win64; x64) AppleWebKit/537.36 (KHTML, like Gecko) Chrome/146.0.0.0 Safari/537.36",
      "resource_type": "StoryboardItem",
      "resource_id": "6",
      "before_state": "{\"id\": 6, \"title\": \"Th\\u01b0\\u1edfng Tr\\u00e0 Chi\\u1ec1u\", \"slug\": \"thuong-tra-chieu\", \"image\": \"storyboard/t\\u1ea3i_xu\\u1ed1ng_32.jpg\", \"excerpt\": \"Kho\\u1ea3nh kh\\u1eafc t\\u0129nh l\\u1eb7ng b\\u00ean ch\\u00e9n tr\\u00e0\", \"content\": \"<p style=\\\"text-align: center;\\\"><strong><span style=\\\"font-size: 24pt;\\\">NGUY&Ecirc;N T\\u1eaeC TH\\u01af\\u1edeNG TR&Agrave; D&Agrave;NH CHO NG\\u01af\\u1edcI M\\u1edaI</span></strong></p>\\r\\n<p>Tr&agrave; kh&ocirc;ng ch\\u1ec9 l&agrave; m\\u1ed9t th\\u1ee9c u\\u1ed1ng \\u0111\\u01a1n thu\\u1ea7n, m&agrave; c&ograve;n l&agrave; m\\u1ed9t h&agrave;nh tr&igrave;nh kh&aacute;m ph&aacute; t&acirc;m h\\u1ed3n. \\u0110\\u1ec3 pha \\u0111\\u01b0\\u1ee3c m\\u1ed9t \\u1ea5m tr&agrave; ngon, b\\u1ea1n c\\u1ea7n ch&uacute; &yacute; \\u0111\\u1ebfn ba y\\u1ebfu t\\u1ed1 c\\u1ed1t l&otilde;i: Nh\\u1ea5t Th\\u1ee7y, Nh&igrave; Tr&agrave;, Tam Pha, T\\u1ee9 \\u1ea4m.</p>\\r\\n<p>C&aacute;c b\\u01b0\\u1edbc chu\\u1ea9n b\\u1ecb c\\u01a1 b\\u1ea3n:</p>\\r\\n<ol>\\r\\n<li>Tr&aacute;ng \\u1ea5m v&agrave; ch&eacute;n b\\u1eb1ng n\\u01b0\\u1edbc s&ocirc;i \\u0111\\u1ec3 l&agrave;m n&oacute;ng d\\u1ee5ng c\\u1ee5.</li>\\r\\n<li>Cho l\\u01b0\\u1ee3ng tr&agrave; v\\u1eeba \\u0111\\u1ee7 v&agrave;o \\u1ea5m (th\\u01b0\\u1eddng l&agrave; 1/3 \\u1ea5m).</li>\\r\\n<li>\\u0110&aacute;nh th\\u1ee9c tr&agrave; b\\u1eb1ng m\\u1ed9t ch&uacute;t n\\u01b0\\u1edbc n&oacute;ng v&agrave; \\u0111\\u1ed5 \\u0111i ngay.</li>\\r\\n<li>Pha tr&agrave; v\\u1edbi nhi\\u1ec7t \\u0111\\u1ed9 n\\u01b0\\u1edbc ph&ugrave; h\\u1ee3p (th\\u01b0\\u1eddng t\\u1eeb 80-90 \\u0111\\u1ed9 C).</li>\\r\\n</ol>\\r\\n<p><span style=\\\"text-decoration: underline;\\\"><strong><em>L\\u01b0u &yacute; quan tr\\u1ecdng:</em></strong></span> \\u0110\\u1eebng ng&acirc;m tr&agrave; qu&aacute; l&acirc;u v&igrave; s\\u1ebd khi\\u1ebfn n\\u01b0\\u1edbc tr&agrave; b\\u1ecb \\u0111\\u1eafng v&agrave; ch&aacute;t. H&atilde;y r&oacute;t h\\u1ebft n\\u01b0\\u1edbc tr&agrave; ra ch&eacute;n t\\u1ed1ng sau m\\u1ed7i l\\u1ea7n pha \\u0111\\u1ec3 gi\\u1eef \\u0111\\u01b0\\u1ee3c h\\u01b0\\u01a1ng v\\u1ecb tinh t\\u1ebf nh\\u1ea5t.</p>\\r\\n<p><em>Ch&uacute;c b\\u1ea1n c&oacute; nh\\u1eefng gi&acirc;y ph&uacute;t th\\u01b0 gi&atilde;n tuy\\u1ec7t v\\u1eddi b&ecirc;n t&aacute;ch tr&agrave; c\\u1ee7a m&igrave;nh!</em></p>\", \"created_at\": \"2026-01-28 07:35:36.795676+00:00\"}",
      "after_state": "{\"id\": 6, \"title\": \"Th\\u01b0\\u1edfng Tr\\u00e0 Chi\\u1ec1u\", \"slug\": \"thuong-tra-chieu\", \"image\": \"storyboard/t\\u1ea3i_xu\\u1ed1ng_32.jpg\", \"excerpt\": \"Kho\\u1ea3nh kh\\u1eafc t\\u0129nh l\\u1eb7ng b\\u00ean ch\\u00e9n tr\\u00e0\", \"content\": \"<p style=\\\"text-align: center;\\\"><strong><span style=\\\"font-size: 24pt;\\\">NGUY&Ecirc;N T\\u1eaeC TH\\u01af\\u1edeNG TR&Agrave; D&Agrave;NH CHO NG\\u01af\\u1edcI M\\u1edaI</span></strong></p>\\r\\n<p>Tr&agrave; kh&ocirc;ng ch\\u1ec9 l&agrave; m\\u1ed9t th\\u1ee9c u\\u1ed1ng \\u0111\\u01a1n thu\\u1ea7n, m&agrave; c&ograve;n l&agrave; m\\u1ed9t h&agrave;nh tr&igrave;nh kh&aacute;m ph&aacute; t&acirc;m h\\u1ed3n. \\u0110\\u1ec3 pha \\u0111\\u01b0\\u1ee3c m\\u1ed9t \\u1ea5m tr&agrave; ngon, b\\u1ea1n c\\u1ea7n ch&uacute; &yacute; \\u0111\\u1ebfn ba y\\u1ebfu t\\u1ed1 c\\u1ed1t l&otilde;i: Nh\\u1ea5t Th\\u1ee7y, Nh&igrave; Tr&agrave;, Tam Pha, T\\u1ee9 \\u1ea4m.</p>\\r\\n<p>C&aacute;c b\\u01b0\\u1edbc chu\\u1ea9n b\\u1ecb c\\u01a1 b\\u1ea3n:</p>\\r\\n<p><img src=\\\"https://i.pinimg.com/474x/56/89/2f/56892f0b3d0af6d806afb89b4719f27d.jpg\\\" alt=\\\"\\\" width=\\\"474\\\" height=\\\"842\\\"></p>\\r\\n<ol>\\r\\n<li>Tr&aacute;ng \\u1ea5m v&agrave; ch&eacute;n b\\u1eb1ng n\\u01b0\\u1edbc s&ocirc;i \\u0111\\u1ec3 l&agrave;m n&oacute;ng d\\u1ee5ng c\\u1ee5.</li>\\r\\n<li>Cho l\\u01b0\\u1ee3ng tr&agrave; v\\u1eeba \\u0111\\u1ee7 v&agrave;o \\u1ea5m (th\\u01b0\\u1eddng l&agrave; 1/3 \\u1ea5m).</li>\\r\\n<li>\\u0110&aacute;nh th\\u1ee9c tr&agrave; b\\u1eb1ng m\\u1ed9t ch&uacute;t n\\u01b0\\u1edbc n&oacute;ng v&agrave; \\u0111\\u1ed5 \\u0111i ngay.</li>\\r\\n<li>Pha tr&agrave; v\\u1edbi nhi\\u1ec7t \\u0111\\u1ed9 n\\u01b0\\u1edbc ph&ugrave; h\\u1ee3p (th\\u01b0\\u1eddng t\\u1eeb 80-90 \\u0111\\u1ed9 C).</li>\\r\\n</ol>\\r\\n<p><span style=\\\"text-decoration: underline;\\\"><strong><em>L\\u01b0u &yacute; quan tr\\u1ecdng:</em></strong></span> \\u0110\\u1eebng ng&acirc;m tr&agrave; qu&aacute; l&acirc;u v&igrave; s\\u1ebd khi\\u1ebfn n\\u01b0\\u1edbc tr&agrave; b\\u1ecb \\u0111\\u1eafng v&agrave; ch&aacute;t. H&atilde;y r&oacute;t h\\u1ebft n\\u01b0\\u1edbc tr&agrave; ra ch&eacute;n t\\u1ed1ng sau m\\u1ed7i l\\u1ea7n pha \\u0111\\u1ec3 gi\\u1eef \\u0111\\u01b0\\u1ee3c h\\u01b0\\u01a1ng v\\u1ecb tinh t\\u1ebf nh\\u1ea5t.</p>\\r\\n<p><em>Ch&uacute;c b\\u1ea1n c&oacute; nh\\u1eefng gi&acirc;y ph&uacute;t th\\u01b0 gi&atilde;n tuy\\u1ec7t v\\u1eddi b&ecirc;n t&aacute;ch tr&agrave; c\\u1ee7a m&igrave;nh!</em></p>\", \"created_at\": \"2026-01-28 07:35:36.795676+00:00\"}",
      "status": "SUCCESS",
      "reason": "StoryboardItem was updated",
      "previous_hash": "475cc7642496b766651157cdc0dcec9298f36cc3dd6aa0947a667b06c49f81c4",
      "current_hash": "514a063f6406a0095119683872ab6ead1a6ae378f63c8cee0e913ef5e7d4c902"
    }
  },
  {
    "model": "MyApp.auditlog",
    "pk": "1a0276a7-e892-4ccc-a6ce-c5b0b4f7f2f1",
    "fields": {
      "timestamp": "2026-03-21T04:09:26.335Z",
      "event_type": "DATA_UPDATE",
      "severity_level": "WARNING",
      "actor_id": 3,
      "actor_role": "admin",
      "ip_address": "127.0.0.1",
      "user_agent": "Mozilla/5.0 (Windows NT 10.0; Win64; x64) AppleWebKit/537.36 (KHTML, like Gecko) Chrome/146.0.0.0 Safari/537.36",
      "resource_type": "Product",
      "resource_id": "24",
      "before_state": "{\"id\": 24, \"category\": \"Ph\\u1ee5 Ki\\u1ec7n Pha Tr\\u00e0 [ID: 5]\", \"title\": \"Chasen - Ch\\u1ed5i Tre \\u0110\\u00e1nh Matcha\", \"slug\": \"chasen-choi-tre-danh-matcha\", \"excerpt\": \"Ch\\u1ed5i tre 80 nan truy\\u1ec1n th\\u1ed1ng cho matcha m\\u1ecbn ho\\u00e0n h\\u1ea3o.\", \"image\": \"products/Presenting_the_Osulloc_Tea_House_at_Our_Seoul_Arts_Complex___Pace_Gallery.jpg\", \"description\": \"<p style=\\\"text-align: center;\\\"><span style=\\\"font-family: 'courier new', courier, monospace; font-size: 24pt;\\\"><strong>Chasen </strong></span></p>\\r\\n<p><span style=\\\"font-family: 'courier new', courier, monospace; font-size: 24pt;\\\">Ch\\u1ed5i tre \\u0111&aacute;nh matcha 80 nan, l&agrave;m th\\u1ee7 c&ocirc;ng t\\u1eeb tre gi&agrave; t\\u1ef1 nhi&ecirc;n. D\\u1ee5ng c\\u1ee5 kh&ocirc;ng th\\u1ec3 thi\\u1ebfu trong tr&agrave; \\u0111\\u1ea1o Nh\\u1eadt B\\u1ea3n, gi&uacute;p \\u0111&aacute;nh matcha t\\u1ea1o b\\u1ecdt m\\u1ecbn \\u0111\\u1ec1u. K&egrave;m \\u0111\\u1ebf gi\\u1eef chasen \\u0111\\u1ec3 b\\u1ea3o qu\\u1ea3n \\u0111&uacute;ng c&aacute;ch.</span></p>\", \"ingredients\": \"<p>Tre gi&agrave; t\\u1ef1 nhi&ecirc;n, ch\\u1ebf t&aacute;c th\\u1ee7 c&ocirc;ng truy\\u1ec1n th\\u1ed1ng Nh\\u1eadt B\\u1ea3n.</p>\", \"brewing_guide\": \"<p>Ng&acirc;m chasen trong n\\u01b0\\u1edbc \\u1ea5m 1 ph&uacute;t tr\\u01b0\\u1edbc khi d&ugrave;ng. \\u0110&aacute;nh matcha theo h&igrave;nh ch\\u1eef W. Sau khi d&ugrave;ng, r\\u1eeda s\\u1ea1ch b\\u1eb1ng n\\u01b0\\u1edbc \\u1ea5m, \\u0111\\u1eb7t l&ecirc;n \\u0111\\u1ebf gi\\u1eef chasen.</p>\", \"price\": \"195000\", \"physical_stock\": 55, \"reserved_stock\": 1, \"views_count\": 9, \"created_at\": \"2026-03-11 15:29:35.486331+00:00\"}",
      "after_state": "{\"id\": 24, \"category\": \"Ph\\u1ee5 Ki\\u1ec7n Pha Tr\\u00e0 [ID: 5]\", \"title\": \"Chasen - Ch\\u1ed5i Tre \\u0110\\u00e1nh Matcha\", \"slug\": \"chasen-choi-tre-danh-matcha\", \"excerpt\": \"Ch\\u1ed5i tre 80 nan truy\\u1ec1n th\\u1ed1ng cho matcha m\\u1ecbn ho\\u00e0n h\\u1ea3o.\", \"image\": \"products/Presenting_the_Osulloc_Tea_House_at_Our_Seoul_Arts_Complex___Pace_Gallery.jpg\", \"description\": \"<p style=\\\"text-align: center;\\\"><span style=\\\"font-family: 'courier new', courier, monospace; font-size: 24pt;\\\"><strong>Chasen </strong></span></p>\\r\\n<p><span style=\\\"font-family: 'courier new', courier, monospace; font-size: 24pt;\\\">Ch\\u1ed5i tre \\u0111&aacute;nh matcha 80 nan, l&agrave;m th\\u1ee7 c&ocirc;ng t\\u1eeb tre gi&agrave; t\\u1ef1 nhi&ecirc;n. D\\u1ee5ng c\\u1ee5 kh&ocirc;ng th\\u1ec3 thi\\u1ebfu trong tr&agrave; \\u0111\\u1ea1o Nh\\u1eadt B\\u1ea3n, gi&uacute;p \\u0111&aacute;nh matcha t\\u1ea1o b\\u1ecdt m\\u1ecbn \\u0111\\u1ec1u. K&egrave;m \\u0111\\u1ebf gi\\u1eef chasen \\u0111\\u1ec3 b\\u1ea3o qu\\u1ea3n \\u0111&uacute;ng c&aacute;ch.</span></p>\", \"ingredients\": \"<p>Tre gi&agrave; t\\u1ef1 nhi&ecirc;n, ch\\u1ebf t&aacute;c th\\u1ee7 c&ocirc;ng truy\\u1ec1n th\\u1ed1ng Nh\\u1eadt B\\u1ea3n.</p>\", \"brewing_guide\": \"<p>Ng&acirc;m chasen trong n\\u01b0\\u1edbc \\u1ea5m 1 ph&uacute;t tr\\u01b0\\u1edbc khi d&ugrave;ng. \\u0110&aacute;nh matcha theo h&igrave;nh ch\\u1eef W. Sau khi d&ugrave;ng, r\\u1eeda s\\u1ea1ch b\\u1eb1ng n\\u01b0\\u1edbc \\u1ea5m, \\u0111\\u1eb7t l&ecirc;n \\u0111\\u1ebf gi\\u1eef chasen.</p>\", \"price\": \"195000\", \"physical_stock\": 55, \"reserved_stock\": \"F(reserved_stock) + Value(1)\", \"views_count\": 9, \"created_at\": \"2026-03-11 15:29:35.486331+00:00\"}",
      "status": "SUCCESS",
      "reason": "Product was updated",
      "previous_hash": "a064bc438b835ac2c9b79edfcfaefef7589aa2008eeed25b636edb1af5ddf0f5",
      "current_hash": "43cddbdef08d1e7df6b875d61726ae2a8e624929390b1ff2bc39e70052cd8814"
    }
  },
  {
    "model": "MyApp.auditlog",
    "pk": "1fc97c28-2cc1-41eb-983f-b5b9c61a32dd",
    "fields": {
      "timestamp": "2026-03-25T00:27:44.749Z",
      "event_type": "DATA_UPDATE",
      "severity_level": "WARNING",
      "actor_id": 3,
      "actor_role": "admin",
      "ip_address": "127.0.0.1",
      "user_agent": "Mozilla/5.0 (Windows NT 10.0; Win64; x64) AppleWebKit/537.36 (KHTML, like Gecko) Chrome/146.0.0.0 Safari/537.36",
      "resource_type": "Order",
      "resource_id": "52",
      "before_state": "{\"id\": 52, \"user\": \"phamquochuy [ID: 3]\", \"order_number\": \"ORD-20260325-E2ED4F\", \"total_amount\": \"280000\", \"status\": \"\\u0110ang giao (shipping)\", \"coupon\": null, \"discount_amount\": \"0\", \"created_at\": \"2026-03-25 00:26:25.495534+00:00\", \"updated_at\": \"2026-03-25 00:27:43.077401+00:00\", \"note\": \"\", \"pdf_generated\": false}",
      "after_state": "{\"id\": 52, \"user\": \"phamquochuy [ID: 3]\", \"order_number\": \"ORD-20260325-E2ED4F\", \"total_amount\": \"280000\", \"status\": \"Th\\u00e0nh c\\u00f4ng (\\u0110\\u00e3 tr\\u1eeb kho) (delivered)\", \"coupon\": null, \"discount_amount\": \"0\", \"created_at\": \"2026-03-25 00:26:25.495534+00:00\", \"updated_at\": \"2026-03-25 00:27:44.748292+00:00\", \"note\": \"\", \"pdf_generated\": false}",
      "status": "SUCCESS",
      "reason": "Order was updated",
      "previous_hash": "d8e332dcb25fd7ce510b5f8cbe920d3d7a6d0afa1713e53d1ad2fb31dd955b45",
      "current_hash": "34184326f45c41f125631628e8e5d4e867a9851a8c2ccbfe962dde00f7ed8a19"
    }
  },
  {
    "model": "MyApp.auditlog",
    "pk": "26f932d1-eeb8-4413-bb44-0df994dfaf7a",
    "fields": {
      "timestamp": "2026-03-24T18:15:16.333Z",
      "event_type": "DATA_UPDATE",
      "severity_level": "WARNING",
      "actor_id": 3,
      "actor_role": "admin",
      "ip_address": "127.0.0.1",
      "user_agent": "Mozilla/5.0 (Windows NT 10.0; Win64; x64) AppleWebKit/537.36 (KHTML, like Gecko) Chrome/146.0.0.0 Safari/537.36",
      "resource_type": "Product",
      "resource_id": "23",
      "before_state": "{\"id\": 23, \"category\": \"Ph\\u1ee5 Ki\\u1ec7n Pha Tr\\u00e0 [ID: 5]\", \"title\": \"B\\u1ed9 Ch\\u00e9n Tr\\u00e0 G\\u1ed1m B\\u00e1t Tr\\u00e0ng\", \"slug\": \"bo-chen-tra-gom-bat-trang\", \"excerpt\": \"B\\u1ed9 6 ch\\u00e9n tr\\u00e0 g\\u1ed1m B\\u00e1t Tr\\u00e0ng men lam c\\u1ed5 \\u0111i\\u1ec3n.\", \"image\": \"products/_\\ud835\\uddd4\\ud835\\uddfb\\ud835\\uddf0\\ud835\\uddf6\\ud835\\uddf2\\ud835\\uddfb\\ud835\\ude01_\\ud835\\uddd4\\ud835\\ude00\\ud835\\uddf6\\ud835\\uddee\\ud835\\uddfb_\\ud835\\udde7\\ud835\\uddf2\\ud835\\uddee_\\ud835\\udde7\\ud835\\uddff\\ud835\\uddee\\ud835\\uddf1\\ud835\\uddf6\\ud835\\ude01\\ud835\\uddf6\\ud835\\uddfc\\ud835\\uddfb\\ud835\\ude00.jpg\", \"description\": \"B\\u1ed9 6 ch\\u00e9n tr\\u00e0 g\\u1ed1m B\\u00e1t Tr\\u00e0ng v\\u1edbi men lam c\\u1ed5 \\u0111i\\u1ec3n, hoa v\\u0103n truy\\u1ec1n th\\u1ed1ng Vi\\u1ec7t Nam. Dung t\\u00edch m\\u1ed7i ch\\u00e9n 50ml, k\\u00edch th\\u01b0\\u1edbc v\\u1eeba tay. G\\u1ed1m gi\\u1eef nhi\\u1ec7t t\\u1ed1t, an to\\u00e0n th\\u1ef1c ph\\u1ea9m, ph\\u00f9 h\\u1ee3p th\\u01b0\\u1edfng tr\\u00e0 ki\\u1ec3u Vi\\u1ec7t.\", \"ingredients\": \"G\\u1ed1m B\\u00e1t Tr\\u00e0ng men lam, nung \\u1edf nhi\\u1ec7t \\u0111\\u1ed9 cao, an to\\u00e0n th\\u1ef1c ph\\u1ea9m.\", \"brewing_guide\": \"Tr\\u00e1ng ch\\u00e9n b\\u1eb1ng n\\u01b0\\u1edbc n\\u00f3ng tr\\u01b0\\u1edbc khi r\\u00f3t tr\\u00e0. R\\u1eeda s\\u1ea1ch sau khi d\\u00f9ng, tr\\u00e1nh thay \\u0111\\u1ed5i nhi\\u1ec7t \\u0111\\u1ed9 \\u0111\\u1ed9t ng\\u1ed9t.\", \"price\": \"280000\", \"physical_stock\": 39, \"reserved_stock\": 0, \"views_count\": 54, \"created_at\": \"2026-03-11 15:29:35.472752+00:00\"}",
      "after_state": "{\"id\": 23, \"category\": \"Ph\\u1ee5 Ki\\u1ec7n Pha Tr\\u00e0 [ID: 5]\", \"title\": \"B\\u1ed9 Ch\\u00e9n Tr\\u00e0 G\\u1ed1m B\\u00e1t Tr\\u00e0ng\", \"slug\": \"bo-chen-tra-gom-bat-trang\", \"excerpt\": \"B\\u1ed9 6 ch\\u00e9n tr\\u00e0 g\\u1ed1m B\\u00e1t Tr\\u00e0ng men lam c\\u1ed5 \\u0111i\\u1ec3n.\", \"image\": \"products/_\\ud835\\uddd4\\ud835\\uddfb\\ud835\\uddf0\\ud835\\uddf6\\ud835\\uddf2\\ud835\\uddfb\\ud835\\ude01_\\ud835\\uddd4\\ud835\\ude00\\ud835\\uddf6\\ud835\\uddee\\ud835\\uddfb_\\ud835\\udde7\\ud835\\uddf2\\ud835\\uddee_\\ud835\\udde7\\ud835\\uddff\\ud835\\uddee\\ud835\\uddf1\\ud835\\uddf6\\ud835\\ude01\\ud835\\uddf6\\ud835\\uddfc\\ud835\\uddfb\\ud835\\ude00.jpg\", \"description\": \"B\\u1ed9 6 ch\\u00e9n tr\\u00e0 g\\u1ed1m B\\u00e1t Tr\\u00e0ng v\\u1edbi men lam c\\u1ed5 \\u0111i\\u1ec3n, hoa v\\u0103n truy\\u1ec1n th\\u1ed1ng Vi\\u1ec7t Nam. Dung t\\u00edch m\\u1ed7i ch\\u00e9n 50ml, k\\u00edch th\\u01b0\\u1edbc v\\u1eeba tay. G\\u1ed1m gi\\u1eef nhi\\u1ec7t t\\u1ed1t, an to\\u00e0n th\\u1ef1c ph\\u1ea9m, ph\\u00f9 h\\u1ee3p th\\u01b0\\u1edfng tr\\u00e0 ki\\u1ec3u Vi\\u1ec7t.\", \"ingredients\": \"G\\u1ed1m B\\u00e1t Tr\\u00e0ng men lam, nung \\u1edf nhi\\u1ec7t \\u0111\\u1ed9 cao, an to\\u00e0n th\\u1ef1c ph\\u1ea9m.\", \"brewing_guide\": \"Tr\\u00e1ng ch\\u00e9n b\\u1eb1ng n\\u01b0\\u1edbc n\\u00f3ng tr\\u01b0\\u1edbc khi r\\u00f3t tr\\u00e0. R\\u1eeda s\\u1ea1ch sau khi d\\u00f9ng, tr\\u00e1nh thay \\u0111\\u1ed5i nhi\\u1ec7t \\u0111\\u1ed9 \\u0111\\u1ed9t ng\\u1ed9t.\", \"price\": \"280000\", \"physical_stock\": 39, \"reserved_stock\": 0, \"views_count\": \"F(views_count) + Value(1)\", \"created_at\": \"2026-03-11 15:29:35.472752+00:00\"}",
      "status": "SUCCESS",
      "reason": "Product was updated",
      "previous_hash": "50c89b6773fcfd17d7ffe1e96feb2f99e87aa15489f6867d17e2d5ec059d5bda",
      "current_hash": "04384ed9be5fa70417bdf4febea5361580021468ee6c8665ac31aa7ee8ba0cc8"
    }
  },
  {
    "model": "MyApp.auditlog",
    "pk": "278a7c6c-d63d-4c77-99a5-439eb57714bb",
    "fields": {
      "timestamp": "2026-03-20T16:19:58.196Z",
      "event_type": "DATA_CREATE",
      "severity_level": "INFO",
      "actor_id": 3,
      "actor_role": "admin",
      "ip_address": "127.0.0.1",
      "user_agent": "Mozilla/5.0 (Windows NT 10.0; Win64; x64) AppleWebKit/537.36 (KHTML, like Gecko) Chrome/146.0.0.0 Safari/537.36",
      "resource_type": "Coupon",
      "resource_id": "4",
      "before_state": "",
      "after_state": "{\"id\": 4, \"code\": \"SALE20\", \"discount_type\": \"Ph\\u1ea7n tr\\u0103m (%) (percent)\", \"discount_value\": \"20\", \"min_purchase\": \"10000\", \"active\": true, \"valid_from\": \"2026-03-20 23:19:00+07:00\", \"valid_to\": \"2026-03-22 23:19:00+07:00\", \"usage_limit\": 100, \"used\": 0}",
      "status": "SUCCESS",
      "reason": "Coupon was created",
      "previous_hash": "08e9d9fb6bd56d7cc5d3280e0703def6eaaec7f80f884434aae65b22e88d8adf",
      "current_hash": "d32d3053d144f1c95bffb1840a343822ea5cb445167ec5347c9c268921eeca2b"
    }
  },
  {
    "model": "MyApp.auditlog",
    "pk": "2a73e0f3-b427-481b-a2cc-138cfdf4af72",
    "fields": {
      "timestamp": "2026-03-21T04:10:22.825Z",
      "event_type": "DATA_UPDATE",
      "severity_level": "WARNING",
      "actor_id": 3,
      "actor_role": "admin",
      "ip_address": "127.0.0.1",
      "user_agent": "Mozilla/5.0 (Windows NT 10.0; Win64; x64) AppleWebKit/537.36 (KHTML, like Gecko) Chrome/146.0.0.0 Safari/537.36",
      "resource_type": "Product",
      "resource_id": "24",
      "before_state": "{\"id\": 24, \"category\": \"Ph\\u1ee5 Ki\\u1ec7n Pha Tr\\u00e0 [ID: 5]\", \"title\": \"Chasen - Ch\\u1ed5i Tre \\u0110\\u00e1nh Matcha\", \"slug\": \"chasen-choi-tre-danh-matcha\", \"excerpt\": \"Ch\\u1ed5i tre 80 nan truy\\u1ec1n th\\u1ed1ng cho matcha m\\u1ecbn ho\\u00e0n h\\u1ea3o.\", \"image\": \"products/Presenting_the_Osulloc_Tea_House_at_Our_Seoul_Arts_Complex___Pace_Gallery.jpg\", \"description\": \"<p style=\\\"text-align: center;\\\"><span style=\\\"font-family: 'courier new', courier, monospace; font-size: 24pt;\\\"><strong>Chasen </strong></span></p>\\r\\n<p><span style=\\\"font-family: 'courier new', courier, monospace; font-size: 24pt;\\\">Ch\\u1ed5i tre \\u0111&aacute;nh matcha 80 nan, l&agrave;m th\\u1ee7 c&ocirc;ng t\\u1eeb tre gi&agrave; t\\u1ef1 nhi&ecirc;n. D\\u1ee5ng c\\u1ee5 kh&ocirc;ng th\\u1ec3 thi\\u1ebfu trong tr&agrave; \\u0111\\u1ea1o Nh\\u1eadt B\\u1ea3n, gi&uacute;p \\u0111&aacute;nh matcha t\\u1ea1o b\\u1ecdt m\\u1ecbn \\u0111\\u1ec1u. K&egrave;m \\u0111\\u1ebf gi\\u1eef chasen \\u0111\\u1ec3 b\\u1ea3o qu\\u1ea3n \\u0111&uacute;ng c&aacute;ch.</span></p>\", \"ingredients\": \"<p>Tre gi&agrave; t\\u1ef1 nhi&ecirc;n, ch\\u1ebf t&aacute;c th\\u1ee7 c&ocirc;ng truy\\u1ec1n th\\u1ed1ng Nh\\u1eadt B\\u1ea3n.</p>\", \"brewing_guide\": \"<p>Ng&acirc;m chasen trong n\\u01b0\\u1edbc \\u1ea5m 1 ph&uacute;t tr\\u01b0\\u1edbc khi d&ugrave;ng. \\u0110&aacute;nh matcha theo h&igrave;nh ch\\u1eef W. Sau khi d&ugrave;ng, r\\u1eeda s\\u1ea1ch b\\u1eb1ng n\\u01b0\\u1edbc \\u1ea5m, \\u0111\\u1eb7t l&ecirc;n \\u0111\\u1ebf gi\\u1eef chasen.</p>\", \"price\": \"195000\", \"physical_stock\": 55, \"reserved_stock\": 2, \"views_count\": 10, \"created_at\": \"2026-03-11 15:29:35.486331+00:00\"}",
      "after_state": "{\"id\": 24, \"category\": \"Ph\\u1ee5 Ki\\u1ec7n Pha Tr\\u00e0 [ID: 5]\", \"title\": \"Chasen - Ch\\u1ed5i Tre \\u0110\\u00e1nh Matcha\", \"slug\": \"chasen-choi-tre-danh-matcha\", \"excerpt\": \"Ch\\u1ed5i tre 80 nan truy\\u1ec1n th\\u1ed1ng cho matcha m\\u1ecbn ho\\u00e0n h\\u1ea3o.\", \"image\": \"products/Presenting_the_Osulloc_Tea_House_at_Our_Seoul_Arts_Complex___Pace_Gallery.jpg\", \"description\": \"<p style=\\\"text-align: center;\\\"><span style=\\\"font-family: 'courier new', courier, monospace; font-size: 24pt;\\\"><strong>Chasen </strong></span></p>\\r\\n<p><span style=\\\"font-family: 'courier new', courier, monospace; font-size: 24pt;\\\">Ch\\u1ed5i tre \\u0111&aacute;nh matcha 80 nan, l&agrave;m th\\u1ee7 c&ocirc;ng t\\u1eeb tre gi&agrave; t\\u1ef1 nhi&ecirc;n. D\\u1ee5ng c\\u1ee5 kh&ocirc;ng th\\u1ec3 thi\\u1ebfu trong tr&agrave; \\u0111\\u1ea1o Nh\\u1eadt B\\u1ea3n, gi&uacute;p \\u0111&aacute;nh matcha t\\u1ea1o b\\u1ecdt m\\u1ecbn \\u0111\\u1ec1u. K&egrave;m \\u0111\\u1ebf gi\\u1eef chasen \\u0111\\u1ec3 b\\u1ea3o qu\\u1ea3n \\u0111&uacute;ng c&aacute;ch.</span></p>\", \"ingredients\": \"<p>Tre gi&agrave; t\\u1ef1 nhi&ecirc;n, ch\\u1ebf t&aacute;c th\\u1ee7 c&ocirc;ng truy\\u1ec1n th\\u1ed1ng Nh\\u1eadt B\\u1ea3n.</p>\", \"brewing_guide\": \"<p>Ng&acirc;m chasen trong n\\u01b0\\u1edbc \\u1ea5m 1 ph&uacute;t tr\\u01b0\\u1edbc khi d&ugrave;ng. \\u0110&aacute;nh matcha theo h&igrave;nh ch\\u1eef W. Sau khi d&ugrave;ng, r\\u1eeda s\\u1ea1ch b\\u1eb1ng n\\u01b0\\u1edbc \\u1ea5m, \\u0111\\u1eb7t l&ecirc;n \\u0111\\u1ebf gi\\u1eef chasen.</p>\", \"price\": \"195000\", \"physical_stock\": 55, \"reserved_stock\": \"F(reserved_stock) - Value(1)\", \"views_count\": 10, \"created_at\": \"2026-03-11 15:29:35.486331+00:00\"}",
      "status": "SUCCESS",
      "reason": "Product was updated",
      "previous_hash": "371f254b8fe318878a6ae095365d1d06437c594259e5c6806a33767733207d64",
      "current_hash": "0c3c2ec08d400ec3e9216128c5cd7bc69caa70d8aa55abb9200764051ec318b8"
    }
  },
  {
    "model": "MyApp.auditlog",
    "pk": "2f16267d-eb81-4057-bd7b-5a952de8ee79",
    "fields": {
      "timestamp": "2026-03-21T02:50:07.853Z",
      "event_type": "DATA_UPDATE",
      "severity_level": "WARNING",
      "actor_id": 3,
      "actor_role": "admin",
      "ip_address": "127.0.0.1",
      "user_agent": "Mozilla/5.0 (Windows NT 10.0; Win64; x64) AppleWebKit/537.36 (KHTML, like Gecko) Chrome/146.0.0.0 Safari/537.36",
      "resource_type": "Product",
      "resource_id": "22",
      "before_state": "{\"id\": 22, \"category\": \"Ph\\u1ee5 Ki\\u1ec7n Pha Tr\\u00e0 [ID: 5]\", \"title\": \"\\u1ea4m T\\u1eed Sa Nghi H\\u01b0ng\", \"slug\": \"am-tu-sa-nghi-hung\", \"excerpt\": \"\\u1ea4m t\\u1eed sa ch\\u00ednh hi\\u1ec7u Nghi H\\u01b0ng, dung t\\u00edch 200ml.\", \"image\": \"products/t\\u1ea3i_xu\\u1ed1ng_44.jpg\", \"description\": \"\\u1ea4m t\\u1eed sa l\\u00e0m t\\u1eeb \\u0111\\u1ea5t s\\u00e9t Nghi H\\u01b0ng (Yixing) ch\\u00ednh hi\\u1ec7u, dung t\\u00edch 200ml. \\u0110\\u1ea5t t\\u1eed sa c\\u00f3 c\\u1ea5u tr\\u00fac vi l\\u1ed7 gi\\u00fap \\\"h\\u00edt th\\u1edf\\\", gi\\u1eef nhi\\u1ec7t t\\u1ed1t v\\u00e0 t\\u0103ng h\\u01b0\\u01a1ng v\\u1ecb tr\\u00e0 theo th\\u1eddi gian s\\u1eed d\\u1ee5ng. M\\u1ed7i \\u1ea5m ch\\u1ec9 n\\u00ean d\\u00f9ng cho m\\u1ed9t lo\\u1ea1i tr\\u00e0.\", \"ingredients\": \"\\u0110\\u1ea5t s\\u00e9t t\\u1eed sa Nghi H\\u01b0ng t\\u1ef1 nhi\\u00ean, nung th\\u1ee7 c\\u00f4ng \\u1edf 1100-1200\\u00b0C.\", \"brewing_guide\": \"Tr\\u01b0\\u1edbc khi d\\u00f9ng l\\u1ea7n \\u0111\\u1ea7u: r\\u1eeda s\\u1ea1ch, \\u0111un s\\u00f4i \\u1ea5m trong n\\u01b0\\u1edbc tr\\u00e0 lo\\u00e3ng 30 ph\\u00fat. Sau m\\u1ed7i l\\u1ea7n d\\u00f9ng, r\\u1eeda b\\u1eb1ng n\\u01b0\\u1edbc n\\u00f3ng, kh\\u00f4ng d\\u00f9ng x\\u00e0 ph\\u00f2ng.\", \"price\": \"850000\", \"physical_stock\": 50, \"reserved_stock\": 0, \"views_count\": 10, \"created_at\": \"2026-03-11 15:29:35.454484+00:00\"}",
      "after_state": "{\"id\": 22, \"category\": \"Ph\\u1ee5 Ki\\u1ec7n Pha Tr\\u00e0 [ID: 5]\", \"title\": \"\\u1ea4m T\\u1eed Sa Nghi H\\u01b0ng\", \"slug\": \"am-tu-sa-nghi-hung\", \"excerpt\": \"\\u1ea4m t\\u1eed sa ch\\u00ednh hi\\u1ec7u Nghi H\\u01b0ng, dung t\\u00edch 200ml.\", \"image\": \"products/t\\u1ea3i_xu\\u1ed1ng_44.jpg\", \"description\": \"\\u1ea4m t\\u1eed sa l\\u00e0m t\\u1eeb \\u0111\\u1ea5t s\\u00e9t Nghi H\\u01b0ng (Yixing) ch\\u00ednh hi\\u1ec7u, dung t\\u00edch 200ml. \\u0110\\u1ea5t t\\u1eed sa c\\u00f3 c\\u1ea5u tr\\u00fac vi l\\u1ed7 gi\\u00fap \\\"h\\u00edt th\\u1edf\\\", gi\\u1eef nhi\\u1ec7t t\\u1ed1t v\\u00e0 t\\u0103ng h\\u01b0\\u01a1ng v\\u1ecb tr\\u00e0 theo th\\u1eddi gian s\\u1eed d\\u1ee5ng. M\\u1ed7i \\u1ea5m ch\\u1ec9 n\\u00ean d\\u00f9ng cho m\\u1ed9t lo\\u1ea1i tr\\u00e0.\", \"ingredients\": \"\\u0110\\u1ea5t s\\u00e9t t\\u1eed sa Nghi H\\u01b0ng t\\u1ef1 nhi\\u00ean, nung th\\u1ee7 c\\u00f4ng \\u1edf 1100-1200\\u00b0C.\", \"brewing_guide\": \"Tr\\u01b0\\u1edbc khi d\\u00f9ng l\\u1ea7n \\u0111\\u1ea7u: r\\u1eeda s\\u1ea1ch, \\u0111un s\\u00f4i \\u1ea5m trong n\\u01b0\\u1edbc tr\\u00e0 lo\\u00e3ng 30 ph\\u00fat. Sau m\\u1ed7i l\\u1ea7n d\\u00f9ng, r\\u1eeda b\\u1eb1ng n\\u01b0\\u1edbc n\\u00f3ng, kh\\u00f4ng d\\u00f9ng x\\u00e0 ph\\u00f2ng.\", \"price\": \"850000\", \"physical_stock\": 50, \"reserved_stock\": 0, \"views_count\": \"F(views_count) + Value(1)\", \"created_at\": \"2026-03-11 15:29:35.454484+00:00\"}",
      "status": "SUCCESS",
      "reason": "Product was updated",
      "previous_hash": "4dd40e8dc4979ca4b81936a6dd52071bf6cb2cb920c5bcc00a772ac1fefd2d3d",
      "current_hash": "c6b51cb69fa2a55e35691e28fe480df14346edc6e07165c038d7cc08a97256b5"
    }
  },
  {
    "model": "MyApp.auditlog",
    "pk": "3189d992-f5d2-4e09-8531-e49ab6f44d26",
    "fields": {
      "timestamp": "2026-03-20T16:10:19.745Z",
      "event_type": "DATA_CREATE",
      "severity_level": "INFO",
      "actor_id": 3,
      "actor_role": "admin",
      "ip_address": "127.0.0.1",
      "user_agent": "Mozilla/5.0 (Windows NT 10.0; Win64; x64) AppleWebKit/537.36 (KHTML, like Gecko) Chrome/146.0.0.0 Safari/537.36",
      "resource_type": "InventoryTransaction",
      "resource_id": "22",
      "before_state": "",
      "after_state": "{\"id\": 22, \"product\": 16, \"variation\": null, \"transaction_type\": \"IN\", \"quantity\": 50, \"is_physical\": true, \"reference_id\": \"RCPT-20260320-6869\", \"user\": 3}",
      "status": "SUCCESS",
      "reason": "InventoryTransaction was created",
      "previous_hash": "b8505833d55463b60899d48172076b8d503e4257c5f6885d98103a63df7b0874",
      "current_hash": "08e9d9fb6bd56d7cc5d3280e0703def6eaaec7f80f884434aae65b22e88d8adf"
    }
  },
  {
    "model": "MyApp.auditlog",
    "pk": "34027362-3858-41ef-a713-02ddedd729b0",
    "fields": {
      "timestamp": "2026-03-21T07:39:06.283Z",
      "event_type": "DATA_UPDATE",
      "severity_level": "WARNING",
      "actor_id": 3,
      "actor_role": "admin",
      "ip_address": "127.0.0.1",
      "user_agent": "Mozilla/5.0 (Windows NT 10.0; Win64; x64) AppleWebKit/537.36 (KHTML, like Gecko) Chrome/146.0.0.0 Safari/537.36",
      "resource_type": "Product",
      "resource_id": "23",
      "before_state": "{\"id\": 23, \"category\": \"Ph\\u1ee5 Ki\\u1ec7n Pha Tr\\u00e0 [ID: 5]\", \"title\": \"B\\u1ed9 Ch\\u00e9n Tr\\u00e0 G\\u1ed1m B\\u00e1t Tr\\u00e0ng\", \"slug\": \"bo-chen-tra-gom-bat-trang\", \"excerpt\": \"B\\u1ed9 6 ch\\u00e9n tr\\u00e0 g\\u1ed1m B\\u00e1t Tr\\u00e0ng men lam c\\u1ed5 \\u0111i\\u1ec3n.\", \"image\": \"products/_\\ud835\\uddd4\\ud835\\uddfb\\ud835\\uddf0\\ud835\\uddf6\\ud835\\uddf2\\ud835\\uddfb\\ud835\\ude01_\\ud835\\uddd4\\ud835\\ude00\\ud835\\uddf6\\ud835\\uddee\\ud835\\uddfb_\\ud835\\udde7\\ud835\\uddf2\\ud835\\uddee_\\ud835\\udde7\\ud835\\uddff\\ud835\\uddee\\ud835\\uddf1\\ud835\\uddf6\\ud835\\ude01\\ud835\\uddf6\\ud835\\uddfc\\ud835\\uddfb\\ud835\\ude00.jpg\", \"description\": \"B\\u1ed9 6 ch\\u00e9n tr\\u00e0 g\\u1ed1m B\\u00e1t Tr\\u00e0ng v\\u1edbi men lam c\\u1ed5 \\u0111i\\u1ec3n, hoa v\\u0103n truy\\u1ec1n th\\u1ed1ng Vi\\u1ec7t Nam. Dung t\\u00edch m\\u1ed7i ch\\u00e9n 50ml, k\\u00edch th\\u01b0\\u1edbc v\\u1eeba tay. G\\u1ed1m gi\\u1eef nhi\\u1ec7t t\\u1ed1t, an to\\u00e0n th\\u1ef1c ph\\u1ea9m, ph\\u00f9 h\\u1ee3p th\\u01b0\\u1edfng tr\\u00e0 ki\\u1ec3u Vi\\u1ec7t.\", \"ingredients\": \"G\\u1ed1m B\\u00e1t Tr\\u00e0ng men lam, nung \\u1edf nhi\\u1ec7t \\u0111\\u1ed9 cao, an to\\u00e0n th\\u1ef1c ph\\u1ea9m.\", \"brewing_guide\": \"Tr\\u00e1ng ch\\u00e9n b\\u1eb1ng n\\u01b0\\u1edbc n\\u00f3ng tr\\u01b0\\u1edbc khi r\\u00f3t tr\\u00e0. R\\u1eeda s\\u1ea1ch sau khi d\\u00f9ng, tr\\u00e1nh thay \\u0111\\u1ed5i nhi\\u1ec7t \\u0111\\u1ed9 \\u0111\\u1ed9t ng\\u1ed9t.\", \"price\": \"280000\", \"physical_stock\": 39, \"reserved_stock\": 0, \"views_count\": 51, \"created_at\": \"2026-03-11 15:29:35.472752+00:00\"}",
      "after_state": "{\"id\": 23, \"category\": \"Ph\\u1ee5 Ki\\u1ec7n Pha Tr\\u00e0 [ID: 5]\", \"title\": \"B\\u1ed9 Ch\\u00e9n Tr\\u00e0 G\\u1ed1m B\\u00e1t Tr\\u00e0ng\", \"slug\": \"bo-chen-tra-gom-bat-trang\", \"excerpt\": \"B\\u1ed9 6 ch\\u00e9n tr\\u00e0 g\\u1ed1m B\\u00e1t Tr\\u00e0ng men lam c\\u1ed5 \\u0111i\\u1ec3n.\", \"image\": \"products/_\\ud835\\uddd4\\ud835\\uddfb\\ud835\\uddf0\\ud835\\uddf6\\ud835\\uddf2\\ud835\\uddfb\\ud835\\ude01_\\ud835\\uddd4\\ud835\\ude00\\ud835\\uddf6\\ud835\\uddee\\ud835\\uddfb_\\ud835\\udde7\\ud835\\uddf2\\ud835\\uddee_\\ud835\\udde7\\ud835\\uddff\\ud835\\uddee\\ud835\\uddf1\\ud835\\uddf6\\ud835\\ude01\\ud835\\uddf6\\ud835\\uddfc\\ud835\\uddfb\\ud835\\ude00.jpg\", \"description\": \"B\\u1ed9 6 ch\\u00e9n tr\\u00e0 g\\u1ed1m B\\u00e1t Tr\\u00e0ng v\\u1edbi men lam c\\u1ed5 \\u0111i\\u1ec3n, hoa v\\u0103n truy\\u1ec1n th\\u1ed1ng Vi\\u1ec7t Nam. Dung t\\u00edch m\\u1ed7i ch\\u00e9n 50ml, k\\u00edch th\\u01b0\\u1edbc v\\u1eeba tay. G\\u1ed1m gi\\u1eef nhi\\u1ec7t t\\u1ed1t, an to\\u00e0n th\\u1ef1c ph\\u1ea9m, ph\\u00f9 h\\u1ee3p th\\u01b0\\u1edfng tr\\u00e0 ki\\u1ec3u Vi\\u1ec7t.\", \"ingredients\": \"G\\u1ed1m B\\u00e1t Tr\\u00e0ng men lam, nung \\u1edf nhi\\u1ec7t \\u0111\\u1ed9 cao, an to\\u00e0n th\\u1ef1c ph\\u1ea9m.\", \"brewing_guide\": \"Tr\\u00e1ng ch\\u00e9n b\\u1eb1ng n\\u01b0\\u1edbc n\\u00f3ng tr\\u01b0\\u1edbc khi r\\u00f3t tr\\u00e0. R\\u1eeda s\\u1ea1ch sau khi d\\u00f9ng, tr\\u00e1nh thay \\u0111\\u1ed5i nhi\\u1ec7t \\u0111\\u1ed9 \\u0111\\u1ed9t ng\\u1ed9t.\", \"price\": \"280000\", \"physical_stock\": 39, \"reserved_stock\": 0, \"views_count\": \"F(views_count) + Value(1)\", \"created_at\": \"2026-03-11 15:29:35.472752+00:00\"}",
      "status": "SUCCESS",
      "reason": "Product was updated",
      "previous_hash": "2b7ee5f113fcfeaefeadf167b49935804ffc1706841a2a82543b3d314f93d56f",
      "current_hash": "08b97d012315c9323620a0036cb37644c869a6651e66f6ed258ad609bd35e190"
    }
  },
  {
    "model": "MyApp.auditlog",
    "pk": "3ac9a748-aea0-4f92-99b6-cf75f9bf5e49",
    "fields": {
      "timestamp": "2026-03-25T00:10:44.564Z",
      "event_type": "DATA_UPDATE",
      "severity_level": "WARNING",
      "actor_id": 3,
      "actor_role": "admin",
      "ip_address": "127.0.0.1",
      "user_agent": "Mozilla/5.0 (Windows NT 10.0; Win64; x64) AppleWebKit/537.36 (KHTML, like Gecko) Chrome/146.0.0.0 Safari/537.36",
      "resource_type": "Product",
      "resource_id": "24",
      "before_state": "{\"id\": 24, \"category\": \"Ph\\u1ee5 Ki\\u1ec7n Pha Tr\\u00e0 [ID: 5]\", \"title\": \"Chasen - Ch\\u1ed5i Tre \\u0110\\u00e1nh Matcha\", \"slug\": \"chasen-choi-tre-danh-matcha\", \"excerpt\": \"Ch\\u1ed5i tre 80 nan truy\\u1ec1n th\\u1ed1ng cho matcha m\\u1ecbn ho\\u00e0n h\\u1ea3o.\", \"image\": \"products/Presenting_the_Osulloc_Tea_House_at_Our_Seoul_Arts_Complex___Pace_Gallery.jpg\", \"description\": \"<p style=\\\"text-align: center;\\\"><span style=\\\"font-family: 'courier new', courier, monospace; font-size: 24pt;\\\"><strong>Chasen </strong></span></p>\\r\\n<p><span style=\\\"font-family: 'courier new', courier, monospace; font-size: 24pt;\\\">Ch\\u1ed5i tre \\u0111&aacute;nh matcha 80 nan, l&agrave;m th\\u1ee7 c&ocirc;ng t\\u1eeb tre gi&agrave; t\\u1ef1 nhi&ecirc;n. D\\u1ee5ng c\\u1ee5 kh&ocirc;ng th\\u1ec3 thi\\u1ebfu trong tr&agrave; \\u0111\\u1ea1o Nh\\u1eadt B\\u1ea3n, gi&uacute;p \\u0111&aacute;nh matcha t\\u1ea1o b\\u1ecdt m\\u1ecbn \\u0111\\u1ec1u. K&egrave;m \\u0111\\u1ebf gi\\u1eef chasen \\u0111\\u1ec3 b\\u1ea3o qu\\u1ea3n \\u0111&uacute;ng c&aacute;ch.</span></p>\", \"ingredients\": \"<p>Tre gi&agrave; t\\u1ef1 nhi&ecirc;n, ch\\u1ebf t&aacute;c th\\u1ee7 c&ocirc;ng truy\\u1ec1n th\\u1ed1ng Nh\\u1eadt B\\u1ea3n.</p>\", \"brewing_guide\": \"<p>Ng&acirc;m chasen trong n\\u01b0\\u1edbc \\u1ea5m 1 ph&uacute;t tr\\u01b0\\u1edbc khi d&ugrave;ng. \\u0110&aacute;nh matcha theo h&igrave;nh ch\\u1eef W. Sau khi d&ugrave;ng, r\\u1eeda s\\u1ea1ch b\\u1eb1ng n\\u01b0\\u1edbc \\u1ea5m, \\u0111\\u1eb7t l&ecirc;n \\u0111\\u1ebf gi\\u1eef chasen.</p>\", \"price\": \"195000\", \"physical_stock\": 55, \"reserved_stock\": 1, \"views_count\": 14, \"created_at\": \"2026-03-11 15:29:35.486331+00:00\"}",
      "after_state": "{\"id\": 24, \"category\": \"Ph\\u1ee5 Ki\\u1ec7n Pha Tr\\u00e0 [ID: 5]\", \"title\": \"Chasen - Ch\\u1ed5i Tre \\u0110\\u00e1nh Matcha\", \"slug\": \"chasen-choi-tre-danh-matcha\", \"excerpt\": \"Ch\\u1ed5i tre 80 nan truy\\u1ec1n th\\u1ed1ng cho matcha m\\u1ecbn ho\\u00e0n h\\u1ea3o.\", \"image\": \"products/Presenting_the_Osulloc_Tea_House_at_Our_Seoul_Arts_Complex___Pace_Gallery.jpg\", \"description\": \"<p style=\\\"text-align: center;\\\"><span style=\\\"font-family: 'courier new', courier, monospace; font-size: 24pt;\\\"><strong>Chasen </strong></span></p>\\r\\n<p><span style=\\\"font-family: 'courier new', courier, monospace; font-size: 24pt;\\\">Ch\\u1ed5i tre \\u0111&aacute;nh matcha 80 nan, l&agrave;m th\\u1ee7 c&ocirc;ng t\\u1eeb tre gi&agrave; t\\u1ef1 nhi&ecirc;n. D\\u1ee5ng c\\u1ee5 kh&ocirc;ng th\\u1ec3 thi\\u1ebfu trong tr&agrave; \\u0111\\u1ea1o Nh\\u1eadt B\\u1ea3n, gi&uacute;p \\u0111&aacute;nh matcha t\\u1ea1o b\\u1ecdt m\\u1ecbn \\u0111\\u1ec1u. K&egrave;m \\u0111\\u1ebf gi\\u1eef chasen \\u0111\\u1ec3 b\\u1ea3o qu\\u1ea3n \\u0111&uacute;ng c&aacute;ch.</span></p>\", \"ingredients\": \"<p>Tre gi&agrave; t\\u1ef1 nhi&ecirc;n, ch\\u1ebf t&aacute;c th\\u1ee7 c&ocirc;ng truy\\u1ec1n th\\u1ed1ng Nh\\u1eadt B\\u1ea3n.</p>\", \"brewing_guide\": \"<p>Ng&acirc;m chasen trong n\\u01b0\\u1edbc \\u1ea5m 1 ph&uacute;t tr\\u01b0\\u1edbc khi d&ugrave;ng. \\u0110&aacute;nh matcha theo h&igrave;nh ch\\u1eef W. Sau khi d&ugrave;ng, r\\u1eeda s\\u1ea1ch b\\u1eb1ng n\\u01b0\\u1edbc \\u1ea5m, \\u0111\\u1eb7t l&ecirc;n \\u0111\\u1ebf gi\\u1eef chasen.</p>\", \"price\": \"195000\", \"physical_stock\": 55, \"reserved_stock\": 1, \"views_count\": \"F(views_count) + Value(1)\", \"created_at\": \"2026-03-11 15:29:35.486331+00:00\"}",
      "status": "SUCCESS",
      "reason": "Product was updated",
      "previous_hash": "6017e1e97e59eef73a9ff12f8b019db206621aacd8559f2325f9db192baf6541",
      "current_hash": "bff6c66cf1e08b35050dc74de8265a513d31feddbdfacba48ad427cf72c389ac"
    }
  },
  {
    "model": "MyApp.auditlog",
    "pk": "3af2e2db-1d47-4186-8191-e93a5b0352c4",
    "fields": {
      "timestamp": "2026-03-24T15:40:38.148Z",
      "event_type": "DATA_UPDATE",
      "severity_level": "WARNING",
      "actor_id": null,
      "actor_role": "customer",
      "ip_address": "127.0.0.1",
      "user_agent": "Mozilla/5.0 (Windows NT 10.0; Win64; x64) AppleWebKit/537.36 (KHTML, like Gecko) Chrome/146.0.0.0 Safari/537.36",
      "resource_type": "Product",
      "resource_id": "22",
      "before_state": "{\"id\": 22, \"category\": \"Ph\\u1ee5 Ki\\u1ec7n Pha Tr\\u00e0 [ID: 5]\", \"title\": \"\\u1ea4m T\\u1eed Sa Nghi H\\u01b0ng\", \"slug\": \"am-tu-sa-nghi-hung\", \"excerpt\": \"\\u1ea4m t\\u1eed sa ch\\u00ednh hi\\u1ec7u Nghi H\\u01b0ng, dung t\\u00edch 200ml.\", \"image\": \"products/t\\u1ea3i_xu\\u1ed1ng_44.jpg\", \"description\": \"\\u1ea4m t\\u1eed sa l\\u00e0m t\\u1eeb \\u0111\\u1ea5t s\\u00e9t Nghi H\\u01b0ng (Yixing) ch\\u00ednh hi\\u1ec7u, dung t\\u00edch 200ml. \\u0110\\u1ea5t t\\u1eed sa c\\u00f3 c\\u1ea5u tr\\u00fac vi l\\u1ed7 gi\\u00fap \\\"h\\u00edt th\\u1edf\\\", gi\\u1eef nhi\\u1ec7t t\\u1ed1t v\\u00e0 t\\u0103ng h\\u01b0\\u01a1ng v\\u1ecb tr\\u00e0 theo th\\u1eddi gian s\\u1eed d\\u1ee5ng. M\\u1ed7i \\u1ea5m ch\\u1ec9 n\\u00ean d\\u00f9ng cho m\\u1ed9t lo\\u1ea1i tr\\u00e0.\", \"ingredients\": \"\\u0110\\u1ea5t s\\u00e9t t\\u1eed sa Nghi H\\u01b0ng t\\u1ef1 nhi\\u00ean, nung th\\u1ee7 c\\u00f4ng \\u1edf 1100-1200\\u00b0C.\", \"brewing_guide\": \"Tr\\u01b0\\u1edbc khi d\\u00f9ng l\\u1ea7n \\u0111\\u1ea7u: r\\u1eeda s\\u1ea1ch, \\u0111un s\\u00f4i \\u1ea5m trong n\\u01b0\\u1edbc tr\\u00e0 lo\\u00e3ng 30 ph\\u00fat. Sau m\\u1ed7i l\\u1ea7n d\\u00f9ng, r\\u1eeda b\\u1eb1ng n\\u01b0\\u1edbc n\\u00f3ng, kh\\u00f4ng d\\u00f9ng x\\u00e0 ph\\u00f2ng.\", \"price\": \"850000\", \"physical_stock\": 50, \"reserved_stock\": 0, \"views_count\": 13, \"created_at\": \"2026-03-11 15:29:35.454484+00:00\"}",
      "after_state": "{\"id\": 22, \"category\": \"Ph\\u1ee5 Ki\\u1ec7n Pha Tr\\u00e0 [ID: 5]\", \"title\": \"\\u1ea4m T\\u1eed Sa Nghi H\\u01b0ng\", \"slug\": \"am-tu-sa-nghi-hung\", \"excerpt\": \"\\u1ea4m t\\u1eed sa ch\\u00ednh hi\\u1ec7u Nghi H\\u01b0ng, dung t\\u00edch 200ml.\", \"image\": \"products/t\\u1ea3i_xu\\u1ed1ng_44.jpg\", \"description\": \"\\u1ea4m t\\u1eed sa l\\u00e0m t\\u1eeb \\u0111\\u1ea5t s\\u00e9t Nghi H\\u01b0ng (Yixing) ch\\u00ednh hi\\u1ec7u, dung t\\u00edch 200ml. \\u0110\\u1ea5t t\\u1eed sa c\\u00f3 c\\u1ea5u tr\\u00fac vi l\\u1ed7 gi\\u00fap \\\"h\\u00edt th\\u1edf\\\", gi\\u1eef nhi\\u1ec7t t\\u1ed1t v\\u00e0 t\\u0103ng h\\u01b0\\u01a1ng v\\u1ecb tr\\u00e0 theo th\\u1eddi gian s\\u1eed d\\u1ee5ng. M\\u1ed7i \\u1ea5m ch\\u1ec9 n\\u00ean d\\u00f9ng cho m\\u1ed9t lo\\u1ea1i tr\\u00e0.\", \"ingredients\": \"\\u0110\\u1ea5t s\\u00e9t t\\u1eed sa Nghi H\\u01b0ng t\\u1ef1 nhi\\u00ean, nung th\\u1ee7 c\\u00f4ng \\u1edf 1100-1200\\u00b0C.\", \"brewing_guide\": \"Tr\\u01b0\\u1edbc khi d\\u00f9ng l\\u1ea7n \\u0111\\u1ea7u: r\\u1eeda s\\u1ea1ch, \\u0111un s\\u00f4i \\u1ea5m trong n\\u01b0\\u1edbc tr\\u00e0 lo\\u00e3ng 30 ph\\u00fat. Sau m\\u1ed7i l\\u1ea7n d\\u00f9ng, r\\u1eeda b\\u1eb1ng n\\u01b0\\u1edbc n\\u00f3ng, kh\\u00f4ng d\\u00f9ng x\\u00e0 ph\\u00f2ng.\", \"price\": \"850000\", \"physical_stock\": 50, \"reserved_stock\": 0, \"views_count\": \"F(views_count) + Value(1)\", \"created_at\": \"2026-03-11 15:29:35.454484+00:00\"}",
      "status": "SUCCESS",
      "reason": "Product was updated",
      "previous_hash": "f68e2bfc63e5aecc416fd0a9a94c8b1f036bb388016df51af21588050b156b32",
      "current_hash": "d1a23f4c7cf3cb85377b134c32657f1431f3b4a2ad6728e5804f18e6f467c7c8"
    }
  },
  {
    "model": "MyApp.auditlog",
    "pk": "3d654d8a-0cad-4c09-bbfb-abc6a36d61dc",
    "fields": {
      "timestamp": "2026-03-21T07:39:13.127Z",
      "event_type": "DATA_UPDATE",
      "severity_level": "WARNING",
      "actor_id": 3,
      "actor_role": "admin",
      "ip_address": "127.0.0.1",
      "user_agent": "Mozilla/5.0 (Windows NT 10.0; Win64; x64) AppleWebKit/537.36 (KHTML, like Gecko) Chrome/146.0.0.0 Safari/537.36",
      "resource_type": "Product",
      "resource_id": "23",
      "before_state": "{\"id\": 23, \"category\": \"Ph\\u1ee5 Ki\\u1ec7n Pha Tr\\u00e0 [ID: 5]\", \"title\": \"B\\u1ed9 Ch\\u00e9n Tr\\u00e0 G\\u1ed1m B\\u00e1t Tr\\u00e0ng\", \"slug\": \"bo-chen-tra-gom-bat-trang\", \"excerpt\": \"B\\u1ed9 6 ch\\u00e9n tr\\u00e0 g\\u1ed1m B\\u00e1t Tr\\u00e0ng men lam c\\u1ed5 \\u0111i\\u1ec3n.\", \"image\": \"products/_\\ud835\\uddd4\\ud835\\uddfb\\ud835\\uddf0\\ud835\\uddf6\\ud835\\uddf2\\ud835\\uddfb\\ud835\\ude01_\\ud835\\uddd4\\ud835\\ude00\\ud835\\uddf6\\ud835\\uddee\\ud835\\uddfb_\\ud835\\udde7\\ud835\\uddf2\\ud835\\uddee_\\ud835\\udde7\\ud835\\uddff\\ud835\\uddee\\ud835\\uddf1\\ud835\\uddf6\\ud835\\ude01\\ud835\\uddf6\\ud835\\uddfc\\ud835\\uddfb\\ud835\\ude00.jpg\", \"description\": \"B\\u1ed9 6 ch\\u00e9n tr\\u00e0 g\\u1ed1m B\\u00e1t Tr\\u00e0ng v\\u1edbi men lam c\\u1ed5 \\u0111i\\u1ec3n, hoa v\\u0103n truy\\u1ec1n th\\u1ed1ng Vi\\u1ec7t Nam. Dung t\\u00edch m\\u1ed7i ch\\u00e9n 50ml, k\\u00edch th\\u01b0\\u1edbc v\\u1eeba tay. G\\u1ed1m gi\\u1eef nhi\\u1ec7t t\\u1ed1t, an to\\u00e0n th\\u1ef1c ph\\u1ea9m, ph\\u00f9 h\\u1ee3p th\\u01b0\\u1edfng tr\\u00e0 ki\\u1ec3u Vi\\u1ec7t.\", \"ingredients\": \"G\\u1ed1m B\\u00e1t Tr\\u00e0ng men lam, nung \\u1edf nhi\\u1ec7t \\u0111\\u1ed9 cao, an to\\u00e0n th\\u1ef1c ph\\u1ea9m.\", \"brewing_guide\": \"Tr\\u00e1ng ch\\u00e9n b\\u1eb1ng n\\u01b0\\u1edbc n\\u00f3ng tr\\u01b0\\u1edbc khi r\\u00f3t tr\\u00e0. R\\u1eeda s\\u1ea1ch sau khi d\\u00f9ng, tr\\u00e1nh thay \\u0111\\u1ed5i nhi\\u1ec7t \\u0111\\u1ed9 \\u0111\\u1ed9t ng\\u1ed9t.\", \"price\": \"280000\", \"physical_stock\": 39, \"reserved_stock\": 1, \"views_count\": 52, \"created_at\": \"2026-03-11 15:29:35.472752+00:00\"}",
      "after_state": "{\"id\": 23, \"category\": \"Ph\\u1ee5 Ki\\u1ec7n Pha Tr\\u00e0 [ID: 5]\", \"title\": \"B\\u1ed9 Ch\\u00e9n Tr\\u00e0 G\\u1ed1m B\\u00e1t Tr\\u00e0ng\", \"slug\": \"bo-chen-tra-gom-bat-trang\", \"excerpt\": \"B\\u1ed9 6 ch\\u00e9n tr\\u00e0 g\\u1ed1m B\\u00e1t Tr\\u00e0ng men lam c\\u1ed5 \\u0111i\\u1ec3n.\", \"image\": \"products/_\\ud835\\uddd4\\ud835\\uddfb\\ud835\\uddf0\\ud835\\uddf6\\ud835\\uddf2\\ud835\\uddfb\\ud835\\ude01_\\ud835\\uddd4\\ud835\\ude00\\ud835\\uddf6\\ud835\\uddee\\ud835\\uddfb_\\ud835\\udde7\\ud835\\uddf2\\ud835\\uddee_\\ud835\\udde7\\ud835\\uddff\\ud835\\uddee\\ud835\\uddf1\\ud835\\uddf6\\ud835\\ude01\\ud835\\uddf6\\ud835\\uddfc\\ud835\\uddfb\\ud835\\ude00.jpg\", \"description\": \"B\\u1ed9 6 ch\\u00e9n tr\\u00e0 g\\u1ed1m B\\u00e1t Tr\\u00e0ng v\\u1edbi men lam c\\u1ed5 \\u0111i\\u1ec3n, hoa v\\u0103n truy\\u1ec1n th\\u1ed1ng Vi\\u1ec7t Nam. Dung t\\u00edch m\\u1ed7i ch\\u00e9n 50ml, k\\u00edch th\\u01b0\\u1edbc v\\u1eeba tay. G\\u1ed1m gi\\u1eef nhi\\u1ec7t t\\u1ed1t, an to\\u00e0n th\\u1ef1c ph\\u1ea9m, ph\\u00f9 h\\u1ee3p th\\u01b0\\u1edfng tr\\u00e0 ki\\u1ec3u Vi\\u1ec7t.\", \"ingredients\": \"G\\u1ed1m B\\u00e1t Tr\\u00e0ng men lam, nung \\u1edf nhi\\u1ec7t \\u0111\\u1ed9 cao, an to\\u00e0n th\\u1ef1c ph\\u1ea9m.\", \"brewing_guide\": \"Tr\\u00e1ng ch\\u00e9n b\\u1eb1ng n\\u01b0\\u1edbc n\\u00f3ng tr\\u01b0\\u1edbc khi r\\u00f3t tr\\u00e0. R\\u1eeda s\\u1ea1ch sau khi d\\u00f9ng, tr\\u00e1nh thay \\u0111\\u1ed5i nhi\\u1ec7t \\u0111\\u1ed9 \\u0111\\u1ed9t ng\\u1ed9t.\", \"price\": \"280000\", \"physical_stock\": 39, \"reserved_stock\": 1, \"views_count\": \"F(views_count) + Value(1)\", \"created_at\": \"2026-03-11 15:29:35.472752+00:00\"}",
      "status": "SUCCESS",
      "reason": "Product was updated",
      "previous_hash": "b13a3c8ef5c04a523e5f9b072edad88538c4894e1c60b9e32f97139c7d5302b3",
      "current_hash": "75492946501a44909c983a0fe5580dd624c4dc4e19059422344634bf3a193e08"
    }
  },
  {
    "model": "MyApp.auditlog",
    "pk": "40ba5f62-fdeb-446c-bee9-7f8226807799",
    "fields": {
      "timestamp": "2026-03-24T15:42:42.242Z",
      "event_type": "AUTH_LOGOUT",
      "severity_level": "INFO",
      "actor_id": 3,
      "actor_role": "admin",
      "ip_address": "127.0.0.1",
      "user_agent": "Mozilla/5.0 (Windows NT 10.0; Win64; x64) AppleWebKit/537.36 (KHTML, like Gecko) Chrome/146.0.0.0 Safari/537.36",
      "resource_type": "User",
      "resource_id": "3",
      "before_state": "",
      "after_state": "",
      "status": "SUCCESS",
      "reason": "User logged out",
      "previous_hash": "a77f3432de62edb21dfe25ecf19436dfef457f02f1933ce30c7877f193b52544",
      "current_hash": "be2f50d56a31a593b9931388471c88d25186d2d10a29a9f91c1591af1957018f"
    }
  },
  {
    "model": "MyApp.auditlog",
    "pk": "41d8a817-58d3-4cee-9f92-069a9ff3362b",
    "fields": {
      "timestamp": "2026-03-24T18:14:28.395Z",
      "event_type": "DATA_CREATE",
      "severity_level": "INFO",
      "actor_id": null,
      "actor_role": "customer",
      "ip_address": "127.0.0.1",
      "user_agent": "Mozilla/5.0 (Windows NT 10.0; Win64; x64) AppleWebKit/537.36 (KHTML, like Gecko) Chrome/146.0.0.0 Safari/537.36",
      "resource_type": "User",
      "resource_id": "10",
      "before_state": "",
      "after_state": "{\"id\": 10, \"password\": \"!oZz1GdMvRJgNRX2Iz2CJHedLYlXWPx1YyuVbQRmd\", \"last_login\": null, \"is_superuser\": false, \"username\": \"pham_quoc_huy\", \"first_name\": \"Ph\\u1ea1m Qu\\u1ed1c Huy\", \"last_name\": \"\", \"email\": \"itachihuy212@gmail.com\", \"is_staff\": false, \"is_active\": true, \"date_joined\": \"2026-03-24 18:14:28.345686+00:00\"}",
      "status": "SUCCESS",
      "reason": "User was created",
      "previous_hash": "cb1ec106f8cc0e020f05ea5044fab6176fc2b852837e244aeab339adb45fe0b9",
      "current_hash": "47e0e196f2e34fc8908d3a9740d6b4a45e31e82bfeea08f6dbe78696d1ee132f"
    }
  },
  {
    "model": "MyApp.auditlog",
    "pk": "422f87f3-98ea-41d6-8d49-2b9b69a3d7c4",
    "fields": {
      "timestamp": "2026-03-20T16:10:19.734Z",
      "event_type": "DATA_CREATE",
      "severity_level": "INFO",
      "actor_id": 3,
      "actor_role": "admin",
      "ip_address": "127.0.0.1",
      "user_agent": "Mozilla/5.0 (Windows NT 10.0; Win64; x64) AppleWebKit/537.36 (KHTML, like Gecko) Chrome/146.0.0.0 Safari/537.36",
      "resource_type": "InventoryReceipt",
      "resource_id": "3",
      "before_state": "",
      "after_state": "{\"id\": 3, \"receipt_number\": \"RCPT-20260320-6869\", \"supplier\": \"Nh\\u00e0 h\\u00e0ng\", \"status\": \"completed\", \"note\": \"Nh\\u1eadp th\\u00eam\", \"user\": 3}",
      "status": "SUCCESS",
      "reason": "InventoryReceipt was created",
      "previous_hash": "b4ef3d8fe1034395a761d6f6c33754e5c59b4c8859c3f62ee53c1c966258eacc",
      "current_hash": "c626f2ab77a5d12bdffcb2b2ccbb609f1200f322141965c311c7560bcd4a61c3"
    }
  },
  {
    "model": "MyApp.auditlog",
    "pk": "44a0557e-5a1b-4276-b175-e142bbae9328",
    "fields": {
      "timestamp": "2026-03-24T23:22:44.719Z",
      "event_type": "DATA_UPDATE",
      "severity_level": "WARNING",
      "actor_id": null,
      "actor_role": "customer",
      "ip_address": "127.0.0.1",
      "user_agent": "Mozilla/5.0 (Windows NT 10.0; Win64; x64) AppleWebKit/537.36 (KHTML, like Gecko) Chrome/146.0.0.0 Safari/537.36",
      "resource_type": "Product",
      "resource_id": "23",
      "before_state": "{\"id\": 23, \"category\": \"Ph\\u1ee5 Ki\\u1ec7n Pha Tr\\u00e0 [ID: 5]\", \"title\": \"B\\u1ed9 Ch\\u00e9n Tr\\u00e0 G\\u1ed1m B\\u00e1t Tr\\u00e0ng\", \"slug\": \"bo-chen-tra-gom-bat-trang\", \"excerpt\": \"B\\u1ed9 6 ch\\u00e9n tr\\u00e0 g\\u1ed1m B\\u00e1t Tr\\u00e0ng men lam c\\u1ed5 \\u0111i\\u1ec3n.\", \"image\": \"products/_\\ud835\\uddd4\\ud835\\uddfb\\ud835\\uddf0\\ud835\\uddf6\\ud835\\uddf2\\ud835\\uddfb\\ud835\\ude01_\\ud835\\uddd4\\ud835\\ude00\\ud835\\uddf6\\ud835\\uddee\\ud835\\uddfb_\\ud835\\udde7\\ud835\\uddf2\\ud835\\uddee_\\ud835\\udde7\\ud835\\uddff\\ud835\\uddee\\ud835\\uddf1\\ud835\\uddf6\\ud835\\ude01\\ud835\\uddf6\\ud835\\uddfc\\ud835\\uddfb\\ud835\\ude00.jpg\", \"description\": \"B\\u1ed9 6 ch\\u00e9n tr\\u00e0 g\\u1ed1m B\\u00e1t Tr\\u00e0ng v\\u1edbi men lam c\\u1ed5 \\u0111i\\u1ec3n, hoa v\\u0103n truy\\u1ec1n th\\u1ed1ng Vi\\u1ec7t Nam. Dung t\\u00edch m\\u1ed7i ch\\u00e9n 50ml, k\\u00edch th\\u01b0\\u1edbc v\\u1eeba tay. G\\u1ed1m gi\\u1eef nhi\\u1ec7t t\\u1ed1t, an to\\u00e0n th\\u1ef1c ph\\u1ea9m, ph\\u00f9 h\\u1ee3p th\\u01b0\\u1edfng tr\\u00e0 ki\\u1ec3u Vi\\u1ec7t.\", \"ingredients\": \"G\\u1ed1m B\\u00e1t Tr\\u00e0ng men lam, nung \\u1edf nhi\\u1ec7t \\u0111\\u1ed9 cao, an to\\u00e0n th\\u1ef1c ph\\u1ea9m.\", \"brewing_guide\": \"Tr\\u00e1ng ch\\u00e9n b\\u1eb1ng n\\u01b0\\u1edbc n\\u00f3ng tr\\u01b0\\u1edbc khi r\\u00f3t tr\\u00e0. R\\u1eeda s\\u1ea1ch sau khi d\\u00f9ng, tr\\u00e1nh thay \\u0111\\u1ed5i nhi\\u1ec7t \\u0111\\u1ed9 \\u0111\\u1ed9t ng\\u1ed9t.\", \"price\": \"280000\", \"physical_stock\": 39, \"reserved_stock\": 1, \"views_count\": 57, \"created_at\": \"2026-03-11 15:29:35.472752+00:00\"}",
      "after_state": "{\"id\": 23, \"category\": \"Ph\\u1ee5 Ki\\u1ec7n Pha Tr\\u00e0 [ID: 5]\", \"title\": \"B\\u1ed9 Ch\\u00e9n Tr\\u00e0 G\\u1ed1m B\\u00e1t Tr\\u00e0ng\", \"slug\": \"bo-chen-tra-gom-bat-trang\", \"excerpt\": \"B\\u1ed9 6 ch\\u00e9n tr\\u00e0 g\\u1ed1m B\\u00e1t Tr\\u00e0ng men lam c\\u1ed5 \\u0111i\\u1ec3n.\", \"image\": \"products/_\\ud835\\uddd4\\ud835\\uddfb\\ud835\\uddf0\\ud835\\uddf6\\ud835\\uddf2\\ud835\\uddfb\\ud835\\ude01_\\ud835\\uddd4\\ud835\\ude00\\ud835\\uddf6\\ud835\\uddee\\ud835\\uddfb_\\ud835\\udde7\\ud835\\uddf2\\ud835\\uddee_\\ud835\\udde7\\ud835\\uddff\\ud835\\uddee\\ud835\\uddf1\\ud835\\uddf6\\ud835\\ude01\\ud835\\uddf6\\ud835\\uddfc\\ud835\\uddfb\\ud835\\ude00.jpg\", \"description\": \"B\\u1ed9 6 ch\\u00e9n tr\\u00e0 g\\u1ed1m B\\u00e1t Tr\\u00e0ng v\\u1edbi men lam c\\u1ed5 \\u0111i\\u1ec3n, hoa v\\u0103n truy\\u1ec1n th\\u1ed1ng Vi\\u1ec7t Nam. Dung t\\u00edch m\\u1ed7i ch\\u00e9n 50ml, k\\u00edch th\\u01b0\\u1edbc v\\u1eeba tay. G\\u1ed1m gi\\u1eef nhi\\u1ec7t t\\u1ed1t, an to\\u00e0n th\\u1ef1c ph\\u1ea9m, ph\\u00f9 h\\u1ee3p th\\u01b0\\u1edfng tr\\u00e0 ki\\u1ec3u Vi\\u1ec7t.\", \"ingredients\": \"G\\u1ed1m B\\u00e1t Tr\\u00e0ng men lam, nung \\u1edf nhi\\u1ec7t \\u0111\\u1ed9 cao, an to\\u00e0n th\\u1ef1c ph\\u1ea9m.\", \"brewing_guide\": \"Tr\\u00e1ng ch\\u00e9n b\\u1eb1ng n\\u01b0\\u1edbc n\\u00f3ng tr\\u01b0\\u1edbc khi r\\u00f3t tr\\u00e0. R\\u1eeda s\\u1ea1ch sau khi d\\u00f9ng, tr\\u00e1nh thay \\u0111\\u1ed5i nhi\\u1ec7t \\u0111\\u1ed9 \\u0111\\u1ed9t ng\\u1ed9t.\", \"price\": \"280000\", \"physical_stock\": 39, \"reserved_stock\": 1, \"views_count\": \"F(views_count) + Value(1)\", \"created_at\": \"2026-03-11 15:29:35.472752+00:00\"}",
      "status": "SUCCESS",
      "reason": "Product was updated",
      "previous_hash": "ce14d6c7526c379f677fa309eb3943260ccdcaf1c56c1d599b11333077e7d549",
      "current_hash": "2f309a6211098750dab6df1d5f5dba7dfb2d0cdefc4c38e0ba1821041987a5c4"
    }
  },
  {
    "model": "MyApp.auditlog",
    "pk": "45b8981c-48db-4c6d-8e79-4c8c4e2d0ede",
    "fields": {
      "timestamp": "2026-03-24T23:23:07.679Z",
      "event_type": "AUTH_LOGIN",
      "severity_level": "INFO",
      "actor_id": 3,
      "actor_role": "admin",
      "ip_address": "127.0.0.1",
      "user_agent": "Mozilla/5.0 (Windows NT 10.0; Win64; x64) AppleWebKit/537.36 (KHTML, like Gecko) Chrome/146.0.0.0 Safari/537.36",
      "resource_type": "User",
      "resource_id": "3",
      "before_state": "",
      "after_state": "",
      "status": "SUCCESS",
      "reason": "User logged in successfully",
      "previous_hash": "aec79bc3617adffba711881f2f63e0b527b0b5b4e9f96eef1445be33e5610b5e",
      "current_hash": "6c140e344a9b9ebc2874aaf628eb56420de0a46183c3c6302d352be0561431ac"
    }
  },
  {
    "model": "MyApp.auditlog",
    "pk": "4610c558-49b8-4f65-bf6a-f064c8e409f2",
    "fields": {
      "timestamp": "2026-03-21T02:18:04.911Z",
      "event_type": "DATA_UPDATE",
      "severity_level": "WARNING",
      "actor_id": 3,
      "actor_role": "admin",
      "ip_address": "127.0.0.1",
      "user_agent": "Mozilla/5.0 (Windows NT 10.0; Win64; x64) AppleWebKit/537.36 (KHTML, like Gecko) Chrome/146.0.0.0 Safari/537.36",
      "resource_type": "Product",
      "resource_id": "23",
      "before_state": "{\"id\": 23, \"category\": \"Ph\\u1ee5 Ki\\u1ec7n Pha Tr\\u00e0 [ID: 5]\", \"title\": \"B\\u1ed9 Ch\\u00e9n Tr\\u00e0 G\\u1ed1m B\\u00e1t Tr\\u00e0ng\", \"slug\": \"bo-chen-tra-gom-bat-trang\", \"excerpt\": \"B\\u1ed9 6 ch\\u00e9n tr\\u00e0 g\\u1ed1m B\\u00e1t Tr\\u00e0ng men lam c\\u1ed5 \\u0111i\\u1ec3n.\", \"image\": \"products/_\\ud835\\uddd4\\ud835\\uddfb\\ud835\\uddf0\\ud835\\uddf6\\ud835\\uddf2\\ud835\\uddfb\\ud835\\ude01_\\ud835\\uddd4\\ud835\\ude00\\ud835\\uddf6\\ud835\\uddee\\ud835\\uddfb_\\ud835\\udde7\\ud835\\uddf2\\ud835\\uddee_\\ud835\\udde7\\ud835\\uddff\\ud835\\uddee\\ud835\\uddf1\\ud835\\uddf6\\ud835\\ude01\\ud835\\uddf6\\ud835\\uddfc\\ud835\\uddfb\\ud835\\ude00.jpg\", \"description\": \"B\\u1ed9 6 ch\\u00e9n tr\\u00e0 g\\u1ed1m B\\u00e1t Tr\\u00e0ng v\\u1edbi men lam c\\u1ed5 \\u0111i\\u1ec3n, hoa v\\u0103n truy\\u1ec1n th\\u1ed1ng Vi\\u1ec7t Nam. Dung t\\u00edch m\\u1ed7i ch\\u00e9n 50ml, k\\u00edch th\\u01b0\\u1edbc v\\u1eeba tay. G\\u1ed1m gi\\u1eef nhi\\u1ec7t t\\u1ed1t, an to\\u00e0n th\\u1ef1c ph\\u1ea9m, ph\\u00f9 h\\u1ee3p th\\u01b0\\u1edfng tr\\u00e0 ki\\u1ec3u Vi\\u1ec7t.\", \"ingredients\": \"G\\u1ed1m B\\u00e1t Tr\\u00e0ng men lam, nung \\u1edf nhi\\u1ec7t \\u0111\\u1ed9 cao, an to\\u00e0n th\\u1ef1c ph\\u1ea9m.\", \"brewing_guide\": \"Tr\\u00e1ng ch\\u00e9n b\\u1eb1ng n\\u01b0\\u1edbc n\\u00f3ng tr\\u01b0\\u1edbc khi r\\u00f3t tr\\u00e0. R\\u1eeda s\\u1ea1ch sau khi d\\u00f9ng, tr\\u00e1nh thay \\u0111\\u1ed5i nhi\\u1ec7t \\u0111\\u1ed9 \\u0111\\u1ed9t ng\\u1ed9t.\", \"price\": \"280000\", \"physical_stock\": 39, \"reserved_stock\": 0, \"views_count\": 48, \"created_at\": \"2026-03-11 15:29:35.472752+00:00\"}",
      "after_state": "{\"id\": 23, \"category\": \"Ph\\u1ee5 Ki\\u1ec7n Pha Tr\\u00e0 [ID: 5]\", \"title\": \"B\\u1ed9 Ch\\u00e9n Tr\\u00e0 G\\u1ed1m B\\u00e1t Tr\\u00e0ng\", \"slug\": \"bo-chen-tra-gom-bat-trang\", \"excerpt\": \"B\\u1ed9 6 ch\\u00e9n tr\\u00e0 g\\u1ed1m B\\u00e1t Tr\\u00e0ng men lam c\\u1ed5 \\u0111i\\u1ec3n.\", \"image\": \"products/_\\ud835\\uddd4\\ud835\\uddfb\\ud835\\uddf0\\ud835\\uddf6\\ud835\\uddf2\\ud835\\uddfb\\ud835\\ude01_\\ud835\\uddd4\\ud835\\ude00\\ud835\\uddf6\\ud835\\uddee\\ud835\\uddfb_\\ud835\\udde7\\ud835\\uddf2\\ud835\\uddee_\\ud835\\udde7\\ud835\\uddff\\ud835\\uddee\\ud835\\uddf1\\ud835\\uddf6\\ud835\\ude01\\ud835\\uddf6\\ud835\\uddfc\\ud835\\uddfb\\ud835\\ude00.jpg\", \"description\": \"B\\u1ed9 6 ch\\u00e9n tr\\u00e0 g\\u1ed1m B\\u00e1t Tr\\u00e0ng v\\u1edbi men lam c\\u1ed5 \\u0111i\\u1ec3n, hoa v\\u0103n truy\\u1ec1n th\\u1ed1ng Vi\\u1ec7t Nam. Dung t\\u00edch m\\u1ed7i ch\\u00e9n 50ml, k\\u00edch th\\u01b0\\u1edbc v\\u1eeba tay. G\\u1ed1m gi\\u1eef nhi\\u1ec7t t\\u1ed1t, an to\\u00e0n th\\u1ef1c ph\\u1ea9m, ph\\u00f9 h\\u1ee3p th\\u01b0\\u1edfng tr\\u00e0 ki\\u1ec3u Vi\\u1ec7t.\", \"ingredients\": \"G\\u1ed1m B\\u00e1t Tr\\u00e0ng men lam, nung \\u1edf nhi\\u1ec7t \\u0111\\u1ed9 cao, an to\\u00e0n th\\u1ef1c ph\\u1ea9m.\", \"brewing_guide\": \"Tr\\u00e1ng ch\\u00e9n b\\u1eb1ng n\\u01b0\\u1edbc n\\u00f3ng tr\\u01b0\\u1edbc khi r\\u00f3t tr\\u00e0. R\\u1eeda s\\u1ea1ch sau khi d\\u00f9ng, tr\\u00e1nh thay \\u0111\\u1ed5i nhi\\u1ec7t \\u0111\\u1ed9 \\u0111\\u1ed9t ng\\u1ed9t.\", \"price\": \"280000\", \"physical_stock\": 39, \"reserved_stock\": 0, \"views_count\": \"F(views_count) + Value(1)\", \"created_at\": \"2026-03-11 15:29:35.472752+00:00\"}",
      "status": "SUCCESS",
      "reason": "Product was updated",
      "previous_hash": "302d537e5755bcaca4154adc661947b4f98e543b25b56da33a289f201e7dbf3e",
      "current_hash": "548eef80da39830766c6e0b25e8b9d1388342f8fc4a2d3758109ee641a3ba90c"
    }
  },
  {
    "model": "MyApp.auditlog",
    "pk": "499cf32f-dbc5-42a3-9e7e-bb497230add3",
    "fields": {
      "timestamp": "2026-03-25T00:27:06.984Z",
      "event_type": "DATA_UPDATE",
      "severity_level": "WARNING",
      "actor_id": 3,
      "actor_role": "admin",
      "ip_address": "127.0.0.1",
      "user_agent": "Mozilla/5.0 (Windows NT 10.0; Win64; x64) AppleWebKit/537.36 (KHTML, like Gecko) Chrome/146.0.0.0 Safari/537.36",
      "resource_type": "Payment",
      "resource_id": "51",
      "before_state": "{\"id\": 51, \"order\": \"Order ORD-20260325-E2ED4F [ID: 52]\", \"payment_method\": \"QR Code - Ng\\u00e2n h\\u00e0ng (qr_bank)\", \"payment_status\": \"Ch\\u1edd thanh to\\u00e1n (pending)\", \"amount\": \"280000\", \"transaction_id\": \"\", \"reference_code\": \"167X2ITCQE\", \"payment_date\": null, \"notes\": \"\", \"stock_deducted\": false, \"created_at\": \"2026-03-25 00:26:25.526833+00:00\", \"updated_at\": \"2026-03-25 00:26:25.526855+00:00\"}",
      "after_state": "{\"id\": 51, \"order\": \"Order ORD-20260325-E2ED4F [ID: 52]\", \"payment_method\": \"QR Code - Ng\\u00e2n h\\u00e0ng (qr_bank)\", \"payment_status\": \"Ch\\u1edd x\\u00e1c nh\\u1eadn (pending_verification)\", \"amount\": \"280000\", \"transaction_id\": \"\", \"reference_code\": \"167X2ITCQE\", \"payment_date\": null, \"notes\": \"\", \"stock_deducted\": false, \"created_at\": \"2026-03-25 00:26:25.526833+00:00\", \"updated_at\": \"2026-03-25 00:27:06.975583+00:00\"}",
      "status": "SUCCESS",
      "reason": "Payment was updated",
      "previous_hash": "85a659afd70861a7249af6d08a98454f03dc0c1a0ae2df7982fd149db1862379",
      "current_hash": "365e76b9fd9c0b3aa8d3ef360510ecfa6675a7d84f2177e45d6fb35d805974e2"
    }
  },
  {
    "model": "MyApp.auditlog",
    "pk": "4b0913de-4e50-43b1-b14b-3c7996a1db92",
    "fields": {
      "timestamp": "2026-03-21T04:25:07.078Z",
      "event_type": "DATA_UPDATE",
      "severity_level": "WARNING",
      "actor_id": 3,
      "actor_role": "admin",
      "ip_address": "127.0.0.1",
      "user_agent": "Mozilla/5.0 (Windows NT 10.0; Win64; x64) AppleWebKit/537.36 (KHTML, like Gecko) Chrome/146.0.0.0 Safari/537.36",
      "resource_type": "Product",
      "resource_id": "23",
      "before_state": "{\"id\": 23, \"category\": \"Ph\\u1ee5 Ki\\u1ec7n Pha Tr\\u00e0 [ID: 5]\", \"title\": \"B\\u1ed9 Ch\\u00e9n Tr\\u00e0 G\\u1ed1m B\\u00e1t Tr\\u00e0ng\", \"slug\": \"bo-chen-tra-gom-bat-trang\", \"excerpt\": \"B\\u1ed9 6 ch\\u00e9n tr\\u00e0 g\\u1ed1m B\\u00e1t Tr\\u00e0ng men lam c\\u1ed5 \\u0111i\\u1ec3n.\", \"image\": \"products/_\\ud835\\uddd4\\ud835\\uddfb\\ud835\\uddf0\\ud835\\uddf6\\ud835\\uddf2\\ud835\\uddfb\\ud835\\ude01_\\ud835\\uddd4\\ud835\\ude00\\ud835\\uddf6\\ud835\\uddee\\ud835\\uddfb_\\ud835\\udde7\\ud835\\uddf2\\ud835\\uddee_\\ud835\\udde7\\ud835\\uddff\\ud835\\uddee\\ud835\\uddf1\\ud835\\uddf6\\ud835\\ude01\\ud835\\uddf6\\ud835\\uddfc\\ud835\\uddfb\\ud835\\ude00.jpg\", \"description\": \"B\\u1ed9 6 ch\\u00e9n tr\\u00e0 g\\u1ed1m B\\u00e1t Tr\\u00e0ng v\\u1edbi men lam c\\u1ed5 \\u0111i\\u1ec3n, hoa v\\u0103n truy\\u1ec1n th\\u1ed1ng Vi\\u1ec7t Nam. Dung t\\u00edch m\\u1ed7i ch\\u00e9n 50ml, k\\u00edch th\\u01b0\\u1edbc v\\u1eeba tay. G\\u1ed1m gi\\u1eef nhi\\u1ec7t t\\u1ed1t, an to\\u00e0n th\\u1ef1c ph\\u1ea9m, ph\\u00f9 h\\u1ee3p th\\u01b0\\u1edfng tr\\u00e0 ki\\u1ec3u Vi\\u1ec7t.\", \"ingredients\": \"G\\u1ed1m B\\u00e1t Tr\\u00e0ng men lam, nung \\u1edf nhi\\u1ec7t \\u0111\\u1ed9 cao, an to\\u00e0n th\\u1ef1c ph\\u1ea9m.\", \"brewing_guide\": \"Tr\\u00e1ng ch\\u00e9n b\\u1eb1ng n\\u01b0\\u1edbc n\\u00f3ng tr\\u01b0\\u1edbc khi r\\u00f3t tr\\u00e0. R\\u1eeda s\\u1ea1ch sau khi d\\u00f9ng, tr\\u00e1nh thay \\u0111\\u1ed5i nhi\\u1ec7t \\u0111\\u1ed9 \\u0111\\u1ed9t ng\\u1ed9t.\", \"price\": \"280000\", \"physical_stock\": 39, \"reserved_stock\": 0, \"views_count\": 50, \"created_at\": \"2026-03-11 15:29:35.472752+00:00\"}",
      "after_state": "{\"id\": 23, \"category\": \"Ph\\u1ee5 Ki\\u1ec7n Pha Tr\\u00e0 [ID: 5]\", \"title\": \"B\\u1ed9 Ch\\u00e9n Tr\\u00e0 G\\u1ed1m B\\u00e1t Tr\\u00e0ng\", \"slug\": \"bo-chen-tra-gom-bat-trang\", \"excerpt\": \"B\\u1ed9 6 ch\\u00e9n tr\\u00e0 g\\u1ed1m B\\u00e1t Tr\\u00e0ng men lam c\\u1ed5 \\u0111i\\u1ec3n.\", \"image\": \"products/_\\ud835\\uddd4\\ud835\\uddfb\\ud835\\uddf0\\ud835\\uddf6\\ud835\\uddf2\\ud835\\uddfb\\ud835\\ude01_\\ud835\\uddd4\\ud835\\ude00\\ud835\\uddf6\\ud835\\uddee\\ud835\\uddfb_\\ud835\\udde7\\ud835\\uddf2\\ud835\\uddee_\\ud835\\udde7\\ud835\\uddff\\ud835\\uddee\\ud835\\uddf1\\ud835\\uddf6\\ud835\\ude01\\ud835\\uddf6\\ud835\\uddfc\\ud835\\uddfb\\ud835\\ude00.jpg\", \"description\": \"B\\u1ed9 6 ch\\u00e9n tr\\u00e0 g\\u1ed1m B\\u00e1t Tr\\u00e0ng v\\u1edbi men lam c\\u1ed5 \\u0111i\\u1ec3n, hoa v\\u0103n truy\\u1ec1n th\\u1ed1ng Vi\\u1ec7t Nam. Dung t\\u00edch m\\u1ed7i ch\\u00e9n 50ml, k\\u00edch th\\u01b0\\u1edbc v\\u1eeba tay. G\\u1ed1m gi\\u1eef nhi\\u1ec7t t\\u1ed1t, an to\\u00e0n th\\u1ef1c ph\\u1ea9m, ph\\u00f9 h\\u1ee3p th\\u01b0\\u1edfng tr\\u00e0 ki\\u1ec3u Vi\\u1ec7t.\", \"ingredients\": \"G\\u1ed1m B\\u00e1t Tr\\u00e0ng men lam, nung \\u1edf nhi\\u1ec7t \\u0111\\u1ed9 cao, an to\\u00e0n th\\u1ef1c ph\\u1ea9m.\", \"brewing_guide\": \"Tr\\u00e1ng ch\\u00e9n b\\u1eb1ng n\\u01b0\\u1edbc n\\u00f3ng tr\\u01b0\\u1edbc khi r\\u00f3t tr\\u00e0. R\\u1eeda s\\u1ea1ch sau khi d\\u00f9ng, tr\\u00e1nh thay \\u0111\\u1ed5i nhi\\u1ec7t \\u0111\\u1ed9 \\u0111\\u1ed9t ng\\u1ed9t.\", \"price\": \"280000\", \"physical_stock\": 39, \"reserved_stock\": 0, \"views_count\": \"F(views_count) + Value(1)\", \"created_at\": \"2026-03-11 15:29:35.472752+00:00\"}",
      "status": "SUCCESS",
      "reason": "Product was updated",
      "previous_hash": "3f9aab79463d7d43c1306d9b38ec768164cddd89cda1adaa931e5eb9c88db727",
      "current_hash": "2b7ee5f113fcfeaefeadf167b49935804ffc1706841a2a82543b3d314f93d56f"
    }
  },
  {
    "model": "MyApp.auditlog",
    "pk": "4b59fc84-4167-4fa0-8aae-142bee401260",
    "fields": {
      "timestamp": "2026-03-24T23:21:46.592Z",
      "event_type": "DATA_UPDATE",
      "severity_level": "WARNING",
      "actor_id": null,
      "actor_role": "customer",
      "ip_address": "127.0.0.1",
      "user_agent": "Mozilla/5.0 (Windows NT 10.0; Win64; x64) AppleWebKit/537.36 (KHTML, like Gecko) Chrome/146.0.0.0 Safari/537.36",
      "resource_type": "Product",
      "resource_id": "23",
      "before_state": "{\"id\": 23, \"category\": \"Ph\\u1ee5 Ki\\u1ec7n Pha Tr\\u00e0 [ID: 5]\", \"title\": \"B\\u1ed9 Ch\\u00e9n Tr\\u00e0 G\\u1ed1m B\\u00e1t Tr\\u00e0ng\", \"slug\": \"bo-chen-tra-gom-bat-trang\", \"excerpt\": \"B\\u1ed9 6 ch\\u00e9n tr\\u00e0 g\\u1ed1m B\\u00e1t Tr\\u00e0ng men lam c\\u1ed5 \\u0111i\\u1ec3n.\", \"image\": \"products/_\\ud835\\uddd4\\ud835\\uddfb\\ud835\\uddf0\\ud835\\uddf6\\ud835\\uddf2\\ud835\\uddfb\\ud835\\ude01_\\ud835\\uddd4\\ud835\\ude00\\ud835\\uddf6\\ud835\\uddee\\ud835\\uddfb_\\ud835\\udde7\\ud835\\uddf2\\ud835\\uddee_\\ud835\\udde7\\ud835\\uddff\\ud835\\uddee\\ud835\\uddf1\\ud835\\uddf6\\ud835\\ude01\\ud835\\uddf6\\ud835\\uddfc\\ud835\\uddfb\\ud835\\ude00.jpg\", \"description\": \"B\\u1ed9 6 ch\\u00e9n tr\\u00e0 g\\u1ed1m B\\u00e1t Tr\\u00e0ng v\\u1edbi men lam c\\u1ed5 \\u0111i\\u1ec3n, hoa v\\u0103n truy\\u1ec1n th\\u1ed1ng Vi\\u1ec7t Nam. Dung t\\u00edch m\\u1ed7i ch\\u00e9n 50ml, k\\u00edch th\\u01b0\\u1edbc v\\u1eeba tay. G\\u1ed1m gi\\u1eef nhi\\u1ec7t t\\u1ed1t, an to\\u00e0n th\\u1ef1c ph\\u1ea9m, ph\\u00f9 h\\u1ee3p th\\u01b0\\u1edfng tr\\u00e0 ki\\u1ec3u Vi\\u1ec7t.\", \"ingredients\": \"G\\u1ed1m B\\u00e1t Tr\\u00e0ng men lam, nung \\u1edf nhi\\u1ec7t \\u0111\\u1ed9 cao, an to\\u00e0n th\\u1ef1c ph\\u1ea9m.\", \"brewing_guide\": \"Tr\\u00e1ng ch\\u00e9n b\\u1eb1ng n\\u01b0\\u1edbc n\\u00f3ng tr\\u01b0\\u1edbc khi r\\u00f3t tr\\u00e0. R\\u1eeda s\\u1ea1ch sau khi d\\u00f9ng, tr\\u00e1nh thay \\u0111\\u1ed5i nhi\\u1ec7t \\u0111\\u1ed9 \\u0111\\u1ed9t ng\\u1ed9t.\", \"price\": \"280000\", \"physical_stock\": 39, \"reserved_stock\": 1, \"views_count\": 56, \"created_at\": \"2026-03-11 15:29:35.472752+00:00\"}",
      "after_state": "{\"id\": 23, \"category\": \"Ph\\u1ee5 Ki\\u1ec7n Pha Tr\\u00e0 [ID: 5]\", \"title\": \"B\\u1ed9 Ch\\u00e9n Tr\\u00e0 G\\u1ed1m B\\u00e1t Tr\\u00e0ng\", \"slug\": \"bo-chen-tra-gom-bat-trang\", \"excerpt\": \"B\\u1ed9 6 ch\\u00e9n tr\\u00e0 g\\u1ed1m B\\u00e1t Tr\\u00e0ng men lam c\\u1ed5 \\u0111i\\u1ec3n.\", \"image\": \"products/_\\ud835\\uddd4\\ud835\\uddfb\\ud835\\uddf0\\ud835\\uddf6\\ud835\\uddf2\\ud835\\uddfb\\ud835\\ude01_\\ud835\\uddd4\\ud835\\ude00\\ud835\\uddf6\\ud835\\uddee\\ud835\\uddfb_\\ud835\\udde7\\ud835\\uddf2\\ud835\\uddee_\\ud835\\udde7\\ud835\\uddff\\ud835\\uddee\\ud835\\uddf1\\ud835\\uddf6\\ud835\\ude01\\ud835\\uddf6\\ud835\\uddfc\\ud835\\uddfb\\ud835\\ude00.jpg\", \"description\": \"B\\u1ed9 6 ch\\u00e9n tr\\u00e0 g\\u1ed1m B\\u00e1t Tr\\u00e0ng v\\u1edbi men lam c\\u1ed5 \\u0111i\\u1ec3n, hoa v\\u0103n truy\\u1ec1n th\\u1ed1ng Vi\\u1ec7t Nam. Dung t\\u00edch m\\u1ed7i ch\\u00e9n 50ml, k\\u00edch th\\u01b0\\u1edbc v\\u1eeba tay. G\\u1ed1m gi\\u1eef nhi\\u1ec7t t\\u1ed1t, an to\\u00e0n th\\u1ef1c ph\\u1ea9m, ph\\u00f9 h\\u1ee3p th\\u01b0\\u1edfng tr\\u00e0 ki\\u1ec3u Vi\\u1ec7t.\", \"ingredients\": \"G\\u1ed1m B\\u00e1t Tr\\u00e0ng men lam, nung \\u1edf nhi\\u1ec7t \\u0111\\u1ed9 cao, an to\\u00e0n th\\u1ef1c ph\\u1ea9m.\", \"brewing_guide\": \"Tr\\u00e1ng ch\\u00e9n b\\u1eb1ng n\\u01b0\\u1edbc n\\u00f3ng tr\\u01b0\\u1edbc khi r\\u00f3t tr\\u00e0. R\\u1eeda s\\u1ea1ch sau khi d\\u00f9ng, tr\\u00e1nh thay \\u0111\\u1ed5i nhi\\u1ec7t \\u0111\\u1ed9 \\u0111\\u1ed9t ng\\u1ed9t.\", \"price\": \"280000\", \"physical_stock\": 39, \"reserved_stock\": 1, \"views_count\": \"F(views_count) + Value(1)\", \"created_at\": \"2026-03-11 15:29:35.472752+00:00\"}",
      "status": "SUCCESS",
      "reason": "Product was updated",
      "previous_hash": "e1e072353aa620ccdd51c0ffeea0cfe49dcb7900ed8aa9caba4659cd9bf08d56",
      "current_hash": "ce14d6c7526c379f677fa309eb3943260ccdcaf1c56c1d599b11333077e7d549"
    }
  },
  {
    "model": "MyApp.auditlog",
    "pk": "4c61d184-54a1-4eff-8ca1-7df89ad2c47a",
    "fields": {
      "timestamp": "2026-03-25T00:26:11.657Z",
      "event_type": "DATA_CREATE",
      "severity_level": "INFO",
      "actor_id": 3,
      "actor_role": "admin",
      "ip_address": "127.0.0.1",
      "user_agent": "Mozilla/5.0 (Windows NT 10.0; Win64; x64) AppleWebKit/537.36 (KHTML, like Gecko) Chrome/146.0.0.0 Safari/537.36",
      "resource_type": "InventoryTransaction",
      "resource_id": "33",
      "before_state": "",
      "after_state": "{\"id\": 33, \"product\": \"B\\u1ed9 Ch\\u00e9n Tr\\u00e0 G\\u1ed1m B\\u00e1t Tr\\u00e0ng [ID: 23]\", \"variation\": null, \"transaction_type\": \"T\\u1ea1m gi\\u1eef (\\u0110\\u1eb7t h\\u00e0ng) (RESERVE)\", \"quantity\": 1, \"is_physical\": true, \"reference_id\": \"CART_9 | Gi\\u1eef h\\u00e0ng khi th\\u00eam v\\u00e0o gi\\u1ecf\", \"timestamp\": \"2026-03-25 00:26:11.656503+00:00\", \"user\": \"phamquochuy [ID: 3]\"}",
      "status": "SUCCESS",
      "reason": "InventoryTransaction was created",
      "previous_hash": "fefaf3f2e524295662fba5a2ab3dbfc450b4e8e05636f0d2056fbc2272e61598",
      "current_hash": "9ae5a67928d02532964e956c4470ddf41b5d434667e8f4d28479483cbabbfbbf"
    }
  },
  {
    "model": "MyApp.auditlog",
    "pk": "4d478bef-d96e-4b07-8c4d-3ecd3576f86b",
    "fields": {
      "timestamp": "2026-03-20T16:37:19.117Z",
      "event_type": "DATA_UPDATE",
      "severity_level": "WARNING",
      "actor_id": 3,
      "actor_role": "admin",
      "ip_address": "127.0.0.1",
      "user_agent": "Mozilla/5.0 (Windows NT 10.0; Win64; x64) AppleWebKit/537.36 (KHTML, like Gecko) Chrome/146.0.0.0 Safari/537.36",
      "resource_type": "StoryboardItem",
      "resource_id": "6",
      "before_state": "{\"id\": 6, \"title\": \"Th\\u01b0\\u1edfng Tr\\u00e0 Chi\\u1ec1u\", \"slug\": \"thuong-tra-chieu\", \"image\": \"storyboard/t\\u1ea3i_xu\\u1ed1ng_32.jpg\", \"excerpt\": \"Kho\\u1ea3nh kh\\u1eafc t\\u0129nh l\\u1eb7ng b\\u00ean ch\\u00e9n tr\\u00e0\", \"content\": \"<p style=\\\"text-align: center;\\\"><strong><span style=\\\"font-size: 24pt;\\\">NGUY&Ecirc;N T\\u1eaeC TH\\u01af\\u1edeNG TR&Agrave; D&Agrave;NH CHO NG\\u01af\\u1edcI M\\u1edaI</span></strong></p>\\r\\n<p>Tr&agrave; kh&ocirc;ng ch\\u1ec9 l&agrave; m\\u1ed9t th\\u1ee9c u\\u1ed1ng \\u0111\\u01a1n thu\\u1ea7n, m&agrave; c&ograve;n l&agrave; m\\u1ed9t h&agrave;nh tr&igrave;nh kh&aacute;m ph&aacute; t&acirc;m h\\u1ed3n. \\u0110\\u1ec3 pha \\u0111\\u01b0\\u1ee3c m\\u1ed9t \\u1ea5m tr&agrave; ngon, b\\u1ea1n c\\u1ea7n ch&uacute; &yacute; \\u0111\\u1ebfn ba y\\u1ebfu t\\u1ed1 c\\u1ed1t l&otilde;i: Nh\\u1ea5t Th\\u1ee7y, Nh&igrave; Tr&agrave;, Tam Pha, T\\u1ee9 \\u1ea4m.</p>\\r\\n<ol>\\r\\n<li>\\r\\n<p>C&aacute;c b\\u01b0\\u1edbc chu\\u1ea9n b\\u1ecb c\\u01a1 b\\u1ea3n:</p>\\r\\n<ol>\\r\\n<li>Tr&aacute;ng \\u1ea5m v&agrave; ch&eacute;n b\\u1eb1ng n\\u01b0\\u1edbc s&ocirc;i \\u0111\\u1ec3 l&agrave;m n&oacute;ng d\\u1ee5ng c\\u1ee5.</li>\\r\\n<li>Cho l\\u01b0\\u1ee3ng tr&agrave; v\\u1eeba \\u0111\\u1ee7 v&agrave;o \\u1ea5m (th\\u01b0\\u1eddng l&agrave; 1/3 \\u1ea5m).</li>\\r\\n<li>\\u0110&aacute;nh th\\u1ee9c tr&agrave; b\\u1eb1ng m\\u1ed9t ch&uacute;t n\\u01b0\\u1edbc n&oacute;ng v&agrave; \\u0111\\u1ed5 \\u0111i ngay.</li>\\r\\n<li>Pha tr&agrave; v\\u1edbi nhi\\u1ec7t \\u0111\\u1ed9 n\\u01b0\\u1edbc ph&ugrave; h\\u1ee3p (th\\u01b0\\u1eddng t\\u1eeb 80-90 \\u0111\\u1ed9 C).</li>\\r\\n</ol>\\r\\n<p>L\\u01b0u &yacute; quan tr\\u1ecdng: \\u0110\\u1eebng ng&acirc;m tr&agrave; qu&aacute; l&acirc;u v&igrave; s\\u1ebd khi\\u1ebfn n\\u01b0\\u1edbc tr&agrave; b\\u1ecb \\u0111\\u1eafng v&agrave; ch&aacute;t. H&atilde;y r&oacute;t h\\u1ebft n\\u01b0\\u1edbc tr&agrave; ra ch&eacute;n t\\u1ed1ng sau m\\u1ed7i l\\u1ea7n pha \\u0111\\u1ec3 gi\\u1eef \\u0111\\u01b0\\u1ee3c h\\u01b0\\u01a1ng v\\u1ecb tinh t\\u1ebf nh\\u1ea5t.</p>\\r\\n<p>Ch&uacute;c b\\u1ea1n c&oacute; nh\\u1eefng gi&acirc;y ph&uacute;t th\\u01b0 gi&atilde;n tuy\\u1ec7t v\\u1eddi b&ecirc;n t&aacute;ch tr&agrave; c\\u1ee7a m&igrave;nh!</p>\\r\\n</li>\\r\\n</ol>\", \"created_at\": \"2026-01-28 07:35:36.795676+00:00\"}",
      "after_state": "{\"id\": 6, \"title\": \"Th\\u01b0\\u1edfng Tr\\u00e0 Chi\\u1ec1u\", \"slug\": \"thuong-tra-chieu\", \"image\": \"storyboard/t\\u1ea3i_xu\\u1ed1ng_32.jpg\", \"excerpt\": \"Kho\\u1ea3nh kh\\u1eafc t\\u0129nh l\\u1eb7ng b\\u00ean ch\\u00e9n tr\\u00e0\", \"content\": \"<p style=\\\"text-align: center;\\\"><strong><span style=\\\"font-size: 24pt;\\\">NGUY&Ecirc;N T\\u1eaeC TH\\u01af\\u1edeNG TR&Agrave; D&Agrave;NH CHO NG\\u01af\\u1edcI M\\u1edaI</span></strong></p>\\r\\n<p>Tr&agrave; kh&ocirc;ng ch\\u1ec9 l&agrave; m\\u1ed9t th\\u1ee9c u\\u1ed1ng \\u0111\\u01a1n thu\\u1ea7n, m&agrave; c&ograve;n l&agrave; m\\u1ed9t h&agrave;nh tr&igrave;nh kh&aacute;m ph&aacute; t&acirc;m h\\u1ed3n. \\u0110\\u1ec3 pha \\u0111\\u01b0\\u1ee3c m\\u1ed9t \\u1ea5m tr&agrave; ngon, b\\u1ea1n c\\u1ea7n ch&uacute; &yacute; \\u0111\\u1ebfn ba y\\u1ebfu t\\u1ed1 c\\u1ed1t l&otilde;i: Nh\\u1ea5t Th\\u1ee7y, Nh&igrave; Tr&agrave;, Tam Pha, T\\u1ee9 \\u1ea4m.</p>\\r\\n<p>C&aacute;c b\\u01b0\\u1edbc chu\\u1ea9n b\\u1ecb c\\u01a1 b\\u1ea3n:</p>\\r\\n<ol>\\r\\n<li>Tr&aacute;ng \\u1ea5m v&agrave; ch&eacute;n b\\u1eb1ng n\\u01b0\\u1edbc s&ocirc;i \\u0111\\u1ec3 l&agrave;m n&oacute;ng d\\u1ee5ng c\\u1ee5.</li>\\r\\n<li>Cho l\\u01b0\\u1ee3ng tr&agrave; v\\u1eeba \\u0111\\u1ee7 v&agrave;o \\u1ea5m (th\\u01b0\\u1eddng l&agrave; 1/3 \\u1ea5m).</li>\\r\\n<li>\\u0110&aacute;nh th\\u1ee9c tr&agrave; b\\u1eb1ng m\\u1ed9t ch&uacute;t n\\u01b0\\u1edbc n&oacute;ng v&agrave; \\u0111\\u1ed5 \\u0111i ngay.</li>\\r\\n<li>Pha tr&agrave; v\\u1edbi nhi\\u1ec7t \\u0111\\u1ed9 n\\u01b0\\u1edbc ph&ugrave; h\\u1ee3p (th\\u01b0\\u1eddng t\\u1eeb 80-90 \\u0111\\u1ed9 C).</li>\\r\\n</ol>\\r\\n<p><span style=\\\"text-decoration: underline;\\\"><strong><em>L\\u01b0u &yacute; quan tr\\u1ecdng:</em></strong></span> \\u0110\\u1eebng ng&acirc;m tr&agrave; qu&aacute; l&acirc;u v&igrave; s\\u1ebd khi\\u1ebfn n\\u01b0\\u1edbc tr&agrave; b\\u1ecb \\u0111\\u1eafng v&agrave; ch&aacute;t. H&atilde;y r&oacute;t h\\u1ebft n\\u01b0\\u1edbc tr&agrave; ra ch&eacute;n t\\u1ed1ng sau m\\u1ed7i l\\u1ea7n pha \\u0111\\u1ec3 gi\\u1eef \\u0111\\u01b0\\u1ee3c h\\u01b0\\u01a1ng v\\u1ecb tinh t\\u1ebf nh\\u1ea5t.</p>\\r\\n<p><em>Ch&uacute;c b\\u1ea1n c&oacute; nh\\u1eefng gi&acirc;y ph&uacute;t th\\u01b0 gi&atilde;n tuy\\u1ec7t v\\u1eddi b&ecirc;n t&aacute;ch tr&agrave; c\\u1ee7a m&igrave;nh!</em></p>\", \"created_at\": \"2026-01-28 07:35:36.795676+00:00\"}",
      "status": "SUCCESS",
      "reason": "StoryboardItem was updated",
      "previous_hash": "621e595e3b5b22b05f5238107066248ae1f150c8f5256b758a6ef27f5f8c99fb",
      "current_hash": "445a06bbedf3ed917c49ae74e260b1cc68b60d05dfd5e89ea043b05f249cf40f"
    }
  },
  {
    "model": "MyApp.auditlog",
    "pk": "4efc6a36-9ad6-4187-953d-192b2e435794",
    "fields": {
      "timestamp": "2026-03-25T00:21:18.418Z",
      "event_type": "DATA_UPDATE",
      "severity_level": "WARNING",
      "actor_id": null,
      "actor_role": "customer",
      "ip_address": "127.0.0.1",
      "user_agent": "Mozilla/5.0 (Windows NT 10.0; Win64; x64) AppleWebKit/537.36 (KHTML, like Gecko) Chrome/146.0.0.0 Safari/537.36",
      "resource_type": "Product",
      "resource_id": "24",
      "before_state": "{\"id\": 24, \"category\": \"Ph\\u1ee5 Ki\\u1ec7n Pha Tr\\u00e0 [ID: 5]\", \"title\": \"Chasen - Ch\\u1ed5i Tre \\u0110\\u00e1nh Matcha\", \"slug\": \"chasen-choi-tre-danh-matcha\", \"excerpt\": \"Ch\\u1ed5i tre 80 nan truy\\u1ec1n th\\u1ed1ng cho matcha m\\u1ecbn ho\\u00e0n h\\u1ea3o.\", \"image\": \"products/Presenting_the_Osulloc_Tea_House_at_Our_Seoul_Arts_Complex___Pace_Gallery.jpg\", \"description\": \"<p style=\\\"text-align: center;\\\"><span style=\\\"font-family: 'courier new', courier, monospace; font-size: 24pt;\\\"><strong>Chasen </strong></span></p>\\r\\n<p><span style=\\\"font-family: 'courier new', courier, monospace; font-size: 24pt;\\\">Ch\\u1ed5i tre \\u0111&aacute;nh matcha 80 nan, l&agrave;m th\\u1ee7 c&ocirc;ng t\\u1eeb tre gi&agrave; t\\u1ef1 nhi&ecirc;n. D\\u1ee5ng c\\u1ee5 kh&ocirc;ng th\\u1ec3 thi\\u1ebfu trong tr&agrave; \\u0111\\u1ea1o Nh\\u1eadt B\\u1ea3n, gi&uacute;p \\u0111&aacute;nh matcha t\\u1ea1o b\\u1ecdt m\\u1ecbn \\u0111\\u1ec1u. K&egrave;m \\u0111\\u1ebf gi\\u1eef chasen \\u0111\\u1ec3 b\\u1ea3o qu\\u1ea3n \\u0111&uacute;ng c&aacute;ch.</span></p>\", \"ingredients\": \"<p>Tre gi&agrave; t\\u1ef1 nhi&ecirc;n, ch\\u1ebf t&aacute;c th\\u1ee7 c&ocirc;ng truy\\u1ec1n th\\u1ed1ng Nh\\u1eadt B\\u1ea3n.</p>\", \"brewing_guide\": \"<p>Ng&acirc;m chasen trong n\\u01b0\\u1edbc \\u1ea5m 1 ph&uacute;t tr\\u01b0\\u1edbc khi d&ugrave;ng. \\u0110&aacute;nh matcha theo h&igrave;nh ch\\u1eef W. Sau khi d&ugrave;ng, r\\u1eeda s\\u1ea1ch b\\u1eb1ng n\\u01b0\\u1edbc \\u1ea5m, \\u0111\\u1eb7t l&ecirc;n \\u0111\\u1ebf gi\\u1eef chasen.</p>\", \"price\": \"195000\", \"physical_stock\": 55, \"reserved_stock\": 1, \"views_count\": 16, \"created_at\": \"2026-03-11 15:29:35.486331+00:00\"}",
      "after_state": "{\"id\": 24, \"category\": \"Ph\\u1ee5 Ki\\u1ec7n Pha Tr\\u00e0 [ID: 5]\", \"title\": \"Chasen - Ch\\u1ed5i Tre \\u0110\\u00e1nh Matcha\", \"slug\": \"chasen-choi-tre-danh-matcha\", \"excerpt\": \"Ch\\u1ed5i tre 80 nan truy\\u1ec1n th\\u1ed1ng cho matcha m\\u1ecbn ho\\u00e0n h\\u1ea3o.\", \"image\": \"products/Presenting_the_Osulloc_Tea_House_at_Our_Seoul_Arts_Complex___Pace_Gallery.jpg\", \"description\": \"<p style=\\\"text-align: center;\\\"><span style=\\\"font-family: 'courier new', courier, monospace; font-size: 24pt;\\\"><strong>Chasen </strong></span></p>\\r\\n<p><span style=\\\"font-family: 'courier new', courier, monospace; font-size: 24pt;\\\">Ch\\u1ed5i tre \\u0111&aacute;nh matcha 80 nan, l&agrave;m th\\u1ee7 c&ocirc;ng t\\u1eeb tre gi&agrave; t\\u1ef1 nhi&ecirc;n. D\\u1ee5ng c\\u1ee5 kh&ocirc;ng th\\u1ec3 thi\\u1ebfu trong tr&agrave; \\u0111\\u1ea1o Nh\\u1eadt B\\u1ea3n, gi&uacute;p \\u0111&aacute;nh matcha t\\u1ea1o b\\u1ecdt m\\u1ecbn \\u0111\\u1ec1u. K&egrave;m \\u0111\\u1ebf gi\\u1eef chasen \\u0111\\u1ec3 b\\u1ea3o qu\\u1ea3n \\u0111&uacute;ng c&aacute;ch.</span></p>\", \"ingredients\": \"<p>Tre gi&agrave; t\\u1ef1 nhi&ecirc;n, ch\\u1ebf t&aacute;c th\\u1ee7 c&ocirc;ng truy\\u1ec1n th\\u1ed1ng Nh\\u1eadt B\\u1ea3n.</p>\", \"brewing_guide\": \"<p>Ng&acirc;m chasen trong n\\u01b0\\u1edbc \\u1ea5m 1 ph&uacute;t tr\\u01b0\\u1edbc khi d&ugrave;ng. \\u0110&aacute;nh matcha theo h&igrave;nh ch\\u1eef W. Sau khi d&ugrave;ng, r\\u1eeda s\\u1ea1ch b\\u1eb1ng n\\u01b0\\u1edbc \\u1ea5m, \\u0111\\u1eb7t l&ecirc;n \\u0111\\u1ebf gi\\u1eef chasen.</p>\", \"price\": \"195000\", \"physical_stock\": 55, \"reserved_stock\": 1, \"views_count\": \"F(views_count) + Value(1)\", \"created_at\": \"2026-03-11 15:29:35.486331+00:00\"}",
      "status": "SUCCESS",
      "reason": "Product was updated",
      "previous_hash": "5f44147454d07023a60a9c90456a6f042533e25b662602a0db6ab64508eefb14",
      "current_hash": "475cc7642496b766651157cdc0dcec9298f36cc3dd6aa0947a667b06c49f81c4"
    }
  },
  {
    "model": "MyApp.auditlog",
    "pk": "52a78920-0c93-4d10-85c2-a90f064d061b",
    "fields": {
      "timestamp": "2026-03-25T00:27:44.747Z",
      "event_type": "DATA_CREATE",
      "severity_level": "INFO",
      "actor_id": 3,
      "actor_role": "admin",
      "ip_address": "127.0.0.1",
      "user_agent": "Mozilla/5.0 (Windows NT 10.0; Win64; x64) AppleWebKit/537.36 (KHTML, like Gecko) Chrome/146.0.0.0 Safari/537.36",
      "resource_type": "InventoryTransaction",
      "resource_id": "36",
      "before_state": "",
      "after_state": "{\"id\": 36, \"product\": \"B\\u1ed9 Ch\\u00e9n Tr\\u00e0 G\\u1ed1m B\\u00e1t Tr\\u00e0ng [ID: 23]\", \"variation\": null, \"transaction_type\": \"Gi\\u1ea3i ph\\u00f3ng (H\\u1ee7y \\u0111\\u01a1n) (RELEASE)\", \"quantity\": -1, \"is_physical\": false, \"reference_id\": \"ORD-20260325-E2ED4F | Gi\\u1ea3i ph\\u00f3ng t\\u1ea1m gi\\u1eef cho \\u0111\\u01a1n h\\u00e0ng ORD-20260325-E2ED4F\", \"timestamp\": \"2026-03-25 00:27:44.746227+00:00\", \"user\": \"phamquochuy [ID: 3]\"}",
      "status": "SUCCESS",
      "reason": "InventoryTransaction was created",
      "previous_hash": "3a107515c3652db92570b50a22817c51384444826ebcc4211a3b4346b6d4a3d1",
      "current_hash": "d8e332dcb25fd7ce510b5f8cbe920d3d7a6d0afa1713e53d1ad2fb31dd955b45"
    }
  },
  {
    "model": "MyApp.auditlog",
    "pk": "544ff2b2-51ba-48ba-b548-1da6cf23a35d",
    "fields": {
      "timestamp": "2026-03-25T00:04:21.236Z",
      "event_type": "DATA_UPDATE",
      "severity_level": "WARNING",
      "actor_id": 3,
      "actor_role": "admin",
      "ip_address": "127.0.0.1",
      "user_agent": "Mozilla/5.0 (Windows NT 10.0; Win64; x64) AppleWebKit/537.36 (KHTML, like Gecko) Chrome/146.0.0.0 Safari/537.36",
      "resource_type": "Product",
      "resource_id": "24",
      "before_state": "{\"id\": 24, \"category\": \"Ph\\u1ee5 Ki\\u1ec7n Pha Tr\\u00e0 [ID: 5]\", \"title\": \"Chasen - Ch\\u1ed5i Tre \\u0110\\u00e1nh Matcha\", \"slug\": \"chasen-choi-tre-danh-matcha\", \"excerpt\": \"Ch\\u1ed5i tre 80 nan truy\\u1ec1n th\\u1ed1ng cho matcha m\\u1ecbn ho\\u00e0n h\\u1ea3o.\", \"image\": \"products/Presenting_the_Osulloc_Tea_House_at_Our_Seoul_Arts_Complex___Pace_Gallery.jpg\", \"description\": \"<p style=\\\"text-align: center;\\\"><span style=\\\"font-family: 'courier new', courier, monospace; font-size: 24pt;\\\"><strong>Chasen </strong></span></p>\\r\\n<p><span style=\\\"font-family: 'courier new', courier, monospace; font-size: 24pt;\\\">Ch\\u1ed5i tre \\u0111&aacute;nh matcha 80 nan, l&agrave;m th\\u1ee7 c&ocirc;ng t\\u1eeb tre gi&agrave; t\\u1ef1 nhi&ecirc;n. D\\u1ee5ng c\\u1ee5 kh&ocirc;ng th\\u1ec3 thi\\u1ebfu trong tr&agrave; \\u0111\\u1ea1o Nh\\u1eadt B\\u1ea3n, gi&uacute;p \\u0111&aacute;nh matcha t\\u1ea1o b\\u1ecdt m\\u1ecbn \\u0111\\u1ec1u. K&egrave;m \\u0111\\u1ebf gi\\u1eef chasen \\u0111\\u1ec3 b\\u1ea3o qu\\u1ea3n \\u0111&uacute;ng c&aacute;ch.</span></p>\", \"ingredients\": \"<p>Tre gi&agrave; t\\u1ef1 nhi&ecirc;n, ch\\u1ebf t&aacute;c th\\u1ee7 c&ocirc;ng truy\\u1ec1n th\\u1ed1ng Nh\\u1eadt B\\u1ea3n.</p>\", \"brewing_guide\": \"<p>Ng&acirc;m chasen trong n\\u01b0\\u1edbc \\u1ea5m 1 ph&uacute;t tr\\u01b0\\u1edbc khi d&ugrave;ng. \\u0110&aacute;nh matcha theo h&igrave;nh ch\\u1eef W. Sau khi d&ugrave;ng, r\\u1eeda s\\u1ea1ch b\\u1eb1ng n\\u01b0\\u1edbc \\u1ea5m, \\u0111\\u1eb7t l&ecirc;n \\u0111\\u1ebf gi\\u1eef chasen.</p>\", \"price\": \"195000\", \"physical_stock\": 55, \"reserved_stock\": 1, \"views_count\": 12, \"created_at\": \"2026-03-11 15:29:35.486331+00:00\"}",
      "after_state": "{\"id\": 24, \"category\": \"Ph\\u1ee5 Ki\\u1ec7n Pha Tr\\u00e0 [ID: 5]\", \"title\": \"Chasen - Ch\\u1ed5i Tre \\u0110\\u00e1nh Matcha\", \"slug\": \"chasen-choi-tre-danh-matcha\", \"excerpt\": \"Ch\\u1ed5i tre 80 nan truy\\u1ec1n th\\u1ed1ng cho matcha m\\u1ecbn ho\\u00e0n h\\u1ea3o.\", \"image\": \"products/Presenting_the_Osulloc_Tea_House_at_Our_Seoul_Arts_Complex___Pace_Gallery.jpg\", \"description\": \"<p style=\\\"text-align: center;\\\"><span style=\\\"font-family: 'courier new', courier, monospace; font-size: 24pt;\\\"><strong>Chasen </strong></span></p>\\r\\n<p><span style=\\\"font-family: 'courier new', courier, monospace; font-size: 24pt;\\\">Ch\\u1ed5i tre \\u0111&aacute;nh matcha 80 nan, l&agrave;m th\\u1ee7 c&ocirc;ng t\\u1eeb tre gi&agrave; t\\u1ef1 nhi&ecirc;n. D\\u1ee5ng c\\u1ee5 kh&ocirc;ng th\\u1ec3 thi\\u1ebfu trong tr&agrave; \\u0111\\u1ea1o Nh\\u1eadt B\\u1ea3n, gi&uacute;p \\u0111&aacute;nh matcha t\\u1ea1o b\\u1ecdt m\\u1ecbn \\u0111\\u1ec1u. K&egrave;m \\u0111\\u1ebf gi\\u1eef chasen \\u0111\\u1ec3 b\\u1ea3o qu\\u1ea3n \\u0111&uacute;ng c&aacute;ch.</span></p>\", \"ingredients\": \"<p>Tre gi&agrave; t\\u1ef1 nhi&ecirc;n, ch\\u1ebf t&aacute;c th\\u1ee7 c&ocirc;ng truy\\u1ec1n th\\u1ed1ng Nh\\u1eadt B\\u1ea3n.</p>\", \"brewing_guide\": \"<p>Ng&acirc;m chasen trong n\\u01b0\\u1edbc \\u1ea5m 1 ph&uacute;t tr\\u01b0\\u1edbc khi d&ugrave;ng. \\u0110&aacute;nh matcha theo h&igrave;nh ch\\u1eef W. Sau khi d&ugrave;ng, r\\u1eeda s\\u1ea1ch b\\u1eb1ng n\\u01b0\\u1edbc \\u1ea5m, \\u0111\\u1eb7t l&ecirc;n \\u0111\\u1ebf gi\\u1eef chasen.</p>\", \"price\": \"195000\", \"physical_stock\": 55, \"reserved_stock\": 1, \"views_count\": \"F(views_count) + Value(1)\", \"created_at\": \"2026-03-11 15:29:35.486331+00:00\"}",
      "status": "SUCCESS",
      "reason": "Product was updated",
      "previous_hash": "03bcc4ccb340d4b378e5050d9449ae6a8132a95b9a48b2fb1340e540acebab0d",
      "current_hash": "d8833bba28beb32819d0b368f8378b2e42bccca926a130020b1a99153141f20a"
    }
  },
  {
    "model": "MyApp.auditlog",
    "pk": "56e26cd5-e0dd-4fa9-9e37-387e579d8d19",
    "fields": {
      "timestamp": "2026-03-25T00:27:37.861Z",
      "event_type": "DATA_UPDATE",
      "severity_level": "WARNING",
      "actor_id": 3,
      "actor_role": "admin",
      "ip_address": "127.0.0.1",
      "user_agent": "Mozilla/5.0 (Windows NT 10.0; Win64; x64) AppleWebKit/537.36 (KHTML, like Gecko) Chrome/146.0.0.0 Safari/537.36",
      "resource_type": "Payment",
      "resource_id": "51",
      "before_state": "{\"id\": 51, \"order\": \"Order ORD-20260325-E2ED4F [ID: 52]\", \"payment_method\": \"QR Code - Ng\\u00e2n h\\u00e0ng (qr_bank)\", \"payment_status\": \"Ch\\u1edd x\\u00e1c nh\\u1eadn (pending_verification)\", \"amount\": \"280000\", \"transaction_id\": \"\", \"reference_code\": \"167X2ITCQE\", \"payment_date\": null, \"notes\": \"\", \"stock_deducted\": false, \"created_at\": \"2026-03-25 00:26:25.526833+00:00\", \"updated_at\": \"2026-03-25 00:27:06.975583+00:00\"}",
      "after_state": "{\"id\": 51, \"order\": \"Order ORD-20260325-E2ED4F [ID: 52]\", \"payment_method\": \"QR Code - Ng\\u00e2n h\\u00e0ng (qr_bank)\", \"payment_status\": \"Ho\\u00e0n th\\u00e0nh (completed)\", \"amount\": \"280000\", \"transaction_id\": \"\", \"reference_code\": \"167X2ITCQE\", \"payment_date\": \"2026-03-25 00:27:37.855687+00:00\", \"notes\": \"\", \"stock_deducted\": false, \"created_at\": \"2026-03-25 00:26:25.526833+00:00\", \"updated_at\": \"2026-03-25 00:27:37.856647+00:00\"}",
      "status": "SUCCESS",
      "reason": "Payment was updated",
      "previous_hash": "365e76b9fd9c0b3aa8d3ef360510ecfa6675a7d84f2177e45d6fb35d805974e2",
      "current_hash": "95e6a3ed4862a7e26d0578b05fc524a2e3c3c4db5b26df6875b4d2d0e2c68013"
    }
  },
  {
    "model": "MyApp.auditlog",
    "pk": "58e49fef-7fba-4218-91cf-77037c87d0a6",
    "fields": {
      "timestamp": "2026-03-21T01:54:57.410Z",
      "event_type": "DATA_UPDATE",
      "severity_level": "WARNING",
      "actor_id": 3,
      "actor_role": "admin",
      "ip_address": "127.0.0.1",
      "user_agent": "Mozilla/5.0 (Windows NT 10.0; Win64; x64) AppleWebKit/537.36 (KHTML, like Gecko) Chrome/146.0.0.0 Safari/537.36",
      "resource_type": "Product",
      "resource_id": "7",
      "before_state": "{\"id\": 7, \"category\": \"Ph\\u1ee5 Ki\\u1ec7n Pha Tr\\u00e0 [ID: 5]\", \"title\": \"Tr\\u00e0 Matcha Nh\\u1eadt B\\u1ea3n\", \"slug\": \"tra-matcha-nhat-ban\", \"excerpt\": \"B\\u1ed9t tr\\u00e0 xanh nguy\\u00ean ch\\u1ea5t Grade A\", \"image\": \"products/t\\u1ea3i_xu\\u1ed1ng_20.jpg\", \"description\": \"Matcha cao c\\u1ea5p nh\\u1eadp kh\\u1ea9u t\\u1eeb Uji, Nh\\u1eadt B\\u1ea3n.\", \"ingredients\": \"\", \"brewing_guide\": \"\", \"price\": \"450000\", \"physical_stock\": 96, \"reserved_stock\": 0, \"views_count\": 223, \"created_at\": \"2026-01-28 07:35:36.779883+00:00\"}",
      "after_state": "{\"id\": 7, \"category\": \"Ph\\u1ee5 Ki\\u1ec7n Pha Tr\\u00e0 [ID: 5]\", \"title\": \"Tr\\u00e0 Matcha Nh\\u1eadt B\\u1ea3n\", \"slug\": \"tra-matcha-nhat-ban\", \"excerpt\": \"B\\u1ed9t tr\\u00e0 xanh nguy\\u00ean ch\\u1ea5t Grade A\", \"image\": \"products/t\\u1ea3i_xu\\u1ed1ng_20.jpg\", \"description\": \"Matcha cao c\\u1ea5p nh\\u1eadp kh\\u1ea9u t\\u1eeb Uji, Nh\\u1eadt B\\u1ea3n.\", \"ingredients\": \"\", \"brewing_guide\": \"\", \"price\": \"450000\", \"physical_stock\": 96, \"reserved_stock\": 0, \"views_count\": \"F(views_count) + Value(1)\", \"created_at\": \"2026-01-28 07:35:36.779883+00:00\"}",
      "status": "SUCCESS",
      "reason": "Product was updated",
      "previous_hash": "fea71dd5a800005469249d35fb3af4356c2b6d7016c2ba495f80af81f9c42ad6",
      "current_hash": "302d537e5755bcaca4154adc661947b4f98e543b25b56da33a289f201e7dbf3e"
    }
  },
  {
    "model": "MyApp.auditlog",
    "pk": "591fde75-7c47-4c67-a3da-b411de6a4e3f",
    "fields": {
      "timestamp": "2026-03-25T00:26:25.515Z",
      "event_type": "DATA_UPDATE",
      "severity_level": "WARNING",
      "actor_id": 3,
      "actor_role": "admin",
      "ip_address": "127.0.0.1",
      "user_agent": "Mozilla/5.0 (Windows NT 10.0; Win64; x64) AppleWebKit/537.36 (KHTML, like Gecko) Chrome/146.0.0.0 Safari/537.36",
      "resource_type": "Invoice",
      "resource_id": "10",
      "before_state": "{\"id\": 10, \"order\": \"Order ORD-20260325-E2ED4F [ID: 52]\", \"invoice_number\": \"INV-20260325-73A398\", \"pdf_file\": \"\", \"issue_date\": \"2026-03-25\", \"due_date\": null, \"status\": \"\\u0110\\u00e3 ph\\u00e1t h\\u00e0nh (issued)\", \"total_amount\": \"280000\", \"tax_amount\": \"0\", \"customer_name\": \"Ph\\u1ea1m Qu\\u1ed1c Huy\", \"customer_address\": \"1231243123, X\\u00e3 T\\u1ea3 L\\u00e8ng, Huy\\u1ec7n Tam \\u0110\\u01b0\\u1eddng, T\\u1ec9nh Lai Ch\\u00e2u\", \"customer_tax_code\": \"\", \"generated_at\": \"2026-03-25 00:26:25.510246+00:00\", \"sent_at\": null}",
      "after_state": "{\"id\": 10, \"order\": \"Order ORD-20260325-E2ED4F [ID: 52]\", \"invoice_number\": \"INV-20260325-73A398\", \"pdf_file\": \"\", \"issue_date\": \"2026-03-25\", \"due_date\": null, \"status\": \"\\u0110\\u00e3 ph\\u00e1t h\\u00e0nh (issued)\", \"total_amount\": \"280000\", \"tax_amount\": 0, \"customer_name\": \"Ph\\u1ea1m Qu\\u1ed1c Huy\", \"customer_address\": \"1231243123, X\\u00e3 T\\u1ea3 L\\u00e8ng, Huy\\u1ec7n Tam \\u0110\\u01b0\\u1eddng, T\\u1ec9nh Lai Ch\\u00e2u\", \"customer_tax_code\": \"\", \"generated_at\": \"2026-03-25 00:26:25.510246+00:00\", \"sent_at\": null}",
      "status": "SUCCESS",
      "reason": "Invoice was updated",
      "previous_hash": "1f102a4e8926b41d13bbc32655da5c3a2c494ef8b3b0ec95df9927eff3a9e380",
      "current_hash": "0d3a475fe54ff1909dd6c34b2983807a0614478882290bb35298b613c7500d3b"
    }
  },
  {
    "model": "MyApp.auditlog",
    "pk": "5c9e5c29-89d9-4d2f-b946-42ae9d8e96ab",
    "fields": {
      "timestamp": "2026-03-25T00:18:32.772Z",
      "event_type": "DATA_UPDATE",
      "severity_level": "WARNING",
      "actor_id": 3,
      "actor_role": "admin",
      "ip_address": "127.0.0.1",
      "user_agent": "Mozilla/5.0 (Windows NT 10.0; Win64; x64) AppleWebKit/537.36 (KHTML, like Gecko) Chrome/146.0.0.0 Safari/537.36",
      "resource_type": "Product",
      "resource_id": "23",
      "before_state": "{\"id\": 23, \"category\": \"Ph\\u1ee5 Ki\\u1ec7n Pha Tr\\u00e0 [ID: 5]\", \"title\": \"B\\u1ed9 Ch\\u00e9n Tr\\u00e0 G\\u1ed1m B\\u00e1t Tr\\u00e0ng\", \"slug\": \"bo-chen-tra-gom-bat-trang\", \"excerpt\": \"B\\u1ed9 6 ch\\u00e9n tr\\u00e0 g\\u1ed1m B\\u00e1t Tr\\u00e0ng men lam c\\u1ed5 \\u0111i\\u1ec3n.\", \"image\": \"products/_\\ud835\\uddd4\\ud835\\uddfb\\ud835\\uddf0\\ud835\\uddf6\\ud835\\uddf2\\ud835\\uddfb\\ud835\\ude01_\\ud835\\uddd4\\ud835\\ude00\\ud835\\uddf6\\ud835\\uddee\\ud835\\uddfb_\\ud835\\udde7\\ud835\\uddf2\\ud835\\uddee_\\ud835\\udde7\\ud835\\uddff\\ud835\\uddee\\ud835\\uddf1\\ud835\\uddf6\\ud835\\ude01\\ud835\\uddf6\\ud835\\uddfc\\ud835\\uddfb\\ud835\\ude00.jpg\", \"description\": \"B\\u1ed9 6 ch\\u00e9n tr\\u00e0 g\\u1ed1m B\\u00e1t Tr\\u00e0ng v\\u1edbi men lam c\\u1ed5 \\u0111i\\u1ec3n, hoa v\\u0103n truy\\u1ec1n th\\u1ed1ng Vi\\u1ec7t Nam. Dung t\\u00edch m\\u1ed7i ch\\u00e9n 50ml, k\\u00edch th\\u01b0\\u1edbc v\\u1eeba tay. G\\u1ed1m gi\\u1eef nhi\\u1ec7t t\\u1ed1t, an to\\u00e0n th\\u1ef1c ph\\u1ea9m, ph\\u00f9 h\\u1ee3p th\\u01b0\\u1edfng tr\\u00e0 ki\\u1ec3u Vi\\u1ec7t.\", \"ingredients\": \"G\\u1ed1m B\\u00e1t Tr\\u00e0ng men lam, nung \\u1edf nhi\\u1ec7t \\u0111\\u1ed9 cao, an to\\u00e0n th\\u1ef1c ph\\u1ea9m.\", \"brewing_guide\": \"Tr\\u00e1ng ch\\u00e9n b\\u1eb1ng n\\u01b0\\u1edbc n\\u00f3ng tr\\u01b0\\u1edbc khi r\\u00f3t tr\\u00e0. R\\u1eeda s\\u1ea1ch sau khi d\\u00f9ng, tr\\u00e1nh thay \\u0111\\u1ed5i nhi\\u1ec7t \\u0111\\u1ed9 \\u0111\\u1ed9t ng\\u1ed9t.\", \"price\": \"280000\", \"physical_stock\": 39, \"reserved_stock\": 1, \"views_count\": 61, \"created_at\": \"2026-03-11 15:29:35.472752+00:00\"}",
      "after_state": "{\"id\": 23, \"category\": \"Ph\\u1ee5 Ki\\u1ec7n Pha Tr\\u00e0 [ID: 5]\", \"title\": \"B\\u1ed9 Ch\\u00e9n Tr\\u00e0 G\\u1ed1m B\\u00e1t Tr\\u00e0ng\", \"slug\": \"bo-chen-tra-gom-bat-trang\", \"excerpt\": \"B\\u1ed9 6 ch\\u00e9n tr\\u00e0 g\\u1ed1m B\\u00e1t Tr\\u00e0ng men lam c\\u1ed5 \\u0111i\\u1ec3n.\", \"image\": \"products/_\\ud835\\uddd4\\ud835\\uddfb\\ud835\\uddf0\\ud835\\uddf6\\ud835\\uddf2\\ud835\\uddfb\\ud835\\ude01_\\ud835\\uddd4\\ud835\\ude00\\ud835\\uddf6\\ud835\\uddee\\ud835\\uddfb_\\ud835\\udde7\\ud835\\uddf2\\ud835\\uddee_\\ud835\\udde7\\ud835\\uddff\\ud835\\uddee\\ud835\\uddf1\\ud835\\uddf6\\ud835\\ude01\\ud835\\uddf6\\ud835\\uddfc\\ud835\\uddfb\\ud835\\ude00.jpg\", \"description\": \"B\\u1ed9 6 ch\\u00e9n tr\\u00e0 g\\u1ed1m B\\u00e1t Tr\\u00e0ng v\\u1edbi men lam c\\u1ed5 \\u0111i\\u1ec3n, hoa v\\u0103n truy\\u1ec1n th\\u1ed1ng Vi\\u1ec7t Nam. Dung t\\u00edch m\\u1ed7i ch\\u00e9n 50ml, k\\u00edch th\\u01b0\\u1edbc v\\u1eeba tay. G\\u1ed1m gi\\u1eef nhi\\u1ec7t t\\u1ed1t, an to\\u00e0n th\\u1ef1c ph\\u1ea9m, ph\\u00f9 h\\u1ee3p th\\u01b0\\u1edfng tr\\u00e0 ki\\u1ec3u Vi\\u1ec7t.\", \"ingredients\": \"G\\u1ed1m B\\u00e1t Tr\\u00e0ng men lam, nung \\u1edf nhi\\u1ec7t \\u0111\\u1ed9 cao, an to\\u00e0n th\\u1ef1c ph\\u1ea9m.\", \"brewing_guide\": \"Tr\\u00e1ng ch\\u00e9n b\\u1eb1ng n\\u01b0\\u1edbc n\\u00f3ng tr\\u01b0\\u1edbc khi r\\u00f3t tr\\u00e0. R\\u1eeda s\\u1ea1ch sau khi d\\u00f9ng, tr\\u00e1nh thay \\u0111\\u1ed5i nhi\\u1ec7t \\u0111\\u1ed9 \\u0111\\u1ed9t ng\\u1ed9t.\", \"price\": \"280000\", \"physical_stock\": 39, \"reserved_stock\": 1, \"views_count\": \"F(views_count) + Value(1)\", \"created_at\": \"2026-03-11 15:29:35.472752+00:00\"}",
      "status": "SUCCESS",
      "reason": "Product was updated",
      "previous_hash": "4acddee53d731a3bbeb93d6a4a4f9d9c176fe478956dac7e2245e37294bea2eb",
      "current_hash": "5f44147454d07023a60a9c90456a6f042533e25b662602a0db6ab64508eefb14"
    }
  },
  {
    "model": "MyApp.auditlog",
    "pk": "5d08b0ab-2e9b-4df4-9b98-7bd2794dc029",
    "fields": {
      "timestamp": "2026-03-20T16:20:53.270Z",
      "event_type": "DATA_DELETE",
      "severity_level": "CRITICAL",
      "actor_id": 3,
      "actor_role": "admin",
      "ip_address": "127.0.0.1",
      "user_agent": "Mozilla/5.0 (Windows NT 10.0; Win64; x64) AppleWebKit/537.36 (KHTML, like Gecko) Chrome/146.0.0.0 Safari/537.36",
      "resource_type": "Coupon",
      "resource_id": "3",
      "before_state": "{\"id\": 3, \"code\": \"SALE10\", \"discount_type\": \"Ph\\u1ea7n tr\\u0103m (%) (percent)\", \"discount_value\": \"10\", \"min_purchase\": \"10000\", \"active\": true, \"valid_from\": \"2026-03-14 03:44:00+00:00\", \"valid_to\": \"2026-03-15 03:44:00+00:00\", \"usage_limit\": 100, \"used\": 0}",
      "after_state": "",
      "status": "SUCCESS",
      "reason": "Coupon was deleted",
      "previous_hash": "d32d3053d144f1c95bffb1840a343822ea5cb445167ec5347c9c268921eeca2b",
      "current_hash": "303c654806b2898ba81dce6b390fbd2d77d6a868a4a378a098aff38c5b8fa7d4"
    }
  },
  {
    "model": "MyApp.auditlog",
    "pk": "5ece69d2-b4c6-441a-af5d-9b9e7c5f8a0c",
    "fields": {
      "timestamp": "2026-03-20T16:53:35.724Z",
      "event_type": "DATA_UPDATE",
      "severity_level": "WARNING",
      "actor_id": 3,
      "actor_role": "admin",
      "ip_address": "127.0.0.1",
      "user_agent": "Mozilla/5.0 (Windows NT 10.0; Win64; x64) AppleWebKit/537.36 (KHTML, like Gecko) Chrome/146.0.0.0 Safari/537.36",
      "resource_type": "Product",
      "resource_id": "24",
      "before_state": "{\"id\": 24, \"category\": \"Ph\\u1ee5 Ki\\u1ec7n Pha Tr\\u00e0 [ID: 5]\", \"title\": \"Chasen - Ch\\u1ed5i Tre \\u0110\\u00e1nh Matcha\", \"slug\": \"chasen-choi-tre-danh-matcha\", \"excerpt\": \"Ch\\u1ed5i tre 80 nan truy\\u1ec1n th\\u1ed1ng cho matcha m\\u1ecbn ho\\u00e0n h\\u1ea3o.\", \"image\": \"products/Presenting_the_Osulloc_Tea_House_at_Our_Seoul_Arts_Complex___Pace_Gallery.jpg\", \"description\": \"Chasen (ch\\u1ed5i tre \\u0111\\u00e1nh matcha) 80 nan, l\\u00e0m th\\u1ee7 c\\u00f4ng t\\u1eeb tre gi\\u00e0 t\\u1ef1 nhi\\u00ean. D\\u1ee5ng c\\u1ee5 kh\\u00f4ng th\\u1ec3 thi\\u1ebfu trong tr\\u00e0 \\u0111\\u1ea1o Nh\\u1eadt B\\u1ea3n, gi\\u00fap \\u0111\\u00e1nh matcha t\\u1ea1o b\\u1ecdt m\\u1ecbn \\u0111\\u1ec1u. K\\u00e8m \\u0111\\u1ebf gi\\u1eef chasen \\u0111\\u1ec3 b\\u1ea3o qu\\u1ea3n \\u0111\\u00fang c\\u00e1ch.\", \"ingredients\": \"Tre gi\\u00e0 t\\u1ef1 nhi\\u00ean, ch\\u1ebf t\\u00e1c th\\u1ee7 c\\u00f4ng truy\\u1ec1n th\\u1ed1ng Nh\\u1eadt B\\u1ea3n.\", \"brewing_guide\": \"Ng\\u00e2m chasen trong n\\u01b0\\u1edbc \\u1ea5m 1 ph\\u00fat tr\\u01b0\\u1edbc khi d\\u00f9ng. \\u0110\\u00e1nh matcha theo h\\u00ecnh ch\\u1eef W. Sau khi d\\u00f9ng, r\\u1eeda s\\u1ea1ch b\\u1eb1ng n\\u01b0\\u1edbc \\u1ea5m, \\u0111\\u1eb7t l\\u00ean \\u0111\\u1ebf gi\\u1eef chasen.\", \"price\": \"195000\", \"physical_stock\": 55, \"reserved_stock\": 1, \"views_count\": 5, \"created_at\": \"2026-03-11 15:29:35.486331+00:00\"}",
      "after_state": "{\"id\": 24, \"category\": \"Ph\\u1ee5 Ki\\u1ec7n Pha Tr\\u00e0 [ID: 5]\", \"title\": \"Chasen - Ch\\u1ed5i Tre \\u0110\\u00e1nh Matcha\", \"slug\": \"chasen-choi-tre-danh-matcha\", \"excerpt\": \"Ch\\u1ed5i tre 80 nan truy\\u1ec1n th\\u1ed1ng cho matcha m\\u1ecbn ho\\u00e0n h\\u1ea3o.\", \"image\": \"products/Presenting_the_Osulloc_Tea_House_at_Our_Seoul_Arts_Complex___Pace_Gallery.jpg\", \"description\": \"<p style=\\\"text-align: center;\\\"><span style=\\\"font-family: 'courier new', courier, monospace; font-size: 24pt;\\\"><strong>Chasen </strong></span></p>\\r\\n<p><span style=\\\"font-family: 'courier new', courier, monospace; font-size: 24pt;\\\">Ch\\u1ed5i tre \\u0111&aacute;nh matcha 80 nan, l&agrave;m th\\u1ee7 c&ocirc;ng t\\u1eeb tre gi&agrave; t\\u1ef1 nhi&ecirc;n. D\\u1ee5ng c\\u1ee5 kh&ocirc;ng th\\u1ec3 thi\\u1ebfu trong tr&agrave; \\u0111\\u1ea1o Nh\\u1eadt B\\u1ea3n, gi&uacute;p \\u0111&aacute;nh matcha t\\u1ea1o b\\u1ecdt m\\u1ecbn \\u0111\\u1ec1u. K&egrave;m \\u0111\\u1ebf gi\\u1eef chasen \\u0111\\u1ec3 b\\u1ea3o qu\\u1ea3n \\u0111&uacute;ng c&aacute;ch.</span></p>\", \"ingredients\": \"<p>Tre gi&agrave; t\\u1ef1 nhi&ecirc;n, ch\\u1ebf t&aacute;c th\\u1ee7 c&ocirc;ng truy\\u1ec1n th\\u1ed1ng Nh\\u1eadt B\\u1ea3n.</p>\", \"brewing_guide\": \"<p>Ng&acirc;m chasen trong n\\u01b0\\u1edbc \\u1ea5m 1 ph&uacute;t tr\\u01b0\\u1edbc khi d&ugrave;ng. \\u0110&aacute;nh matcha theo h&igrave;nh ch\\u1eef W. Sau khi d&ugrave;ng, r\\u1eeda s\\u1ea1ch b\\u1eb1ng n\\u01b0\\u1edbc \\u1ea5m, \\u0111\\u1eb7t l&ecirc;n \\u0111\\u1ebf gi\\u1eef chasen.</p>\", \"price\": \"195000\", \"physical_stock\": 55, \"reserved_stock\": 1, \"views_count\": 5, \"created_at\": \"2026-03-11 15:29:35.486331+00:00\"}",
      "status": "SUCCESS",
      "reason": "Product was updated",
      "previous_hash": "445a06bbedf3ed917c49ae74e260b1cc68b60d05dfd5e89ea043b05f249cf40f",
      "current_hash": "61d90230b82959dd761d8b4d7b459103bab28c3fc48067994d7a821782fe630e"
    }
  },
  {
    "model": "MyApp.auditlog",
    "pk": "604bbd3f-a3b2-4581-bb8c-2a992106e582",
    "fields": {
      "timestamp": "2026-03-24T23:57:22.617Z",
      "event_type": "AUTH_LOGIN",
      "severity_level": "INFO",
      "actor_id": 3,
      "actor_role": "admin",
      "ip_address": "127.0.0.1",
      "user_agent": "Mozilla/5.0 (Windows NT 10.0; Win64; x64) AppleWebKit/537.36 (KHTML, like Gecko) Chrome/146.0.0.0 Safari/537.36",
      "resource_type": "User",
      "resource_id": "3",
      "before_state": "",
      "after_state": "",
      "status": "SUCCESS",
      "reason": "User logged in successfully",
      "previous_hash": "96fb08ba3f05a109b1d4fd5b1b47137e14b7a677e2111392174dc6bca55d134b",
      "current_hash": "03bcc4ccb340d4b378e5050d9449ae6a8132a95b9a48b2fb1340e540acebab0d"
    }
  },
  {
    "model": "MyApp.auditlog",
    "pk": "615e66be-4a54-43f1-8ddf-a10ac1c9f9e8",
    "fields": {
      "timestamp": "2026-03-24T18:15:47.594Z",
      "event_type": "DATA_CREATE",
      "severity_level": "INFO",
      "actor_id": 3,
      "actor_role": "admin",
      "ip_address": "127.0.0.1",
      "user_agent": "Mozilla/5.0 (Windows NT 10.0; Win64; x64) AppleWebKit/537.36 (KHTML, like Gecko) Chrome/146.0.0.0 Safari/537.36",
      "resource_type": "InventoryTransaction",
      "resource_id": "30",
      "before_state": "",
      "after_state": "{\"id\": 30, \"product\": \"B\\u1ed9 Ch\\u00e9n Tr\\u00e0 G\\u1ed1m B\\u00e1t Tr\\u00e0ng [ID: 23]\", \"variation\": null, \"transaction_type\": \"T\\u1ea1m gi\\u1eef (\\u0110\\u1eb7t h\\u00e0ng) (RESERVE)\", \"quantity\": 1, \"is_physical\": false, \"reference_id\": \"ORD-20260324-51695E | T\\u1ea1m gi\\u1eef khi x\\u00e1c nh\\u1eadn \\u0111\\u01a1n h\\u00e0ng.\", \"timestamp\": \"2026-03-24 18:15:47.593007+00:00\", \"user\": \"phamquochuy [ID: 3]\"}",
      "status": "SUCCESS",
      "reason": "InventoryTransaction was created",
      "previous_hash": "af911e3e43848e357845bfa4ffaa42b268a9a2f68d4483541856fb389ba42b92",
      "current_hash": "680d8b10bb65302bbe29569cc156cfffc4099ce9dcb5c379c8f55d1c508ead06"
    }
  },
  {
    "model": "MyApp.auditlog",
    "pk": "64629882-90a5-43c1-8e8f-df53028f73bf",
    "fields": {
      "timestamp": "2026-03-24T18:14:50.784Z",
      "event_type": "AUTH_LOGOUT",
      "severity_level": "INFO",
      "actor_id": 10,
      "actor_role": "customer",
      "ip_address": "127.0.0.1",
      "user_agent": "Mozilla/5.0 (Windows NT 10.0; Win64; x64) AppleWebKit/537.36 (KHTML, like Gecko) Chrome/146.0.0.0 Safari/537.36",
      "resource_type": "User",
      "resource_id": "10",
      "before_state": "",
      "after_state": "",
      "status": "SUCCESS",
      "reason": "User logged out",
      "previous_hash": "419be602a67f61d43cbfeba60cf98f31e5174a0029e09247ddf479d51bfd29cc",
      "current_hash": "a07c3615472794ff977c0f747f314e604192b56aedf739de68b1b3d63e5d229b"
    }
  },
  {
    "model": "MyApp.auditlog",
    "pk": "65758ae4-bec7-4467-8782-596aa6418970",
    "fields": {
      "timestamp": "2026-03-21T03:49:44.658Z",
      "event_type": "DATA_UPDATE",
      "severity_level": "WARNING",
      "actor_id": 3,
      "actor_role": "admin",
      "ip_address": "127.0.0.1",
      "user_agent": "Mozilla/5.0 (Windows NT 10.0; Win64; x64) AppleWebKit/537.36 (KHTML, like Gecko) Chrome/146.0.0.0 Safari/537.36",
      "resource_type": "Product",
      "resource_id": "22",
      "before_state": "{\"id\": 22, \"category\": \"Ph\\u1ee5 Ki\\u1ec7n Pha Tr\\u00e0 [ID: 5]\", \"title\": \"\\u1ea4m T\\u1eed Sa Nghi H\\u01b0ng\", \"slug\": \"am-tu-sa-nghi-hung\", \"excerpt\": \"\\u1ea4m t\\u1eed sa ch\\u00ednh hi\\u1ec7u Nghi H\\u01b0ng, dung t\\u00edch 200ml.\", \"image\": \"products/t\\u1ea3i_xu\\u1ed1ng_44.jpg\", \"description\": \"\\u1ea4m t\\u1eed sa l\\u00e0m t\\u1eeb \\u0111\\u1ea5t s\\u00e9t Nghi H\\u01b0ng (Yixing) ch\\u00ednh hi\\u1ec7u, dung t\\u00edch 200ml. \\u0110\\u1ea5t t\\u1eed sa c\\u00f3 c\\u1ea5u tr\\u00fac vi l\\u1ed7 gi\\u00fap \\\"h\\u00edt th\\u1edf\\\", gi\\u1eef nhi\\u1ec7t t\\u1ed1t v\\u00e0 t\\u0103ng h\\u01b0\\u01a1ng v\\u1ecb tr\\u00e0 theo th\\u1eddi gian s\\u1eed d\\u1ee5ng. M\\u1ed7i \\u1ea5m ch\\u1ec9 n\\u00ean d\\u00f9ng cho m\\u1ed9t lo\\u1ea1i tr\\u00e0.\", \"ingredients\": \"\\u0110\\u1ea5t s\\u00e9t t\\u1eed sa Nghi H\\u01b0ng t\\u1ef1 nhi\\u00ean, nung th\\u1ee7 c\\u00f4ng \\u1edf 1100-1200\\u00b0C.\", \"brewing_guide\": \"Tr\\u01b0\\u1edbc khi d\\u00f9ng l\\u1ea7n \\u0111\\u1ea7u: r\\u1eeda s\\u1ea1ch, \\u0111un s\\u00f4i \\u1ea5m trong n\\u01b0\\u1edbc tr\\u00e0 lo\\u00e3ng 30 ph\\u00fat. Sau m\\u1ed7i l\\u1ea7n d\\u00f9ng, r\\u1eeda b\\u1eb1ng n\\u01b0\\u1edbc n\\u00f3ng, kh\\u00f4ng d\\u00f9ng x\\u00e0 ph\\u00f2ng.\", \"price\": \"850000\", \"physical_stock\": 50, \"reserved_stock\": 0, \"views_count\": 11, \"created_at\": \"2026-03-11 15:29:35.454484+00:00\"}",
      "after_state": "{\"id\": 22, \"category\": \"Ph\\u1ee5 Ki\\u1ec7n Pha Tr\\u00e0 [ID: 5]\", \"title\": \"\\u1ea4m T\\u1eed Sa Nghi H\\u01b0ng\", \"slug\": \"am-tu-sa-nghi-hung\", \"excerpt\": \"\\u1ea4m t\\u1eed sa ch\\u00ednh hi\\u1ec7u Nghi H\\u01b0ng, dung t\\u00edch 200ml.\", \"image\": \"products/t\\u1ea3i_xu\\u1ed1ng_44.jpg\", \"description\": \"\\u1ea4m t\\u1eed sa l\\u00e0m t\\u1eeb \\u0111\\u1ea5t s\\u00e9t Nghi H\\u01b0ng (Yixing) ch\\u00ednh hi\\u1ec7u, dung t\\u00edch 200ml. \\u0110\\u1ea5t t\\u1eed sa c\\u00f3 c\\u1ea5u tr\\u00fac vi l\\u1ed7 gi\\u00fap \\\"h\\u00edt th\\u1edf\\\", gi\\u1eef nhi\\u1ec7t t\\u1ed1t v\\u00e0 t\\u0103ng h\\u01b0\\u01a1ng v\\u1ecb tr\\u00e0 theo th\\u1eddi gian s\\u1eed d\\u1ee5ng. M\\u1ed7i \\u1ea5m ch\\u1ec9 n\\u00ean d\\u00f9ng cho m\\u1ed9t lo\\u1ea1i tr\\u00e0.\", \"ingredients\": \"\\u0110\\u1ea5t s\\u00e9t t\\u1eed sa Nghi H\\u01b0ng t\\u1ef1 nhi\\u00ean, nung th\\u1ee7 c\\u00f4ng \\u1edf 1100-1200\\u00b0C.\", \"brewing_guide\": \"Tr\\u01b0\\u1edbc khi d\\u00f9ng l\\u1ea7n \\u0111\\u1ea7u: r\\u1eeda s\\u1ea1ch, \\u0111un s\\u00f4i \\u1ea5m trong n\\u01b0\\u1edbc tr\\u00e0 lo\\u00e3ng 30 ph\\u00fat. Sau m\\u1ed7i l\\u1ea7n d\\u00f9ng, r\\u1eeda b\\u1eb1ng n\\u01b0\\u1edbc n\\u00f3ng, kh\\u00f4ng d\\u00f9ng x\\u00e0 ph\\u00f2ng.\", \"price\": \"850000\", \"physical_stock\": 50, \"reserved_stock\": 0, \"views_count\": \"F(views_count) + Value(1)\", \"created_at\": \"2026-03-11 15:29:35.454484+00:00\"}",
      "status": "SUCCESS",
      "reason": "Product was updated",
      "previous_hash": "a4821d104e7fcaabd1bf202b4712498bc8501529941f780afd1b61425783983f",
      "current_hash": "98d2efc0fd49e3ebe2d2b0dc92273ed688047ef5f17a58cc086189b9949f9280"
    }
  },
  {
    "model": "MyApp.auditlog",
    "pk": "6c39d6d9-9b66-4b68-8b0b-95b5d50011d7",
    "fields": {
      "timestamp": "2026-03-24T23:30:00.305Z",
      "event_type": "DATA_UPDATE",
      "severity_level": "WARNING",
      "actor_id": 3,
      "actor_role": "admin",
      "ip_address": "127.0.0.1",
      "user_agent": "Mozilla/5.0 (Windows NT 10.0; Win64; x64) AppleWebKit/537.36 (KHTML, like Gecko) Chrome/146.0.0.0 Safari/537.36",
      "resource_type": "Product",
      "resource_id": "23",
      "before_state": "{\"id\": 23, \"category\": \"Ph\\u1ee5 Ki\\u1ec7n Pha Tr\\u00e0 [ID: 5]\", \"title\": \"B\\u1ed9 Ch\\u00e9n Tr\\u00e0 G\\u1ed1m B\\u00e1t Tr\\u00e0ng\", \"slug\": \"bo-chen-tra-gom-bat-trang\", \"excerpt\": \"B\\u1ed9 6 ch\\u00e9n tr\\u00e0 g\\u1ed1m B\\u00e1t Tr\\u00e0ng men lam c\\u1ed5 \\u0111i\\u1ec3n.\", \"image\": \"products/_\\ud835\\uddd4\\ud835\\uddfb\\ud835\\uddf0\\ud835\\uddf6\\ud835\\uddf2\\ud835\\uddfb\\ud835\\ude01_\\ud835\\uddd4\\ud835\\ude00\\ud835\\uddf6\\ud835\\uddee\\ud835\\uddfb_\\ud835\\udde7\\ud835\\uddf2\\ud835\\uddee_\\ud835\\udde7\\ud835\\uddff\\ud835\\uddee\\ud835\\uddf1\\ud835\\uddf6\\ud835\\ude01\\ud835\\uddf6\\ud835\\uddfc\\ud835\\uddfb\\ud835\\ude00.jpg\", \"description\": \"B\\u1ed9 6 ch\\u00e9n tr\\u00e0 g\\u1ed1m B\\u00e1t Tr\\u00e0ng v\\u1edbi men lam c\\u1ed5 \\u0111i\\u1ec3n, hoa v\\u0103n truy\\u1ec1n th\\u1ed1ng Vi\\u1ec7t Nam. Dung t\\u00edch m\\u1ed7i ch\\u00e9n 50ml, k\\u00edch th\\u01b0\\u1edbc v\\u1eeba tay. G\\u1ed1m gi\\u1eef nhi\\u1ec7t t\\u1ed1t, an to\\u00e0n th\\u1ef1c ph\\u1ea9m, ph\\u00f9 h\\u1ee3p th\\u01b0\\u1edfng tr\\u00e0 ki\\u1ec3u Vi\\u1ec7t.\", \"ingredients\": \"G\\u1ed1m B\\u00e1t Tr\\u00e0ng men lam, nung \\u1edf nhi\\u1ec7t \\u0111\\u1ed9 cao, an to\\u00e0n th\\u1ef1c ph\\u1ea9m.\", \"brewing_guide\": \"Tr\\u00e1ng ch\\u00e9n b\\u1eb1ng n\\u01b0\\u1edbc n\\u00f3ng tr\\u01b0\\u1edbc khi r\\u00f3t tr\\u00e0. R\\u1eeda s\\u1ea1ch sau khi d\\u00f9ng, tr\\u00e1nh thay \\u0111\\u1ed5i nhi\\u1ec7t \\u0111\\u1ed9 \\u0111\\u1ed9t ng\\u1ed9t.\", \"price\": \"280000\", \"physical_stock\": 39, \"reserved_stock\": 1, \"views_count\": 58, \"created_at\": \"2026-03-11 15:29:35.472752+00:00\"}",
      "after_state": "{\"id\": 23, \"category\": \"Ph\\u1ee5 Ki\\u1ec7n Pha Tr\\u00e0 [ID: 5]\", \"title\": \"B\\u1ed9 Ch\\u00e9n Tr\\u00e0 G\\u1ed1m B\\u00e1t Tr\\u00e0ng\", \"slug\": \"bo-chen-tra-gom-bat-trang\", \"excerpt\": \"B\\u1ed9 6 ch\\u00e9n tr\\u00e0 g\\u1ed1m B\\u00e1t Tr\\u00e0ng men lam c\\u1ed5 \\u0111i\\u1ec3n.\", \"image\": \"products/_\\ud835\\uddd4\\ud835\\uddfb\\ud835\\uddf0\\ud835\\uddf6\\ud835\\uddf2\\ud835\\uddfb\\ud835\\ude01_\\ud835\\uddd4\\ud835\\ude00\\ud835\\uddf6\\ud835\\uddee\\ud835\\uddfb_\\ud835\\udde7\\ud835\\uddf2\\ud835\\uddee_\\ud835\\udde7\\ud835\\uddff\\ud835\\uddee\\ud835\\uddf1\\ud835\\uddf6\\ud835\\ude01\\ud835\\uddf6\\ud835\\uddfc\\ud835\\uddfb\\ud835\\ude00.jpg\", \"description\": \"B\\u1ed9 6 ch\\u00e9n tr\\u00e0 g\\u1ed1m B\\u00e1t Tr\\u00e0ng v\\u1edbi men lam c\\u1ed5 \\u0111i\\u1ec3n, hoa v\\u0103n truy\\u1ec1n th\\u1ed1ng Vi\\u1ec7t Nam. Dung t\\u00edch m\\u1ed7i ch\\u00e9n 50ml, k\\u00edch th\\u01b0\\u1edbc v\\u1eeba tay. G\\u1ed1m gi\\u1eef nhi\\u1ec7t t\\u1ed1t, an to\\u00e0n th\\u1ef1c ph\\u1ea9m, ph\\u00f9 h\\u1ee3p th\\u01b0\\u1edfng tr\\u00e0 ki\\u1ec3u Vi\\u1ec7t.\", \"ingredients\": \"G\\u1ed1m B\\u00e1t Tr\\u00e0ng men lam, nung \\u1edf nhi\\u1ec7t \\u0111\\u1ed9 cao, an to\\u00e0n th\\u1ef1c ph\\u1ea9m.\", \"brewing_guide\": \"Tr\\u00e1ng ch\\u00e9n b\\u1eb1ng n\\u01b0\\u1edbc n\\u00f3ng tr\\u01b0\\u1edbc khi r\\u00f3t tr\\u00e0. R\\u1eeda s\\u1ea1ch sau khi d\\u00f9ng, tr\\u00e1nh thay \\u0111\\u1ed5i nhi\\u1ec7t \\u0111\\u1ed9 \\u0111\\u1ed9t ng\\u1ed9t.\", \"price\": \"280000\", \"physical_stock\": 39, \"reserved_stock\": 1, \"views_count\": \"F(views_count) + Value(1)\", \"created_at\": \"2026-03-11 15:29:35.472752+00:00\"}",
      "status": "SUCCESS",
      "reason": "Product was updated",
      "previous_hash": "44a71a123bbd98f10ffb645cdbf1f1c379d15bceee1e195358584911b3a2c523",
      "current_hash": "e0322094838f4c0419407ab907274b90d8ab3e11ac10a0de61c83d11ab85200d"
    }
  },
  {
    "model": "MyApp.auditlog",
    "pk": "6c84aa4e-24b2-47a1-8aec-5690322f93da",
    "fields": {
      "timestamp": "2026-03-24T18:15:47.589Z",
      "event_type": "DATA_CREATE",
      "severity_level": "INFO",
      "actor_id": 3,
      "actor_role": "admin",
      "ip_address": "127.0.0.1",
      "user_agent": "Mozilla/5.0 (Windows NT 10.0; Win64; x64) AppleWebKit/537.36 (KHTML, like Gecko) Chrome/146.0.0.0 Safari/537.36",
      "resource_type": "Order",
      "resource_id": "51",
      "before_state": "",
      "after_state": "{\"id\": 51, \"user\": \"phamquochuy [ID: 3]\", \"order_number\": \"ORD-20260324-51695E\", \"total_amount\": \"280000\", \"status\": \"Ch\\u1edd x\\u00e1c nh\\u1eadn (pending)\", \"coupon\": null, \"discount_amount\": 0, \"created_at\": \"2026-03-24 18:15:47.585943+00:00\", \"updated_at\": \"2026-03-24 18:15:47.585956+00:00\", \"note\": \"\", \"pdf_generated\": false}",
      "status": "SUCCESS",
      "reason": "Order was created",
      "previous_hash": "9325a098015a25ef2785c2bc75ff570a5485e7fe8449784a6c2d68cb5ded9ca9",
      "current_hash": "af911e3e43848e357845bfa4ffaa42b268a9a2f68d4483541856fb389ba42b92"
    }
  },
  {
    "model": "MyApp.auditlog",
    "pk": "6ce61829-2db0-4f16-ab9c-32e3c6cefe07",
    "fields": {
      "timestamp": "2026-03-25T00:26:25.504Z",
      "event_type": "DATA_CREATE",
      "severity_level": "INFO",
      "actor_id": 3,
      "actor_role": "admin",
      "ip_address": "127.0.0.1",
      "user_agent": "Mozilla/5.0 (Windows NT 10.0; Win64; x64) AppleWebKit/537.36 (KHTML, like Gecko) Chrome/146.0.0.0 Safari/537.36",
      "resource_type": "InventoryTransaction",
      "resource_id": "34",
      "before_state": "",
      "after_state": "{\"id\": 34, \"product\": \"B\\u1ed9 Ch\\u00e9n Tr\\u00e0 G\\u1ed1m B\\u00e1t Tr\\u00e0ng [ID: 23]\", \"variation\": null, \"transaction_type\": \"T\\u1ea1m gi\\u1eef (\\u0110\\u1eb7t h\\u00e0ng) (RESERVE)\", \"quantity\": 1, \"is_physical\": false, \"reference_id\": \"ORD-20260325-E2ED4F | T\\u1ea1m gi\\u1eef khi x\\u00e1c nh\\u1eadn \\u0111\\u01a1n h\\u00e0ng.\", \"timestamp\": \"2026-03-25 00:26:25.503289+00:00\", \"user\": \"phamquochuy [ID: 3]\"}",
      "status": "SUCCESS",
      "reason": "InventoryTransaction was created",
      "previous_hash": "5b88a69db9c327299c86427e45201eb46ce6eb70ae2c0e3dfa8999dd146f0c67",
      "current_hash": "96a1efc4bfe08c03abaa05d5783ba94c1381a631fbbf1ad286ff1715473c48fe"
    }
  },
  {
    "model": "MyApp.auditlog",
    "pk": "6fec888b-7502-49e7-b07c-f1ba2166535d",
    "fields": {
      "timestamp": "2026-03-21T04:01:16.481Z",
      "event_type": "DATA_UPDATE",
      "severity_level": "WARNING",
      "actor_id": 3,
      "actor_role": "admin",
      "ip_address": "127.0.0.1",
      "user_agent": "Mozilla/5.0 (Windows NT 10.0; Win64; x64) AppleWebKit/537.36 (KHTML, like Gecko) Chrome/146.0.0.0 Safari/537.36",
      "resource_type": "Product",
      "resource_id": "15",
      "before_state": "{\"id\": 15, \"category\": \"\\u00d4 Long [ID: 3]\", \"title\": \"Tr\\u00e0 \\u00d4 Long \\u0110\\u00e0 L\\u1ea1t\", \"slug\": \"tra-o-long-da-lat\", \"excerpt\": \"\\u00d4 long \\u0110\\u00e0 L\\u1ea1t thanh nh\\u1eb9, h\\u01b0\\u01a1ng hoa lan tho\\u1ea3ng.\", \"image\": \"products/t\\u1ea3i_xu\\u1ed1ng_39.jpg\", \"description\": \"\\u00d4 long tr\\u1ed3ng t\\u1ea1i C\\u1ea7u \\u0110\\u1ea5t, \\u0110\\u00e0 L\\u1ea1t \\u1edf \\u0111\\u1ed9 cao 1.500m. Kh\\u00ed h\\u1eadu m\\u00e1t l\\u1ea1nh quanh n\\u0103m t\\u1ea1o n\\u00ean h\\u01b0\\u01a1ng v\\u1ecb tinh t\\u1ebf ri\\u00eang bi\\u1ec7t. Tr\\u00e0 b\\u00e1n l\\u00ean men (30-40%), n\\u01b0\\u1edbc pha v\\u00e0ng nh\\u1ea1t, h\\u01b0\\u01a1ng hoa lan v\\u00e0 b\\u01a1 thoang tho\\u1ea3ng, v\\u1ecb ng\\u1ecdt t\\u1ef1 nhi\\u00ean n\\u01a1i cu\\u1ed1ng h\\u1ecdng.\", \"ingredients\": \"Tr\\u00e0 \\u00f4 long C\\u1ea7u \\u0110\\u1ea5t, \\u0110\\u00e0 L\\u1ea1t, ch\\u1ebf bi\\u1ebfn b\\u00e1n l\\u00ean men.\", \"brewing_guide\": \"N\\u01b0\\u1edbc 90-95\\u00b0C, 5g tr\\u00e0 cho \\u1ea5m 150ml. Tr\\u00e1ng tr\\u00e0 l\\u1ea7n \\u0111\\u1ea7u, b\\u1ecf n\\u01b0\\u1edbc. H\\u00e3m t\\u1eeb l\\u1ea7n 2, m\\u1ed7i l\\u1ea7n 30-45 gi\\u00e2y. C\\u00f3 th\\u1ec3 h\\u00e3m 5-7 l\\u1ea7n.\", \"price\": \"220000\", \"physical_stock\": 85, \"reserved_stock\": 0, \"views_count\": 3, \"created_at\": \"2026-03-11 15:29:35.348057+00:00\"}",
      "after_state": "{\"id\": 15, \"category\": \"\\u00d4 Long [ID: 3]\", \"title\": \"Tr\\u00e0 \\u00d4 Long \\u0110\\u00e0 L\\u1ea1t\", \"slug\": \"tra-o-long-da-lat\", \"excerpt\": \"\\u00d4 long \\u0110\\u00e0 L\\u1ea1t thanh nh\\u1eb9, h\\u01b0\\u01a1ng hoa lan tho\\u1ea3ng.\", \"image\": \"products/t\\u1ea3i_xu\\u1ed1ng_39.jpg\", \"description\": \"\\u00d4 long tr\\u1ed3ng t\\u1ea1i C\\u1ea7u \\u0110\\u1ea5t, \\u0110\\u00e0 L\\u1ea1t \\u1edf \\u0111\\u1ed9 cao 1.500m. Kh\\u00ed h\\u1eadu m\\u00e1t l\\u1ea1nh quanh n\\u0103m t\\u1ea1o n\\u00ean h\\u01b0\\u01a1ng v\\u1ecb tinh t\\u1ebf ri\\u00eang bi\\u1ec7t. Tr\\u00e0 b\\u00e1n l\\u00ean men (30-40%), n\\u01b0\\u1edbc pha v\\u00e0ng nh\\u1ea1t, h\\u01b0\\u01a1ng hoa lan v\\u00e0 b\\u01a1 thoang tho\\u1ea3ng, v\\u1ecb ng\\u1ecdt t\\u1ef1 nhi\\u00ean n\\u01a1i cu\\u1ed1ng h\\u1ecdng.\", \"ingredients\": \"Tr\\u00e0 \\u00f4 long C\\u1ea7u \\u0110\\u1ea5t, \\u0110\\u00e0 L\\u1ea1t, ch\\u1ebf bi\\u1ebfn b\\u00e1n l\\u00ean men.\", \"brewing_guide\": \"N\\u01b0\\u1edbc 90-95\\u00b0C, 5g tr\\u00e0 cho \\u1ea5m 150ml. Tr\\u00e1ng tr\\u00e0 l\\u1ea7n \\u0111\\u1ea7u, b\\u1ecf n\\u01b0\\u1edbc. H\\u00e3m t\\u1eeb l\\u1ea7n 2, m\\u1ed7i l\\u1ea7n 30-45 gi\\u00e2y. C\\u00f3 th\\u1ec3 h\\u00e3m 5-7 l\\u1ea7n.\", \"price\": \"220000\", \"physical_stock\": 85, \"reserved_stock\": 0, \"views_count\": \"F(views_count) + Value(1)\", \"created_at\": \"2026-03-11 15:29:35.348057+00:00\"}",
      "status": "SUCCESS",
      "reason": "Product was updated",
      "previous_hash": "0b5827a6866875861c91741595bd499439af8f53dcd6ea8898285b9a57554c8b",
      "current_hash": "98182a757676eabc88ac846d728587447422a4f2f9a27d09695aa746db2037e1"
    }
  },
  {
    "model": "MyApp.auditlog",
    "pk": "6ff90a42-61e8-47c6-bb26-9fe59a89747b",
    "fields": {
      "timestamp": "2026-03-21T03:47:08.185Z",
      "event_type": "DATA_UPDATE",
      "severity_level": "WARNING",
      "actor_id": 3,
      "actor_role": "admin",
      "ip_address": "127.0.0.1",
      "user_agent": "Mozilla/5.0 (Windows NT 10.0; Win64; x64) AppleWebKit/537.36 (KHTML, like Gecko) Chrome/146.0.0.0 Safari/537.36",
      "resource_type": "Product",
      "resource_id": "15",
      "before_state": "{\"id\": 15, \"category\": \"\\u00d4 Long [ID: 3]\", \"title\": \"Tr\\u00e0 \\u00d4 Long \\u0110\\u00e0 L\\u1ea1t\", \"slug\": \"tra-o-long-da-lat\", \"excerpt\": \"\\u00d4 long \\u0110\\u00e0 L\\u1ea1t thanh nh\\u1eb9, h\\u01b0\\u01a1ng hoa lan tho\\u1ea3ng.\", \"image\": \"products/t\\u1ea3i_xu\\u1ed1ng_39.jpg\", \"description\": \"\\u00d4 long tr\\u1ed3ng t\\u1ea1i C\\u1ea7u \\u0110\\u1ea5t, \\u0110\\u00e0 L\\u1ea1t \\u1edf \\u0111\\u1ed9 cao 1.500m. Kh\\u00ed h\\u1eadu m\\u00e1t l\\u1ea1nh quanh n\\u0103m t\\u1ea1o n\\u00ean h\\u01b0\\u01a1ng v\\u1ecb tinh t\\u1ebf ri\\u00eang bi\\u1ec7t. Tr\\u00e0 b\\u00e1n l\\u00ean men (30-40%), n\\u01b0\\u1edbc pha v\\u00e0ng nh\\u1ea1t, h\\u01b0\\u01a1ng hoa lan v\\u00e0 b\\u01a1 thoang tho\\u1ea3ng, v\\u1ecb ng\\u1ecdt t\\u1ef1 nhi\\u00ean n\\u01a1i cu\\u1ed1ng h\\u1ecdng.\", \"ingredients\": \"Tr\\u00e0 \\u00f4 long C\\u1ea7u \\u0110\\u1ea5t, \\u0110\\u00e0 L\\u1ea1t, ch\\u1ebf bi\\u1ebfn b\\u00e1n l\\u00ean men.\", \"brewing_guide\": \"N\\u01b0\\u1edbc 90-95\\u00b0C, 5g tr\\u00e0 cho \\u1ea5m 150ml. Tr\\u00e1ng tr\\u00e0 l\\u1ea7n \\u0111\\u1ea7u, b\\u1ecf n\\u01b0\\u1edbc. H\\u00e3m t\\u1eeb l\\u1ea7n 2, m\\u1ed7i l\\u1ea7n 30-45 gi\\u00e2y. C\\u00f3 th\\u1ec3 h\\u00e3m 5-7 l\\u1ea7n.\", \"price\": \"220000\", \"physical_stock\": 85, \"reserved_stock\": 0, \"views_count\": 2, \"created_at\": \"2026-03-11 15:29:35.348057+00:00\"}",
      "after_state": "{\"id\": 15, \"category\": \"\\u00d4 Long [ID: 3]\", \"title\": \"Tr\\u00e0 \\u00d4 Long \\u0110\\u00e0 L\\u1ea1t\", \"slug\": \"tra-o-long-da-lat\", \"excerpt\": \"\\u00d4 long \\u0110\\u00e0 L\\u1ea1t thanh nh\\u1eb9, h\\u01b0\\u01a1ng hoa lan tho\\u1ea3ng.\", \"image\": \"products/t\\u1ea3i_xu\\u1ed1ng_39.jpg\", \"description\": \"\\u00d4 long tr\\u1ed3ng t\\u1ea1i C\\u1ea7u \\u0110\\u1ea5t, \\u0110\\u00e0 L\\u1ea1t \\u1edf \\u0111\\u1ed9 cao 1.500m. Kh\\u00ed h\\u1eadu m\\u00e1t l\\u1ea1nh quanh n\\u0103m t\\u1ea1o n\\u00ean h\\u01b0\\u01a1ng v\\u1ecb tinh t\\u1ebf ri\\u00eang bi\\u1ec7t. Tr\\u00e0 b\\u00e1n l\\u00ean men (30-40%), n\\u01b0\\u1edbc pha v\\u00e0ng nh\\u1ea1t, h\\u01b0\\u01a1ng hoa lan v\\u00e0 b\\u01a1 thoang tho\\u1ea3ng, v\\u1ecb ng\\u1ecdt t\\u1ef1 nhi\\u00ean n\\u01a1i cu\\u1ed1ng h\\u1ecdng.\", \"ingredients\": \"Tr\\u00e0 \\u00f4 long C\\u1ea7u \\u0110\\u1ea5t, \\u0110\\u00e0 L\\u1ea1t, ch\\u1ebf bi\\u1ebfn b\\u00e1n l\\u00ean men.\", \"brewing_guide\": \"N\\u01b0\\u1edbc 90-95\\u00b0C, 5g tr\\u00e0 cho \\u1ea5m 150ml. Tr\\u00e1ng tr\\u00e0 l\\u1ea7n \\u0111\\u1ea7u, b\\u1ecf n\\u01b0\\u1edbc. H\\u00e3m t\\u1eeb l\\u1ea7n 2, m\\u1ed7i l\\u1ea7n 30-45 gi\\u00e2y. C\\u00f3 th\\u1ec3 h\\u00e3m 5-7 l\\u1ea7n.\", \"price\": \"220000\", \"physical_stock\": 85, \"reserved_stock\": 0, \"views_count\": \"F(views_count) + Value(1)\", \"created_at\": \"2026-03-11 15:29:35.348057+00:00\"}",
      "status": "SUCCESS",
      "reason": "Product was updated",
      "previous_hash": "70a22be107cfde851651b67ccd1a2119f700de3186f82e5f1d1157b9e8c4458c",
      "current_hash": "a4821d104e7fcaabd1bf202b4712498bc8501529941f780afd1b61425783983f"
    }
  },
  {
    "model": "MyApp.auditlog",
    "pk": "6ffb71bc-6b7c-4e59-ada6-0f512ae1d297",
    "fields": {
      "timestamp": "2026-03-24T18:15:47.619Z",
      "event_type": "DATA_CREATE",
      "severity_level": "INFO",
      "actor_id": 3,
      "actor_role": "admin",
      "ip_address": "127.0.0.1",
      "user_agent": "Mozilla/5.0 (Windows NT 10.0; Win64; x64) AppleWebKit/537.36 (KHTML, like Gecko) Chrome/146.0.0.0 Safari/537.36",
      "resource_type": "Payment",
      "resource_id": "50",
      "before_state": "",
      "after_state": "{\"id\": 50, \"order\": \"Order ORD-20260324-51695E [ID: 51]\", \"payment_method\": \"QR Code - Ng\\u00e2n h\\u00e0ng (qr_bank)\", \"payment_status\": \"Ch\\u1edd thanh to\\u00e1n (pending)\", \"amount\": \"280000\", \"transaction_id\": \"\", \"reference_code\": \"W8D6Q8RGCC\", \"payment_date\": null, \"notes\": \"\", \"stock_deducted\": false, \"created_at\": \"2026-03-24 18:15:47.615027+00:00\", \"updated_at\": \"2026-03-24 18:15:47.615047+00:00\"}",
      "status": "SUCCESS",
      "reason": "Payment was created",
      "previous_hash": "ebe8b6bfa416054842db62bff5bd0fb10383e6921ce91423b247ae464413e2d7",
      "current_hash": "e1e072353aa620ccdd51c0ffeea0cfe49dcb7900ed8aa9caba4659cd9bf08d56"
    }
  },
  {
    "model": "MyApp.auditlog",
    "pk": "72464056-5d0d-47db-b0c3-201278fcda0b",
    "fields": {
      "timestamp": "2026-03-24T18:14:16.805Z",
      "event_type": "DATA_UPDATE",
      "severity_level": "WARNING",
      "actor_id": null,
      "actor_role": "customer",
      "ip_address": "127.0.0.1",
      "user_agent": "Mozilla/5.0 (Windows NT 10.0; Win64; x64) AppleWebKit/537.36 (KHTML, like Gecko) Chrome/146.0.0.0 Safari/537.36",
      "resource_type": "Product",
      "resource_id": "23",
      "before_state": "{\"id\": 23, \"category\": \"Ph\\u1ee5 Ki\\u1ec7n Pha Tr\\u00e0 [ID: 5]\", \"title\": \"B\\u1ed9 Ch\\u00e9n Tr\\u00e0 G\\u1ed1m B\\u00e1t Tr\\u00e0ng\", \"slug\": \"bo-chen-tra-gom-bat-trang\", \"excerpt\": \"B\\u1ed9 6 ch\\u00e9n tr\\u00e0 g\\u1ed1m B\\u00e1t Tr\\u00e0ng men lam c\\u1ed5 \\u0111i\\u1ec3n.\", \"image\": \"products/_\\ud835\\uddd4\\ud835\\uddfb\\ud835\\uddf0\\ud835\\uddf6\\ud835\\uddf2\\ud835\\uddfb\\ud835\\ude01_\\ud835\\uddd4\\ud835\\ude00\\ud835\\uddf6\\ud835\\uddee\\ud835\\uddfb_\\ud835\\udde7\\ud835\\uddf2\\ud835\\uddee_\\ud835\\udde7\\ud835\\uddff\\ud835\\uddee\\ud835\\uddf1\\ud835\\uddf6\\ud835\\ude01\\ud835\\uddf6\\ud835\\uddfc\\ud835\\uddfb\\ud835\\ude00.jpg\", \"description\": \"B\\u1ed9 6 ch\\u00e9n tr\\u00e0 g\\u1ed1m B\\u00e1t Tr\\u00e0ng v\\u1edbi men lam c\\u1ed5 \\u0111i\\u1ec3n, hoa v\\u0103n truy\\u1ec1n th\\u1ed1ng Vi\\u1ec7t Nam. Dung t\\u00edch m\\u1ed7i ch\\u00e9n 50ml, k\\u00edch th\\u01b0\\u1edbc v\\u1eeba tay. G\\u1ed1m gi\\u1eef nhi\\u1ec7t t\\u1ed1t, an to\\u00e0n th\\u1ef1c ph\\u1ea9m, ph\\u00f9 h\\u1ee3p th\\u01b0\\u1edfng tr\\u00e0 ki\\u1ec3u Vi\\u1ec7t.\", \"ingredients\": \"G\\u1ed1m B\\u00e1t Tr\\u00e0ng men lam, nung \\u1edf nhi\\u1ec7t \\u0111\\u1ed9 cao, an to\\u00e0n th\\u1ef1c ph\\u1ea9m.\", \"brewing_guide\": \"Tr\\u00e1ng ch\\u00e9n b\\u1eb1ng n\\u01b0\\u1edbc n\\u00f3ng tr\\u01b0\\u1edbc khi r\\u00f3t tr\\u00e0. R\\u1eeda s\\u1ea1ch sau khi d\\u00f9ng, tr\\u00e1nh thay \\u0111\\u1ed5i nhi\\u1ec7t \\u0111\\u1ed9 \\u0111\\u1ed9t ng\\u1ed9t.\", \"price\": \"280000\", \"physical_stock\": 39, \"reserved_stock\": 0, \"views_count\": 53, \"created_at\": \"2026-03-11 15:29:35.472752+00:00\"}",
      "after_state": "{\"id\": 23, \"category\": \"Ph\\u1ee5 Ki\\u1ec7n Pha Tr\\u00e0 [ID: 5]\", \"title\": \"B\\u1ed9 Ch\\u00e9n Tr\\u00e0 G\\u1ed1m B\\u00e1t Tr\\u00e0ng\", \"slug\": \"bo-chen-tra-gom-bat-trang\", \"excerpt\": \"B\\u1ed9 6 ch\\u00e9n tr\\u00e0 g\\u1ed1m B\\u00e1t Tr\\u00e0ng men lam c\\u1ed5 \\u0111i\\u1ec3n.\", \"image\": \"products/_\\ud835\\uddd4\\ud835\\uddfb\\ud835\\uddf0\\ud835\\uddf6\\ud835\\uddf2\\ud835\\uddfb\\ud835\\ude01_\\ud835\\uddd4\\ud835\\ude00\\ud835\\uddf6\\ud835\\uddee\\ud835\\uddfb_\\ud835\\udde7\\ud835\\uddf2\\ud835\\uddee_\\ud835\\udde7\\ud835\\uddff\\ud835\\uddee\\ud835\\uddf1\\ud835\\uddf6\\ud835\\ude01\\ud835\\uddf6\\ud835\\uddfc\\ud835\\uddfb\\ud835\\ude00.jpg\", \"description\": \"B\\u1ed9 6 ch\\u00e9n tr\\u00e0 g\\u1ed1m B\\u00e1t Tr\\u00e0ng v\\u1edbi men lam c\\u1ed5 \\u0111i\\u1ec3n, hoa v\\u0103n truy\\u1ec1n th\\u1ed1ng Vi\\u1ec7t Nam. Dung t\\u00edch m\\u1ed7i ch\\u00e9n 50ml, k\\u00edch th\\u01b0\\u1edbc v\\u1eeba tay. G\\u1ed1m gi\\u1eef nhi\\u1ec7t t\\u1ed1t, an to\\u00e0n th\\u1ef1c ph\\u1ea9m, ph\\u00f9 h\\u1ee3p th\\u01b0\\u1edfng tr\\u00e0 ki\\u1ec3u Vi\\u1ec7t.\", \"ingredients\": \"G\\u1ed1m B\\u00e1t Tr\\u00e0ng men lam, nung \\u1edf nhi\\u1ec7t \\u0111\\u1ed9 cao, an to\\u00e0n th\\u1ef1c ph\\u1ea9m.\", \"brewing_guide\": \"Tr\\u00e1ng ch\\u00e9n b\\u1eb1ng n\\u01b0\\u1edbc n\\u00f3ng tr\\u01b0\\u1edbc khi r\\u00f3t tr\\u00e0. R\\u1eeda s\\u1ea1ch sau khi d\\u00f9ng, tr\\u00e1nh thay \\u0111\\u1ed5i nhi\\u1ec7t \\u0111\\u1ed9 \\u0111\\u1ed9t ng\\u1ed9t.\", \"price\": \"280000\", \"physical_stock\": 39, \"reserved_stock\": 0, \"views_count\": \"F(views_count) + Value(1)\", \"created_at\": \"2026-03-11 15:29:35.472752+00:00\"}",
      "status": "SUCCESS",
      "reason": "Product was updated",
      "previous_hash": "be2f50d56a31a593b9931388471c88d25186d2d10a29a9f91c1591af1957018f",
      "current_hash": "9d7721224626351a81163d9c332ada0fd571a0056b083f5713983d01746332ef"
    }
  },
  {
    "model": "MyApp.auditlog",
    "pk": "72e387f4-b68c-492b-a817-5bf440984427",
    "fields": {
      "timestamp": "2026-03-24T23:25:29.271Z",
      "event_type": "DATA_UPDATE",
      "severity_level": "WARNING",
      "actor_id": 3,
      "actor_role": "admin",
      "ip_address": "127.0.0.1",
      "user_agent": "Mozilla/5.0 (Windows NT 10.0; Win64; x64) AppleWebKit/537.36 (KHTML, like Gecko) Chrome/146.0.0.0 Safari/537.36",
      "resource_type": "Product",
      "resource_id": "24",
      "before_state": "{\"id\": 24, \"category\": \"Ph\\u1ee5 Ki\\u1ec7n Pha Tr\\u00e0 [ID: 5]\", \"title\": \"Chasen - Ch\\u1ed5i Tre \\u0110\\u00e1nh Matcha\", \"slug\": \"chasen-choi-tre-danh-matcha\", \"excerpt\": \"Ch\\u1ed5i tre 80 nan truy\\u1ec1n th\\u1ed1ng cho matcha m\\u1ecbn ho\\u00e0n h\\u1ea3o.\", \"image\": \"products/Presenting_the_Osulloc_Tea_House_at_Our_Seoul_Arts_Complex___Pace_Gallery.jpg\", \"description\": \"<p style=\\\"text-align: center;\\\"><span style=\\\"font-family: 'courier new', courier, monospace; font-size: 24pt;\\\"><strong>Chasen </strong></span></p>\\r\\n<p><span style=\\\"font-family: 'courier new', courier, monospace; font-size: 24pt;\\\">Ch\\u1ed5i tre \\u0111&aacute;nh matcha 80 nan, l&agrave;m th\\u1ee7 c&ocirc;ng t\\u1eeb tre gi&agrave; t\\u1ef1 nhi&ecirc;n. D\\u1ee5ng c\\u1ee5 kh&ocirc;ng th\\u1ec3 thi\\u1ebfu trong tr&agrave; \\u0111\\u1ea1o Nh\\u1eadt B\\u1ea3n, gi&uacute;p \\u0111&aacute;nh matcha t\\u1ea1o b\\u1ecdt m\\u1ecbn \\u0111\\u1ec1u. K&egrave;m \\u0111\\u1ebf gi\\u1eef chasen \\u0111\\u1ec3 b\\u1ea3o qu\\u1ea3n \\u0111&uacute;ng c&aacute;ch.</span></p>\", \"ingredients\": \"<p>Tre gi&agrave; t\\u1ef1 nhi&ecirc;n, ch\\u1ebf t&aacute;c th\\u1ee7 c&ocirc;ng truy\\u1ec1n th\\u1ed1ng Nh\\u1eadt B\\u1ea3n.</p>\", \"brewing_guide\": \"<p>Ng&acirc;m chasen trong n\\u01b0\\u1edbc \\u1ea5m 1 ph&uacute;t tr\\u01b0\\u1edbc khi d&ugrave;ng. \\u0110&aacute;nh matcha theo h&igrave;nh ch\\u1eef W. Sau khi d&ugrave;ng, r\\u1eeda s\\u1ea1ch b\\u1eb1ng n\\u01b0\\u1edbc \\u1ea5m, \\u0111\\u1eb7t l&ecirc;n \\u0111\\u1ebf gi\\u1eef chasen.</p>\", \"price\": \"195000\", \"physical_stock\": 55, \"reserved_stock\": 2, \"views_count\": 11, \"created_at\": \"2026-03-11 15:29:35.486331+00:00\"}",
      "after_state": "{\"id\": 24, \"category\": \"Ph\\u1ee5 Ki\\u1ec7n Pha Tr\\u00e0 [ID: 5]\", \"title\": \"Chasen - Ch\\u1ed5i Tre \\u0110\\u00e1nh Matcha\", \"slug\": \"chasen-choi-tre-danh-matcha\", \"excerpt\": \"Ch\\u1ed5i tre 80 nan truy\\u1ec1n th\\u1ed1ng cho matcha m\\u1ecbn ho\\u00e0n h\\u1ea3o.\", \"image\": \"products/Presenting_the_Osulloc_Tea_House_at_Our_Seoul_Arts_Complex___Pace_Gallery.jpg\", \"description\": \"<p style=\\\"text-align: center;\\\"><span style=\\\"font-family: 'courier new', courier, monospace; font-size: 24pt;\\\"><strong>Chasen </strong></span></p>\\r\\n<p><span style=\\\"font-family: 'courier new', courier, monospace; font-size: 24pt;\\\">Ch\\u1ed5i tre \\u0111&aacute;nh matcha 80 nan, l&agrave;m th\\u1ee7 c&ocirc;ng t\\u1eeb tre gi&agrave; t\\u1ef1 nhi&ecirc;n. D\\u1ee5ng c\\u1ee5 kh&ocirc;ng th\\u1ec3 thi\\u1ebfu trong tr&agrave; \\u0111\\u1ea1o Nh\\u1eadt B\\u1ea3n, gi&uacute;p \\u0111&aacute;nh matcha t\\u1ea1o b\\u1ecdt m\\u1ecbn \\u0111\\u1ec1u. K&egrave;m \\u0111\\u1ebf gi\\u1eef chasen \\u0111\\u1ec3 b\\u1ea3o qu\\u1ea3n \\u0111&uacute;ng c&aacute;ch.</span></p>\", \"ingredients\": \"<p>Tre gi&agrave; t\\u1ef1 nhi&ecirc;n, ch\\u1ebf t&aacute;c th\\u1ee7 c&ocirc;ng truy\\u1ec1n th\\u1ed1ng Nh\\u1eadt B\\u1ea3n.</p>\", \"brewing_guide\": \"<p>Ng&acirc;m chasen trong n\\u01b0\\u1edbc \\u1ea5m 1 ph&uacute;t tr\\u01b0\\u1edbc khi d&ugrave;ng. \\u0110&aacute;nh matcha theo h&igrave;nh ch\\u1eef W. Sau khi d&ugrave;ng, r\\u1eeda s\\u1ea1ch b\\u1eb1ng n\\u01b0\\u1edbc \\u1ea5m, \\u0111\\u1eb7t l&ecirc;n \\u0111\\u1ebf gi\\u1eef chasen.</p>\", \"price\": \"195000\", \"physical_stock\": 55, \"reserved_stock\": \"F(reserved_stock) - Value(1)\", \"views_count\": 11, \"created_at\": \"2026-03-11 15:29:35.486331+00:00\"}",
      "status": "SUCCESS",
      "reason": "Product was updated",
      "previous_hash": "8bf37c64e85ed6d0af5a5fad9f76c976ac39c58213625a58d69feab06cee1dcd",
      "current_hash": "ef408adb758a7880d6535d8f7a89705f3d0b88bf4482749fad9fc14b407d5399"
    }
  },
  {
    "model": "MyApp.auditlog",
    "pk": "72f39f74-c15b-40f8-ac73-a2e540262fcd",
    "fields": {
      "timestamp": "2026-03-25T00:41:34.125Z",
      "event_type": "DATA_UPDATE",
      "severity_level": "WARNING",
      "actor_id": null,
      "actor_role": "customer",
      "ip_address": "127.0.0.1",
      "user_agent": "Mozilla/5.0 (Windows NT 10.0; Win64; x64) AppleWebKit/537.36 (KHTML, like Gecko) Chrome/146.0.0.0 Safari/537.36",
      "resource_type": "Product",
      "resource_id": "23",
      "before_state": "{\"id\": 23, \"category\": \"Ph\\u1ee5 Ki\\u1ec7n Pha Tr\\u00e0 [ID: 5]\", \"title\": \"B\\u1ed9 Ch\\u00e9n Tr\\u00e0 G\\u1ed1m B\\u00e1t Tr\\u00e0ng\", \"slug\": \"bo-chen-tra-gom-bat-trang\", \"excerpt\": \"B\\u1ed9 6 ch\\u00e9n tr\\u00e0 g\\u1ed1m B\\u00e1t Tr\\u00e0ng men lam c\\u1ed5 \\u0111i\\u1ec3n.\", \"image\": \"products/_\\ud835\\uddd4\\ud835\\uddfb\\ud835\\uddf0\\ud835\\uddf6\\ud835\\uddf2\\ud835\\uddfb\\ud835\\ude01_\\ud835\\uddd4\\ud835\\ude00\\ud835\\uddf6\\ud835\\uddee\\ud835\\uddfb_\\ud835\\udde7\\ud835\\uddf2\\ud835\\uddee_\\ud835\\udde7\\ud835\\uddff\\ud835\\uddee\\ud835\\uddf1\\ud835\\uddf6\\ud835\\ude01\\ud835\\uddf6\\ud835\\uddfc\\ud835\\uddfb\\ud835\\ude00.jpg\", \"description\": \"B\\u1ed9 6 ch\\u00e9n tr\\u00e0 g\\u1ed1m B\\u00e1t Tr\\u00e0ng v\\u1edbi men lam c\\u1ed5 \\u0111i\\u1ec3n, hoa v\\u0103n truy\\u1ec1n th\\u1ed1ng Vi\\u1ec7t Nam. Dung t\\u00edch m\\u1ed7i ch\\u00e9n 50ml, k\\u00edch th\\u01b0\\u1edbc v\\u1eeba tay. G\\u1ed1m gi\\u1eef nhi\\u1ec7t t\\u1ed1t, an to\\u00e0n th\\u1ef1c ph\\u1ea9m, ph\\u00f9 h\\u1ee3p th\\u01b0\\u1edfng tr\\u00e0 ki\\u1ec3u Vi\\u1ec7t.\", \"ingredients\": \"G\\u1ed1m B\\u00e1t Tr\\u00e0ng men lam, nung \\u1edf nhi\\u1ec7t \\u0111\\u1ed9 cao, an to\\u00e0n th\\u1ef1c ph\\u1ea9m.\", \"brewing_guide\": \"Tr\\u00e1ng ch\\u00e9n b\\u1eb1ng n\\u01b0\\u1edbc n\\u00f3ng tr\\u01b0\\u1edbc khi r\\u00f3t tr\\u00e0. R\\u1eeda s\\u1ea1ch sau khi d\\u00f9ng, tr\\u00e1nh thay \\u0111\\u1ed5i nhi\\u1ec7t \\u0111\\u1ed9 \\u0111\\u1ed9t ng\\u1ed9t.\", \"price\": \"280000\", \"physical_stock\": 38, \"reserved_stock\": 1, \"views_count\": 64, \"created_at\": \"2026-03-11 15:29:35.472752+00:00\"}",
      "after_state": "{\"id\": 23, \"category\": \"Ph\\u1ee5 Ki\\u1ec7n Pha Tr\\u00e0 [ID: 5]\", \"title\": \"B\\u1ed9 Ch\\u00e9n Tr\\u00e0 G\\u1ed1m B\\u00e1t Tr\\u00e0ng\", \"slug\": \"bo-chen-tra-gom-bat-trang\", \"excerpt\": \"B\\u1ed9 6 ch\\u00e9n tr\\u00e0 g\\u1ed1m B\\u00e1t Tr\\u00e0ng men lam c\\u1ed5 \\u0111i\\u1ec3n.\", \"image\": \"products/_\\ud835\\uddd4\\ud835\\uddfb\\ud835\\uddf0\\ud835\\uddf6\\ud835\\uddf2\\ud835\\uddfb\\ud835\\ude01_\\ud835\\uddd4\\ud835\\ude00\\ud835\\uddf6\\ud835\\uddee\\ud835\\uddfb_\\ud835\\udde7\\ud835\\uddf2\\ud835\\uddee_\\ud835\\udde7\\ud835\\uddff\\ud835\\uddee\\ud835\\uddf1\\ud835\\uddf6\\ud835\\ude01\\ud835\\uddf6\\ud835\\uddfc\\ud835\\uddfb\\ud835\\ude00.jpg\", \"description\": \"B\\u1ed9 6 ch\\u00e9n tr\\u00e0 g\\u1ed1m B\\u00e1t Tr\\u00e0ng v\\u1edbi men lam c\\u1ed5 \\u0111i\\u1ec3n, hoa v\\u0103n truy\\u1ec1n th\\u1ed1ng Vi\\u1ec7t Nam. Dung t\\u00edch m\\u1ed7i ch\\u00e9n 50ml, k\\u00edch th\\u01b0\\u1edbc v\\u1eeba tay. G\\u1ed1m gi\\u1eef nhi\\u1ec7t t\\u1ed1t, an to\\u00e0n th\\u1ef1c ph\\u1ea9m, ph\\u00f9 h\\u1ee3p th\\u01b0\\u1edfng tr\\u00e0 ki\\u1ec3u Vi\\u1ec7t.\", \"ingredients\": \"G\\u1ed1m B\\u00e1t Tr\\u00e0ng men lam, nung \\u1edf nhi\\u1ec7t \\u0111\\u1ed9 cao, an to\\u00e0n th\\u1ef1c ph\\u1ea9m.\", \"brewing_guide\": \"Tr\\u00e1ng ch\\u00e9n b\\u1eb1ng n\\u01b0\\u1edbc n\\u00f3ng tr\\u01b0\\u1edbc khi r\\u00f3t tr\\u00e0. R\\u1eeda s\\u1ea1ch sau khi d\\u00f9ng, tr\\u00e1nh thay \\u0111\\u1ed5i nhi\\u1ec7t \\u0111\\u1ed9 \\u0111\\u1ed9t ng\\u1ed9t.\", \"price\": \"280000\", \"physical_stock\": 38, \"reserved_stock\": 1, \"views_count\": \"F(views_count) + Value(1)\", \"created_at\": \"2026-03-11 15:29:35.472752+00:00\"}",
      "status": "SUCCESS",
      "reason": "Product was updated",
      "previous_hash": "34184326f45c41f125631628e8e5d4e867a9851a8c2ccbfe962dde00f7ed8a19",
      "current_hash": "c158f96be5d115133f699bab595daf13330a36d70f494c8837d7e428a8200cc5"
    }
  },
  {
    "model": "MyApp.auditlog",
    "pk": "73b59629-f806-472b-8afc-98c0dd739ebe",
    "fields": {
      "timestamp": "2026-03-21T04:09:22.745Z",
      "event_type": "DATA_UPDATE",
      "severity_level": "WARNING",
      "actor_id": 3,
      "actor_role": "admin",
      "ip_address": "127.0.0.1",
      "user_agent": "Mozilla/5.0 (Windows NT 10.0; Win64; x64) AppleWebKit/537.36 (KHTML, like Gecko) Chrome/146.0.0.0 Safari/537.36",
      "resource_type": "Product",
      "resource_id": "24",
      "before_state": "{\"id\": 24, \"category\": \"Ph\\u1ee5 Ki\\u1ec7n Pha Tr\\u00e0 [ID: 5]\", \"title\": \"Chasen - Ch\\u1ed5i Tre \\u0110\\u00e1nh Matcha\", \"slug\": \"chasen-choi-tre-danh-matcha\", \"excerpt\": \"Ch\\u1ed5i tre 80 nan truy\\u1ec1n th\\u1ed1ng cho matcha m\\u1ecbn ho\\u00e0n h\\u1ea3o.\", \"image\": \"products/Presenting_the_Osulloc_Tea_House_at_Our_Seoul_Arts_Complex___Pace_Gallery.jpg\", \"description\": \"<p style=\\\"text-align: center;\\\"><span style=\\\"font-family: 'courier new', courier, monospace; font-size: 24pt;\\\"><strong>Chasen </strong></span></p>\\r\\n<p><span style=\\\"font-family: 'courier new', courier, monospace; font-size: 24pt;\\\">Ch\\u1ed5i tre \\u0111&aacute;nh matcha 80 nan, l&agrave;m th\\u1ee7 c&ocirc;ng t\\u1eeb tre gi&agrave; t\\u1ef1 nhi&ecirc;n. D\\u1ee5ng c\\u1ee5 kh&ocirc;ng th\\u1ec3 thi\\u1ebfu trong tr&agrave; \\u0111\\u1ea1o Nh\\u1eadt B\\u1ea3n, gi&uacute;p \\u0111&aacute;nh matcha t\\u1ea1o b\\u1ecdt m\\u1ecbn \\u0111\\u1ec1u. K&egrave;m \\u0111\\u1ebf gi\\u1eef chasen \\u0111\\u1ec3 b\\u1ea3o qu\\u1ea3n \\u0111&uacute;ng c&aacute;ch.</span></p>\", \"ingredients\": \"<p>Tre gi&agrave; t\\u1ef1 nhi&ecirc;n, ch\\u1ebf t&aacute;c th\\u1ee7 c&ocirc;ng truy\\u1ec1n th\\u1ed1ng Nh\\u1eadt B\\u1ea3n.</p>\", \"brewing_guide\": \"<p>Ng&acirc;m chasen trong n\\u01b0\\u1edbc \\u1ea5m 1 ph&uacute;t tr\\u01b0\\u1edbc khi d&ugrave;ng. \\u0110&aacute;nh matcha theo h&igrave;nh ch\\u1eef W. Sau khi d&ugrave;ng, r\\u1eeda s\\u1ea1ch b\\u1eb1ng n\\u01b0\\u1edbc \\u1ea5m, \\u0111\\u1eb7t l&ecirc;n \\u0111\\u1ebf gi\\u1eef chasen.</p>\", \"price\": \"195000\", \"physical_stock\": 55, \"reserved_stock\": 1, \"views_count\": 8, \"created_at\": \"2026-03-11 15:29:35.486331+00:00\"}",
      "after_state": "{\"id\": 24, \"category\": \"Ph\\u1ee5 Ki\\u1ec7n Pha Tr\\u00e0 [ID: 5]\", \"title\": \"Chasen - Ch\\u1ed5i Tre \\u0110\\u00e1nh Matcha\", \"slug\": \"chasen-choi-tre-danh-matcha\", \"excerpt\": \"Ch\\u1ed5i tre 80 nan truy\\u1ec1n th\\u1ed1ng cho matcha m\\u1ecbn ho\\u00e0n h\\u1ea3o.\", \"image\": \"products/Presenting_the_Osulloc_Tea_House_at_Our_Seoul_Arts_Complex___Pace_Gallery.jpg\", \"description\": \"<p style=\\\"text-align: center;\\\"><span style=\\\"font-family: 'courier new', courier, monospace; font-size: 24pt;\\\"><strong>Chasen </strong></span></p>\\r\\n<p><span style=\\\"font-family: 'courier new', courier, monospace; font-size: 24pt;\\\">Ch\\u1ed5i tre \\u0111&aacute;nh matcha 80 nan, l&agrave;m th\\u1ee7 c&ocirc;ng t\\u1eeb tre gi&agrave; t\\u1ef1 nhi&ecirc;n. D\\u1ee5ng c\\u1ee5 kh&ocirc;ng th\\u1ec3 thi\\u1ebfu trong tr&agrave; \\u0111\\u1ea1o Nh\\u1eadt B\\u1ea3n, gi&uacute;p \\u0111&aacute;nh matcha t\\u1ea1o b\\u1ecdt m\\u1ecbn \\u0111\\u1ec1u. K&egrave;m \\u0111\\u1ebf gi\\u1eef chasen \\u0111\\u1ec3 b\\u1ea3o qu\\u1ea3n \\u0111&uacute;ng c&aacute;ch.</span></p>\", \"ingredients\": \"<p>Tre gi&agrave; t\\u1ef1 nhi&ecirc;n, ch\\u1ebf t&aacute;c th\\u1ee7 c&ocirc;ng truy\\u1ec1n th\\u1ed1ng Nh\\u1eadt B\\u1ea3n.</p>\", \"brewing_guide\": \"<p>Ng&acirc;m chasen trong n\\u01b0\\u1edbc \\u1ea5m 1 ph&uacute;t tr\\u01b0\\u1edbc khi d&ugrave;ng. \\u0110&aacute;nh matcha theo h&igrave;nh ch\\u1eef W. Sau khi d&ugrave;ng, r\\u1eeda s\\u1ea1ch b\\u1eb1ng n\\u01b0\\u1edbc \\u1ea5m, \\u0111\\u1eb7t l&ecirc;n \\u0111\\u1ebf gi\\u1eef chasen.</p>\", \"price\": \"195000\", \"physical_stock\": 55, \"reserved_stock\": 1, \"views_count\": \"F(views_count) + Value(1)\", \"created_at\": \"2026-03-11 15:29:35.486331+00:00\"}",
      "status": "SUCCESS",
      "reason": "Product was updated",
      "previous_hash": "6937867d7d146cfa2c31e1fe88228dcbc3de4c9a823823d7aeeb214ba83a637d",
      "current_hash": "a064bc438b835ac2c9b79edfcfaefef7589aa2008eeed25b636edb1af5ddf0f5"
    }
  },
  {
    "model": "MyApp.auditlog",
    "pk": "756d8a3e-7a8c-49a8-9dbd-5da03ae1d44f",
    "fields": {
      "timestamp": "2026-03-25T00:12:31.419Z",
      "event_type": "DATA_UPDATE",
      "severity_level": "WARNING",
      "actor_id": 3,
      "actor_role": "admin",
      "ip_address": "127.0.0.1",
      "user_agent": "Mozilla/5.0 (Windows NT 10.0; Win64; x64) AppleWebKit/537.36 (KHTML, like Gecko) Chrome/146.0.0.0 Safari/537.36",
      "resource_type": "Product",
      "resource_id": "23",
      "before_state": "{\"id\": 23, \"category\": \"Ph\\u1ee5 Ki\\u1ec7n Pha Tr\\u00e0 [ID: 5]\", \"title\": \"B\\u1ed9 Ch\\u00e9n Tr\\u00e0 G\\u1ed1m B\\u00e1t Tr\\u00e0ng\", \"slug\": \"bo-chen-tra-gom-bat-trang\", \"excerpt\": \"B\\u1ed9 6 ch\\u00e9n tr\\u00e0 g\\u1ed1m B\\u00e1t Tr\\u00e0ng men lam c\\u1ed5 \\u0111i\\u1ec3n.\", \"image\": \"products/_\\ud835\\uddd4\\ud835\\uddfb\\ud835\\uddf0\\ud835\\uddf6\\ud835\\uddf2\\ud835\\uddfb\\ud835\\ude01_\\ud835\\uddd4\\ud835\\ude00\\ud835\\uddf6\\ud835\\uddee\\ud835\\uddfb_\\ud835\\udde7\\ud835\\uddf2\\ud835\\uddee_\\ud835\\udde7\\ud835\\uddff\\ud835\\uddee\\ud835\\uddf1\\ud835\\uddf6\\ud835\\ude01\\ud835\\uddf6\\ud835\\uddfc\\ud835\\uddfb\\ud835\\ude00.jpg\", \"description\": \"B\\u1ed9 6 ch\\u00e9n tr\\u00e0 g\\u1ed1m B\\u00e1t Tr\\u00e0ng v\\u1edbi men lam c\\u1ed5 \\u0111i\\u1ec3n, hoa v\\u0103n truy\\u1ec1n th\\u1ed1ng Vi\\u1ec7t Nam. Dung t\\u00edch m\\u1ed7i ch\\u00e9n 50ml, k\\u00edch th\\u01b0\\u1edbc v\\u1eeba tay. G\\u1ed1m gi\\u1eef nhi\\u1ec7t t\\u1ed1t, an to\\u00e0n th\\u1ef1c ph\\u1ea9m, ph\\u00f9 h\\u1ee3p th\\u01b0\\u1edfng tr\\u00e0 ki\\u1ec3u Vi\\u1ec7t.\", \"ingredients\": \"G\\u1ed1m B\\u00e1t Tr\\u00e0ng men lam, nung \\u1edf nhi\\u1ec7t \\u0111\\u1ed9 cao, an to\\u00e0n th\\u1ef1c ph\\u1ea9m.\", \"brewing_guide\": \"Tr\\u00e1ng ch\\u00e9n b\\u1eb1ng n\\u01b0\\u1edbc n\\u00f3ng tr\\u01b0\\u1edbc khi r\\u00f3t tr\\u00e0. R\\u1eeda s\\u1ea1ch sau khi d\\u00f9ng, tr\\u00e1nh thay \\u0111\\u1ed5i nhi\\u1ec7t \\u0111\\u1ed9 \\u0111\\u1ed9t ng\\u1ed9t.\", \"price\": \"280000\", \"physical_stock\": 39, \"reserved_stock\": 1, \"views_count\": 60, \"created_at\": \"2026-03-11 15:29:35.472752+00:00\"}",
      "after_state": "{\"id\": 23, \"category\": \"Ph\\u1ee5 Ki\\u1ec7n Pha Tr\\u00e0 [ID: 5]\", \"title\": \"B\\u1ed9 Ch\\u00e9n Tr\\u00e0 G\\u1ed1m B\\u00e1t Tr\\u00e0ng\", \"slug\": \"bo-chen-tra-gom-bat-trang\", \"excerpt\": \"B\\u1ed9 6 ch\\u00e9n tr\\u00e0 g\\u1ed1m B\\u00e1t Tr\\u00e0ng men lam c\\u1ed5 \\u0111i\\u1ec3n.\", \"image\": \"products/_\\ud835\\uddd4\\ud835\\uddfb\\ud835\\uddf0\\ud835\\uddf6\\ud835\\uddf2\\ud835\\uddfb\\ud835\\ude01_\\ud835\\uddd4\\ud835\\ude00\\ud835\\uddf6\\ud835\\uddee\\ud835\\uddfb_\\ud835\\udde7\\ud835\\uddf2\\ud835\\uddee_\\ud835\\udde7\\ud835\\uddff\\ud835\\uddee\\ud835\\uddf1\\ud835\\uddf6\\ud835\\ude01\\ud835\\uddf6\\ud835\\uddfc\\ud835\\uddfb\\ud835\\ude00.jpg\", \"description\": \"B\\u1ed9 6 ch\\u00e9n tr\\u00e0 g\\u1ed1m B\\u00e1t Tr\\u00e0ng v\\u1edbi men lam c\\u1ed5 \\u0111i\\u1ec3n, hoa v\\u0103n truy\\u1ec1n th\\u1ed1ng Vi\\u1ec7t Nam. Dung t\\u00edch m\\u1ed7i ch\\u00e9n 50ml, k\\u00edch th\\u01b0\\u1edbc v\\u1eeba tay. G\\u1ed1m gi\\u1eef nhi\\u1ec7t t\\u1ed1t, an to\\u00e0n th\\u1ef1c ph\\u1ea9m, ph\\u00f9 h\\u1ee3p th\\u01b0\\u1edfng tr\\u00e0 ki\\u1ec3u Vi\\u1ec7t.\", \"ingredients\": \"G\\u1ed1m B\\u00e1t Tr\\u00e0ng men lam, nung \\u1edf nhi\\u1ec7t \\u0111\\u1ed9 cao, an to\\u00e0n th\\u1ef1c ph\\u1ea9m.\", \"brewing_guide\": \"Tr\\u00e1ng ch\\u00e9n b\\u1eb1ng n\\u01b0\\u1edbc n\\u00f3ng tr\\u01b0\\u1edbc khi r\\u00f3t tr\\u00e0. R\\u1eeda s\\u1ea1ch sau khi d\\u00f9ng, tr\\u00e1nh thay \\u0111\\u1ed5i nhi\\u1ec7t \\u0111\\u1ed9 \\u0111\\u1ed9t ng\\u1ed9t.\", \"price\": \"280000\", \"physical_stock\": 39, \"reserved_stock\": 1, \"views_count\": \"F(views_count) + Value(1)\", \"created_at\": \"2026-03-11 15:29:35.472752+00:00\"}",
      "status": "SUCCESS",
      "reason": "Product was updated",
      "previous_hash": "9845cca3b11a54ef38ac53d6742d3d6eee22bd63dad0eba90a261626c2d3f072",
      "current_hash": "4acddee53d731a3bbeb93d6a4a4f9d9c176fe478956dac7e2245e37294bea2eb"
    }
  },
  {
    "model": "MyApp.auditlog",
    "pk": "7682a035-e982-4569-b561-6243c7cdbc4b",
    "fields": {
      "timestamp": "2026-03-25T00:26:11.674Z",
      "event_type": "DATA_UPDATE",
      "severity_level": "WARNING",
      "actor_id": 3,
      "actor_role": "admin",
      "ip_address": "127.0.0.1",
      "user_agent": "Mozilla/5.0 (Windows NT 10.0; Win64; x64) AppleWebKit/537.36 (KHTML, like Gecko) Chrome/146.0.0.0 Safari/537.36",
      "resource_type": "Product",
      "resource_id": "23",
      "before_state": "{\"id\": 23, \"category\": \"Ph\\u1ee5 Ki\\u1ec7n Pha Tr\\u00e0 [ID: 5]\", \"title\": \"B\\u1ed9 Ch\\u00e9n Tr\\u00e0 G\\u1ed1m B\\u00e1t Tr\\u00e0ng\", \"slug\": \"bo-chen-tra-gom-bat-trang\", \"excerpt\": \"B\\u1ed9 6 ch\\u00e9n tr\\u00e0 g\\u1ed1m B\\u00e1t Tr\\u00e0ng men lam c\\u1ed5 \\u0111i\\u1ec3n.\", \"image\": \"products/_\\ud835\\uddd4\\ud835\\uddfb\\ud835\\uddf0\\ud835\\uddf6\\ud835\\uddf2\\ud835\\uddfb\\ud835\\ude01_\\ud835\\uddd4\\ud835\\ude00\\ud835\\uddf6\\ud835\\uddee\\ud835\\uddfb_\\ud835\\udde7\\ud835\\uddf2\\ud835\\uddee_\\ud835\\udde7\\ud835\\uddff\\ud835\\uddee\\ud835\\uddf1\\ud835\\uddf6\\ud835\\ude01\\ud835\\uddf6\\ud835\\uddfc\\ud835\\uddfb\\ud835\\ude00.jpg\", \"description\": \"B\\u1ed9 6 ch\\u00e9n tr\\u00e0 g\\u1ed1m B\\u00e1t Tr\\u00e0ng v\\u1edbi men lam c\\u1ed5 \\u0111i\\u1ec3n, hoa v\\u0103n truy\\u1ec1n th\\u1ed1ng Vi\\u1ec7t Nam. Dung t\\u00edch m\\u1ed7i ch\\u00e9n 50ml, k\\u00edch th\\u01b0\\u1edbc v\\u1eeba tay. G\\u1ed1m gi\\u1eef nhi\\u1ec7t t\\u1ed1t, an to\\u00e0n th\\u1ef1c ph\\u1ea9m, ph\\u00f9 h\\u1ee3p th\\u01b0\\u1edfng tr\\u00e0 ki\\u1ec3u Vi\\u1ec7t.\", \"ingredients\": \"G\\u1ed1m B\\u00e1t Tr\\u00e0ng men lam, nung \\u1edf nhi\\u1ec7t \\u0111\\u1ed9 cao, an to\\u00e0n th\\u1ef1c ph\\u1ea9m.\", \"brewing_guide\": \"Tr\\u00e1ng ch\\u00e9n b\\u1eb1ng n\\u01b0\\u1edbc n\\u00f3ng tr\\u01b0\\u1edbc khi r\\u00f3t tr\\u00e0. R\\u1eeda s\\u1ea1ch sau khi d\\u00f9ng, tr\\u00e1nh thay \\u0111\\u1ed5i nhi\\u1ec7t \\u0111\\u1ed9 \\u0111\\u1ed9t ng\\u1ed9t.\", \"price\": \"280000\", \"physical_stock\": 39, \"reserved_stock\": 2, \"views_count\": 63, \"created_at\": \"2026-03-11 15:29:35.472752+00:00\"}",
      "after_state": "{\"id\": 23, \"category\": \"Ph\\u1ee5 Ki\\u1ec7n Pha Tr\\u00e0 [ID: 5]\", \"title\": \"B\\u1ed9 Ch\\u00e9n Tr\\u00e0 G\\u1ed1m B\\u00e1t Tr\\u00e0ng\", \"slug\": \"bo-chen-tra-gom-bat-trang\", \"excerpt\": \"B\\u1ed9 6 ch\\u00e9n tr\\u00e0 g\\u1ed1m B\\u00e1t Tr\\u00e0ng men lam c\\u1ed5 \\u0111i\\u1ec3n.\", \"image\": \"products/_\\ud835\\uddd4\\ud835\\uddfb\\ud835\\uddf0\\ud835\\uddf6\\ud835\\uddf2\\ud835\\uddfb\\ud835\\ude01_\\ud835\\uddd4\\ud835\\ude00\\ud835\\uddf6\\ud835\\uddee\\ud835\\uddfb_\\ud835\\udde7\\ud835\\uddf2\\ud835\\uddee_\\ud835\\udde7\\ud835\\uddff\\ud835\\uddee\\ud835\\uddf1\\ud835\\uddf6\\ud835\\ude01\\ud835\\uddf6\\ud835\\uddfc\\ud835\\uddfb\\ud835\\ude00.jpg\", \"description\": \"B\\u1ed9 6 ch\\u00e9n tr\\u00e0 g\\u1ed1m B\\u00e1t Tr\\u00e0ng v\\u1edbi men lam c\\u1ed5 \\u0111i\\u1ec3n, hoa v\\u0103n truy\\u1ec1n th\\u1ed1ng Vi\\u1ec7t Nam. Dung t\\u00edch m\\u1ed7i ch\\u00e9n 50ml, k\\u00edch th\\u01b0\\u1edbc v\\u1eeba tay. G\\u1ed1m gi\\u1eef nhi\\u1ec7t t\\u1ed1t, an to\\u00e0n th\\u1ef1c ph\\u1ea9m, ph\\u00f9 h\\u1ee3p th\\u01b0\\u1edfng tr\\u00e0 ki\\u1ec3u Vi\\u1ec7t.\", \"ingredients\": \"G\\u1ed1m B\\u00e1t Tr\\u00e0ng men lam, nung \\u1edf nhi\\u1ec7t \\u0111\\u1ed9 cao, an to\\u00e0n th\\u1ef1c ph\\u1ea9m.\", \"brewing_guide\": \"Tr\\u00e1ng ch\\u00e9n b\\u1eb1ng n\\u01b0\\u1edbc n\\u00f3ng tr\\u01b0\\u1edbc khi r\\u00f3t tr\\u00e0. R\\u1eeda s\\u1ea1ch sau khi d\\u00f9ng, tr\\u00e1nh thay \\u0111\\u1ed5i nhi\\u1ec7t \\u0111\\u1ed9 \\u0111\\u1ed9t ng\\u1ed9t.\", \"price\": \"280000\", \"physical_stock\": 39, \"reserved_stock\": 2, \"views_count\": \"F(views_count) + Value(1)\", \"created_at\": \"2026-03-11 15:29:35.472752+00:00\"}",
      "status": "SUCCESS",
      "reason": "Product was updated",
      "previous_hash": "9ae5a67928d02532964e956c4470ddf41b5d434667e8f4d28479483cbabbfbbf",
      "current_hash": "13ab7035cf0c8398ac9937a614f7ffff19bcaac8df2e21e816b65ed90c192838"
    }
  },
  {
    "model": "MyApp.auditlog",
    "pk": "786eea97-0de8-4731-bedf-1770ecfc0bf5",
    "fields": {
      "timestamp": "2026-03-24T18:15:19.359Z",
      "event_type": "DATA_CREATE",
      "severity_level": "INFO",
      "actor_id": 3,
      "actor_role": "admin",
      "ip_address": "127.0.0.1",
      "user_agent": "Mozilla/5.0 (Windows NT 10.0; Win64; x64) AppleWebKit/537.36 (KHTML, like Gecko) Chrome/146.0.0.0 Safari/537.36",
      "resource_type": "InventoryTransaction",
      "resource_id": "29",
      "before_state": "",
      "after_state": "{\"id\": 29, \"product\": \"B\\u1ed9 Ch\\u00e9n Tr\\u00e0 G\\u1ed1m B\\u00e1t Tr\\u00e0ng [ID: 23]\", \"variation\": null, \"transaction_type\": \"T\\u1ea1m gi\\u1eef (\\u0110\\u1eb7t h\\u00e0ng) (RESERVE)\", \"quantity\": 1, \"is_physical\": true, \"reference_id\": \"CART_9 | Gi\\u1eef h\\u00e0ng khi th\\u00eam v\\u00e0o gi\\u1ecf\", \"timestamp\": \"2026-03-24 18:15:19.357982+00:00\", \"user\": \"phamquochuy [ID: 3]\"}",
      "status": "SUCCESS",
      "reason": "InventoryTransaction was created",
      "previous_hash": "ebf3367ccafe9ef2d312fbae6bec8f31669ca96043b57c3ec68ecb1ca6ee2132",
      "current_hash": "730956e9cfb5dc42c01d524e5fb856a9fba74bc19ac076e90db49c05dc135bc2"
    }
  },
  {
    "model": "MyApp.auditlog",
    "pk": "789d5511-8582-4296-aabf-c86a568e9df0",
    "fields": {
      "timestamp": "2026-03-24T15:41:01.905Z",
      "event_type": "AUTH_LOGIN_FAILED",
      "severity_level": "WARNING",
      "actor_id": null,
      "actor_role": "customer",
      "ip_address": "127.0.0.1",
      "user_agent": "Mozilla/5.0 (Windows NT 10.0; Win64; x64) AppleWebKit/537.36 (KHTML, like Gecko) Chrome/146.0.0.0 Safari/537.36",
      "resource_type": "Authentication",
      "resource_id": "quochuy",
      "before_state": "{\"username\": \"quochuy\"}",
      "after_state": "",
      "status": "FAILED",
      "reason": "Invalid credentials",
      "previous_hash": "d1a23f4c7cf3cb85377b134c32657f1431f3b4a2ad6728e5804f18e6f467c7c8",
      "current_hash": "38a6d60c9913a93d8ae99c01aad933c6b83029bed7abbcbd656edd7b116aa616"
    }
  },
  {
    "model": "MyApp.auditlog",
    "pk": "79705796-eaa4-4b1c-8be2-c3698f6d5515",
    "fields": {
      "timestamp": "2026-03-20T16:10:19.741Z",
      "event_type": "DATA_UPDATE",
      "severity_level": "WARNING",
      "actor_id": 3,
      "actor_role": "admin",
      "ip_address": "127.0.0.1",
      "user_agent": "Mozilla/5.0 (Windows NT 10.0; Win64; x64) AppleWebKit/537.36 (KHTML, like Gecko) Chrome/146.0.0.0 Safari/537.36",
      "resource_type": "Product",
      "resource_id": "16",
      "before_state": "{\"id\": 16, \"category\": 3, \"title\": \"Thi\\u1ebft Quan \\u00c2m\", \"slug\": \"thiet-quan-am\", \"excerpt\": \"Thi\\u1ebft Quan \\u00c2m truy\\u1ec1n th\\u1ed1ng, h\\u01b0\\u01a1ng hoa \\u0111\\u1eadm, v\\u1ecb thanh.\", \"image\": \"products/t\\u1ea3i_xu\\u1ed1ng_40.jpg\", \"description\": \"Thi\\u1ebft Quan \\u00c2m (Tieguanyin) l\\u00e0 d\\u00f2ng \\u00f4 long n\\u1ed5i ti\\u1ebfng nh\\u1ea5t Trung Qu\\u1ed1c, xu\\u1ea5t x\\u1ee9 An Kh\\u00ea, Ph\\u00fac Ki\\u1ebfn. L\\u00e1 tr\\u00e0 cu\\u1ed9n vi\\u00ean ch\\u1eb7t, khi h\\u00e3m n\\u1edf ra l\\u00e1 nguy\\u00ean v\\u1eb9n. H\\u01b0\\u01a1ng hoa lan \\u0111\\u1eadm \\u0111\\u00e0, v\\u1ecb ng\\u1ecdt pha ch\\u00fat kem, n\\u01b0\\u1edbc xanh v\\u00e0ng s\\u00e1ng.\", \"ingredients\": \"Tr\\u00e0 \\u00f4 long Thi\\u1ebft Quan \\u00c2m, xu\\u1ea5t x\\u1ee9 Ph\\u00fac Ki\\u1ebfn, Trung Qu\\u1ed1c.\", \"brewing_guide\": \"D\\u00f9ng \\u1ea5m t\\u1eed sa ho\\u1eb7c gaiwan. N\\u01b0\\u1edbc 95\\u00b0C, 7g tr\\u00e0 cho 120ml. Tr\\u00e1ng tr\\u00e0 nhanh, h\\u00e3m l\\u1ea7n 1 kho\\u1ea3ng 15 gi\\u00e2y, t\\u0103ng d\\u1ea7n m\\u1ed7i l\\u1ea7n. H\\u00e3m \\u0111\\u01b0\\u1ee3c 7-10 l\\u1ea7n.\", \"price\": \"350000\", \"physical_stock\": 50, \"reserved_stock\": 0, \"views_count\": 3}",
      "after_state": "{\"id\": 16, \"category\": 3, \"title\": \"Thi\\u1ebft Quan \\u00c2m\", \"slug\": \"thiet-quan-am\", \"excerpt\": \"Thi\\u1ebft Quan \\u00c2m truy\\u1ec1n th\\u1ed1ng, h\\u01b0\\u01a1ng hoa \\u0111\\u1eadm, v\\u1ecb thanh.\", \"image\": \"products/t\\u1ea3i_xu\\u1ed1ng_40.jpg\", \"description\": \"Thi\\u1ebft Quan \\u00c2m (Tieguanyin) l\\u00e0 d\\u00f2ng \\u00f4 long n\\u1ed5i ti\\u1ebfng nh\\u1ea5t Trung Qu\\u1ed1c, xu\\u1ea5t x\\u1ee9 An Kh\\u00ea, Ph\\u00fac Ki\\u1ebfn. L\\u00e1 tr\\u00e0 cu\\u1ed9n vi\\u00ean ch\\u1eb7t, khi h\\u00e3m n\\u1edf ra l\\u00e1 nguy\\u00ean v\\u1eb9n. H\\u01b0\\u01a1ng hoa lan \\u0111\\u1eadm \\u0111\\u00e0, v\\u1ecb ng\\u1ecdt pha ch\\u00fat kem, n\\u01b0\\u1edbc xanh v\\u00e0ng s\\u00e1ng.\", \"ingredients\": \"Tr\\u00e0 \\u00f4 long Thi\\u1ebft Quan \\u00c2m, xu\\u1ea5t x\\u1ee9 Ph\\u00fac Ki\\u1ebfn, Trung Qu\\u1ed1c.\", \"brewing_guide\": \"D\\u00f9ng \\u1ea5m t\\u1eed sa ho\\u1eb7c gaiwan. N\\u01b0\\u1edbc 95\\u00b0C, 7g tr\\u00e0 cho 120ml. Tr\\u00e1ng tr\\u00e0 nhanh, h\\u00e3m l\\u1ea7n 1 kho\\u1ea3ng 15 gi\\u00e2y, t\\u0103ng d\\u1ea7n m\\u1ed7i l\\u1ea7n. H\\u00e3m \\u0111\\u01b0\\u1ee3c 7-10 l\\u1ea7n.\", \"price\": \"350000\", \"physical_stock\": \"F(physical_stock) + Value(50)\", \"reserved_stock\": 0, \"views_count\": 3}",
      "status": "SUCCESS",
      "reason": "Product was updated",
      "previous_hash": "c626f2ab77a5d12bdffcb2b2ccbb609f1200f322141965c311c7560bcd4a61c3",
      "current_hash": "b8505833d55463b60899d48172076b8d503e4257c5f6885d98103a63df7b0874"
    }
  },
  {
    "model": "MyApp.auditlog",
    "pk": "79ee22a6-da7b-43b3-b916-5cc8454d80a1",
    "fields": {
      "timestamp": "2026-03-24T23:25:29.273Z",
      "event_type": "DATA_CREATE",
      "severity_level": "INFO",
      "actor_id": 3,
      "actor_role": "admin",
      "ip_address": "127.0.0.1",
      "user_agent": "Mozilla/5.0 (Windows NT 10.0; Win64; x64) AppleWebKit/537.36 (KHTML, like Gecko) Chrome/146.0.0.0 Safari/537.36",
      "resource_type": "InventoryTransaction",
      "resource_id": "32",
      "before_state": "",
      "after_state": "{\"id\": 32, \"product\": \"Chasen - Ch\\u1ed5i Tre \\u0110\\u00e1nh Matcha [ID: 24]\", \"variation\": null, \"transaction_type\": \"Gi\\u1ea3i ph\\u00f3ng (H\\u1ee7y \\u0111\\u01a1n) (RELEASE)\", \"quantity\": 1, \"is_physical\": true, \"reference_id\": \"CART_9 | Gi\\u1ea3i ph\\u00f3ng 1 khi x\\u00f3a\", \"timestamp\": \"2026-03-24 23:25:29.272312+00:00\", \"user\": \"phamquochuy [ID: 3]\"}",
      "status": "SUCCESS",
      "reason": "InventoryTransaction was created",
      "previous_hash": "ef408adb758a7880d6535d8f7a89705f3d0b88bf4482749fad9fc14b407d5399",
      "current_hash": "44a71a123bbd98f10ffb645cdbf1f1c379d15bceee1e195358584911b3a2c523"
    }
  },
  {
    "model": "MyApp.auditlog",
    "pk": "7a567a6e-9f65-406e-96a4-c0d77488382f",
    "fields": {
      "timestamp": "2026-03-25T00:27:40.035Z",
      "event_type": "DATA_UPDATE",
      "severity_level": "WARNING",
      "actor_id": 3,
      "actor_role": "admin",
      "ip_address": "127.0.0.1",
      "user_agent": "Mozilla/5.0 (Windows NT 10.0; Win64; x64) AppleWebKit/537.36 (KHTML, like Gecko) Chrome/146.0.0.0 Safari/537.36",
      "resource_type": "Order",
      "resource_id": "52",
      "before_state": "{\"id\": 52, \"user\": \"phamquochuy [ID: 3]\", \"order_number\": \"ORD-20260325-E2ED4F\", \"total_amount\": \"280000\", \"status\": \"\\u0110\\u00e3 x\\u00e1c nh\\u1eadn (\\u0110\\u00e3 gi\\u1eef h\\u00e0ng) (confirmed)\", \"coupon\": null, \"discount_amount\": \"0\", \"created_at\": \"2026-03-25 00:26:25.495534+00:00\", \"updated_at\": \"2026-03-25 00:26:25.506095+00:00\", \"note\": \"\", \"pdf_generated\": false}",
      "after_state": "{\"id\": 52, \"user\": \"phamquochuy [ID: 3]\", \"order_number\": \"ORD-20260325-E2ED4F\", \"total_amount\": \"280000\", \"status\": \"\\u0110ang \\u0111\\u00f3ng g\\u00f3i (processing)\", \"coupon\": null, \"discount_amount\": \"0\", \"created_at\": \"2026-03-25 00:26:25.495534+00:00\", \"updated_at\": \"2026-03-25 00:27:40.027606+00:00\", \"note\": \"\", \"pdf_generated\": false}",
      "status": "SUCCESS",
      "reason": "Order was updated",
      "previous_hash": "3a57fae559a86a21b950ce17ab5d3e7314f5982471238f90c1e70502611ef3d0",
      "current_hash": "0719cc1cf0b9baf2cb0a6f363141d7dbf2eeff491ee31fc3f5738a2e53abff8a"
    }
  },
  {
    "model": "MyApp.auditlog",
    "pk": "7eeec40b-8096-41a4-bd92-a86cff53a9ec",
    "fields": {
      "timestamp": "2026-03-21T01:54:34.867Z",
      "event_type": "DATA_UPDATE",
      "severity_level": "WARNING",
      "actor_id": 3,
      "actor_role": "admin",
      "ip_address": "127.0.0.1",
      "user_agent": "Mozilla/5.0 (Windows NT 10.0; Win64; x64) AppleWebKit/537.36 (KHTML, like Gecko) Chrome/146.0.0.0 Safari/537.36",
      "resource_type": "Product",
      "resource_id": "23",
      "before_state": "{\"id\": 23, \"category\": \"Ph\\u1ee5 Ki\\u1ec7n Pha Tr\\u00e0 [ID: 5]\", \"title\": \"B\\u1ed9 Ch\\u00e9n Tr\\u00e0 G\\u1ed1m B\\u00e1t Tr\\u00e0ng\", \"slug\": \"bo-chen-tra-gom-bat-trang\", \"excerpt\": \"B\\u1ed9 6 ch\\u00e9n tr\\u00e0 g\\u1ed1m B\\u00e1t Tr\\u00e0ng men lam c\\u1ed5 \\u0111i\\u1ec3n.\", \"image\": \"products/_\\ud835\\uddd4\\ud835\\uddfb\\ud835\\uddf0\\ud835\\uddf6\\ud835\\uddf2\\ud835\\uddfb\\ud835\\ude01_\\ud835\\uddd4\\ud835\\ude00\\ud835\\uddf6\\ud835\\uddee\\ud835\\uddfb_\\ud835\\udde7\\ud835\\uddf2\\ud835\\uddee_\\ud835\\udde7\\ud835\\uddff\\ud835\\uddee\\ud835\\uddf1\\ud835\\uddf6\\ud835\\ude01\\ud835\\uddf6\\ud835\\uddfc\\ud835\\uddfb\\ud835\\ude00.jpg\", \"description\": \"B\\u1ed9 6 ch\\u00e9n tr\\u00e0 g\\u1ed1m B\\u00e1t Tr\\u00e0ng v\\u1edbi men lam c\\u1ed5 \\u0111i\\u1ec3n, hoa v\\u0103n truy\\u1ec1n th\\u1ed1ng Vi\\u1ec7t Nam. Dung t\\u00edch m\\u1ed7i ch\\u00e9n 50ml, k\\u00edch th\\u01b0\\u1edbc v\\u1eeba tay. G\\u1ed1m gi\\u1eef nhi\\u1ec7t t\\u1ed1t, an to\\u00e0n th\\u1ef1c ph\\u1ea9m, ph\\u00f9 h\\u1ee3p th\\u01b0\\u1edfng tr\\u00e0 ki\\u1ec3u Vi\\u1ec7t.\", \"ingredients\": \"G\\u1ed1m B\\u00e1t Tr\\u00e0ng men lam, nung \\u1edf nhi\\u1ec7t \\u0111\\u1ed9 cao, an to\\u00e0n th\\u1ef1c ph\\u1ea9m.\", \"brewing_guide\": \"Tr\\u00e1ng ch\\u00e9n b\\u1eb1ng n\\u01b0\\u1edbc n\\u00f3ng tr\\u01b0\\u1edbc khi r\\u00f3t tr\\u00e0. R\\u1eeda s\\u1ea1ch sau khi d\\u00f9ng, tr\\u00e1nh thay \\u0111\\u1ed5i nhi\\u1ec7t \\u0111\\u1ed9 \\u0111\\u1ed9t ng\\u1ed9t.\", \"price\": \"280000\", \"physical_stock\": 39, \"reserved_stock\": 0, \"views_count\": 47, \"created_at\": \"2026-03-11 15:29:35.472752+00:00\"}",
      "after_state": "{\"id\": 23, \"category\": \"Ph\\u1ee5 Ki\\u1ec7n Pha Tr\\u00e0 [ID: 5]\", \"title\": \"B\\u1ed9 Ch\\u00e9n Tr\\u00e0 G\\u1ed1m B\\u00e1t Tr\\u00e0ng\", \"slug\": \"bo-chen-tra-gom-bat-trang\", \"excerpt\": \"B\\u1ed9 6 ch\\u00e9n tr\\u00e0 g\\u1ed1m B\\u00e1t Tr\\u00e0ng men lam c\\u1ed5 \\u0111i\\u1ec3n.\", \"image\": \"products/_\\ud835\\uddd4\\ud835\\uddfb\\ud835\\uddf0\\ud835\\uddf6\\ud835\\uddf2\\ud835\\uddfb\\ud835\\ude01_\\ud835\\uddd4\\ud835\\ude00\\ud835\\uddf6\\ud835\\uddee\\ud835\\uddfb_\\ud835\\udde7\\ud835\\uddf2\\ud835\\uddee_\\ud835\\udde7\\ud835\\uddff\\ud835\\uddee\\ud835\\uddf1\\ud835\\uddf6\\ud835\\ude01\\ud835\\uddf6\\ud835\\uddfc\\ud835\\uddfb\\ud835\\ude00.jpg\", \"description\": \"B\\u1ed9 6 ch\\u00e9n tr\\u00e0 g\\u1ed1m B\\u00e1t Tr\\u00e0ng v\\u1edbi men lam c\\u1ed5 \\u0111i\\u1ec3n, hoa v\\u0103n truy\\u1ec1n th\\u1ed1ng Vi\\u1ec7t Nam. Dung t\\u00edch m\\u1ed7i ch\\u00e9n 50ml, k\\u00edch th\\u01b0\\u1edbc v\\u1eeba tay. G\\u1ed1m gi\\u1eef nhi\\u1ec7t t\\u1ed1t, an to\\u00e0n th\\u1ef1c ph\\u1ea9m, ph\\u00f9 h\\u1ee3p th\\u01b0\\u1edfng tr\\u00e0 ki\\u1ec3u Vi\\u1ec7t.\", \"ingredients\": \"G\\u1ed1m B\\u00e1t Tr\\u00e0ng men lam, nung \\u1edf nhi\\u1ec7t \\u0111\\u1ed9 cao, an to\\u00e0n th\\u1ef1c ph\\u1ea9m.\", \"brewing_guide\": \"Tr\\u00e1ng ch\\u00e9n b\\u1eb1ng n\\u01b0\\u1edbc n\\u00f3ng tr\\u01b0\\u1edbc khi r\\u00f3t tr\\u00e0. R\\u1eeda s\\u1ea1ch sau khi d\\u00f9ng, tr\\u00e1nh thay \\u0111\\u1ed5i nhi\\u1ec7t \\u0111\\u1ed9 \\u0111\\u1ed9t ng\\u1ed9t.\", \"price\": \"280000\", \"physical_stock\": 39, \"reserved_stock\": 0, \"views_count\": \"F(views_count) + Value(1)\", \"created_at\": \"2026-03-11 15:29:35.472752+00:00\"}",
      "status": "SUCCESS",
      "reason": "Product was updated",
      "previous_hash": "78ba21777b668f132f94889572afa8d79b30ef1dea9d7819af01f9450030f23e",
      "current_hash": "fea71dd5a800005469249d35fb3af4356c2b6d7016c2ba495f80af81f9c42ad6"
    }
  },
  {
    "model": "MyApp.auditlog",
    "pk": "82152b38-c762-4cb2-ac5d-dac9eddfcfd4",
    "fields": {
      "timestamp": "2026-03-24T18:14:28.440Z",
      "event_type": "AUTH_LOGIN",
      "severity_level": "INFO",
      "actor_id": 10,
      "actor_role": "customer",
      "ip_address": "127.0.0.1",
      "user_agent": "Mozilla/5.0 (Windows NT 10.0; Win64; x64) AppleWebKit/537.36 (KHTML, like Gecko) Chrome/146.0.0.0 Safari/537.36",
      "resource_type": "User",
      "resource_id": "10",
      "before_state": "",
      "after_state": "",
      "status": "SUCCESS",
      "reason": "User logged in successfully",
      "previous_hash": "03bd63f65658c928340041b6aecd6110ae1046691d5dd63614294301fd0204bb",
      "current_hash": "419be602a67f61d43cbfeba60cf98f31e5174a0029e09247ddf479d51bfd29cc"
    }
  },
  {
    "model": "MyApp.auditlog",
    "pk": "833c1a4c-05ad-4eeb-80a5-07f17a5a914a",
    "fields": {
      "timestamp": "2026-03-25T00:27:37.868Z",
      "event_type": "DATA_UPDATE",
      "severity_level": "WARNING",
      "actor_id": 3,
      "actor_role": "admin",
      "ip_address": "127.0.0.1",
      "user_agent": "Mozilla/5.0 (Windows NT 10.0; Win64; x64) AppleWebKit/537.36 (KHTML, like Gecko) Chrome/146.0.0.0 Safari/537.36",
      "resource_type": "Invoice",
      "resource_id": "10",
      "before_state": "{\"id\": 10, \"order\": \"Order ORD-20260325-E2ED4F [ID: 52]\", \"invoice_number\": \"INV-20260325-73A398\", \"pdf_file\": \"\", \"issue_date\": \"2026-03-25\", \"due_date\": null, \"status\": \"\\u0110\\u00e3 ph\\u00e1t h\\u00e0nh (issued)\", \"total_amount\": \"280000\", \"tax_amount\": \"0\", \"customer_name\": \"Ph\\u1ea1m Qu\\u1ed1c Huy\", \"customer_address\": \"1231243123, X\\u00e3 T\\u1ea3 L\\u00e8ng, Huy\\u1ec7n Tam \\u0110\\u01b0\\u1eddng, T\\u1ec9nh Lai Ch\\u00e2u\", \"customer_tax_code\": \"\", \"generated_at\": \"2026-03-25 00:26:25.510246+00:00\", \"sent_at\": null}",
      "after_state": "{\"id\": 10, \"order\": \"Order ORD-20260325-E2ED4F [ID: 52]\", \"invoice_number\": \"INV-20260325-73A398\", \"pdf_file\": \"\", \"issue_date\": \"2026-03-25\", \"due_date\": null, \"status\": \"\\u0110\\u00e3 thanh to\\u00e1n (paid)\", \"total_amount\": \"280000\", \"tax_amount\": \"0\", \"customer_name\": \"Ph\\u1ea1m Qu\\u1ed1c Huy\", \"customer_address\": \"1231243123, X\\u00e3 T\\u1ea3 L\\u00e8ng, Huy\\u1ec7n Tam \\u0110\\u01b0\\u1eddng, T\\u1ec9nh Lai Ch\\u00e2u\", \"customer_tax_code\": \"\", \"generated_at\": \"2026-03-25 00:26:25.510246+00:00\", \"sent_at\": null}",
      "status": "SUCCESS",
      "reason": "Invoice was updated",
      "previous_hash": "95e6a3ed4862a7e26d0578b05fc524a2e3c3c4db5b26df6875b4d2d0e2c68013",
      "current_hash": "3a57fae559a86a21b950ce17ab5d3e7314f5982471238f90c1e70502611ef3d0"
    }
  },
  {
    "model": "MyApp.auditlog",
    "pk": "86a67020-1c52-4014-a24f-f1f130beb688",
    "fields": {
      "timestamp": "2026-03-21T02:50:05.068Z",
      "event_type": "DATA_UPDATE",
      "severity_level": "WARNING",
      "actor_id": 3,
      "actor_role": "admin",
      "ip_address": "127.0.0.1",
      "user_agent": "Mozilla/5.0 (Windows NT 10.0; Win64; x64) AppleWebKit/537.36 (KHTML, like Gecko) Chrome/146.0.0.0 Safari/537.36",
      "resource_type": "Product",
      "resource_id": "22",
      "before_state": "{\"id\": 22, \"category\": \"Ph\\u1ee5 Ki\\u1ec7n Pha Tr\\u00e0 [ID: 5]\", \"title\": \"\\u1ea4m T\\u1eed Sa Nghi H\\u01b0ng\", \"slug\": \"am-tu-sa-nghi-hung\", \"excerpt\": \"\\u1ea4m t\\u1eed sa ch\\u00ednh hi\\u1ec7u Nghi H\\u01b0ng, dung t\\u00edch 200ml.\", \"image\": \"products/t\\u1ea3i_xu\\u1ed1ng_44.jpg\", \"description\": \"\\u1ea4m t\\u1eed sa l\\u00e0m t\\u1eeb \\u0111\\u1ea5t s\\u00e9t Nghi H\\u01b0ng (Yixing) ch\\u00ednh hi\\u1ec7u, dung t\\u00edch 200ml. \\u0110\\u1ea5t t\\u1eed sa c\\u00f3 c\\u1ea5u tr\\u00fac vi l\\u1ed7 gi\\u00fap \\\"h\\u00edt th\\u1edf\\\", gi\\u1eef nhi\\u1ec7t t\\u1ed1t v\\u00e0 t\\u0103ng h\\u01b0\\u01a1ng v\\u1ecb tr\\u00e0 theo th\\u1eddi gian s\\u1eed d\\u1ee5ng. M\\u1ed7i \\u1ea5m ch\\u1ec9 n\\u00ean d\\u00f9ng cho m\\u1ed9t lo\\u1ea1i tr\\u00e0.\", \"ingredients\": \"\\u0110\\u1ea5t s\\u00e9t t\\u1eed sa Nghi H\\u01b0ng t\\u1ef1 nhi\\u00ean, nung th\\u1ee7 c\\u00f4ng \\u1edf 1100-1200\\u00b0C.\", \"brewing_guide\": \"Tr\\u01b0\\u1edbc khi d\\u00f9ng l\\u1ea7n \\u0111\\u1ea7u: r\\u1eeda s\\u1ea1ch, \\u0111un s\\u00f4i \\u1ea5m trong n\\u01b0\\u1edbc tr\\u00e0 lo\\u00e3ng 30 ph\\u00fat. Sau m\\u1ed7i l\\u1ea7n d\\u00f9ng, r\\u1eeda b\\u1eb1ng n\\u01b0\\u1edbc n\\u00f3ng, kh\\u00f4ng d\\u00f9ng x\\u00e0 ph\\u00f2ng.\", \"price\": \"850000\", \"physical_stock\": 50, \"reserved_stock\": 0, \"views_count\": 9, \"created_at\": \"2026-03-11 15:29:35.454484+00:00\"}",
      "after_state": "{\"id\": 22, \"category\": \"Ph\\u1ee5 Ki\\u1ec7n Pha Tr\\u00e0 [ID: 5]\", \"title\": \"\\u1ea4m T\\u1eed Sa Nghi H\\u01b0ng\", \"slug\": \"am-tu-sa-nghi-hung\", \"excerpt\": \"\\u1ea4m t\\u1eed sa ch\\u00ednh hi\\u1ec7u Nghi H\\u01b0ng, dung t\\u00edch 200ml.\", \"image\": \"products/t\\u1ea3i_xu\\u1ed1ng_44.jpg\", \"description\": \"\\u1ea4m t\\u1eed sa l\\u00e0m t\\u1eeb \\u0111\\u1ea5t s\\u00e9t Nghi H\\u01b0ng (Yixing) ch\\u00ednh hi\\u1ec7u, dung t\\u00edch 200ml. \\u0110\\u1ea5t t\\u1eed sa c\\u00f3 c\\u1ea5u tr\\u00fac vi l\\u1ed7 gi\\u00fap \\\"h\\u00edt th\\u1edf\\\", gi\\u1eef nhi\\u1ec7t t\\u1ed1t v\\u00e0 t\\u0103ng h\\u01b0\\u01a1ng v\\u1ecb tr\\u00e0 theo th\\u1eddi gian s\\u1eed d\\u1ee5ng. M\\u1ed7i \\u1ea5m ch\\u1ec9 n\\u00ean d\\u00f9ng cho m\\u1ed9t lo\\u1ea1i tr\\u00e0.\", \"ingredients\": \"\\u0110\\u1ea5t s\\u00e9t t\\u1eed sa Nghi H\\u01b0ng t\\u1ef1 nhi\\u00ean, nung th\\u1ee7 c\\u00f4ng \\u1edf 1100-1200\\u00b0C.\", \"brewing_guide\": \"Tr\\u01b0\\u1edbc khi d\\u00f9ng l\\u1ea7n \\u0111\\u1ea7u: r\\u1eeda s\\u1ea1ch, \\u0111un s\\u00f4i \\u1ea5m trong n\\u01b0\\u1edbc tr\\u00e0 lo\\u00e3ng 30 ph\\u00fat. Sau m\\u1ed7i l\\u1ea7n d\\u00f9ng, r\\u1eeda b\\u1eb1ng n\\u01b0\\u1edbc n\\u00f3ng, kh\\u00f4ng d\\u00f9ng x\\u00e0 ph\\u00f2ng.\", \"price\": \"850000\", \"physical_stock\": 50, \"reserved_stock\": 0, \"views_count\": \"F(views_count) + Value(1)\", \"created_at\": \"2026-03-11 15:29:35.454484+00:00\"}",
      "status": "SUCCESS",
      "reason": "Product was updated",
      "previous_hash": "548eef80da39830766c6e0b25e8b9d1388342f8fc4a2d3758109ee641a3ba90c",
      "current_hash": "4dd40e8dc4979ca4b81936a6dd52071bf6cb2cb920c5bcc00a772ac1fefd2d3d"
    }
  },
  {
    "model": "MyApp.auditlog",
    "pk": "887e5ba2-603a-4fc2-9546-25e59611b5d8",
    "fields": {
      "timestamp": "2026-03-25T00:27:43.081Z",
      "event_type": "DATA_UPDATE",
      "severity_level": "WARNING",
      "actor_id": 3,
      "actor_role": "admin",
      "ip_address": "127.0.0.1",
      "user_agent": "Mozilla/5.0 (Windows NT 10.0; Win64; x64) AppleWebKit/537.36 (KHTML, like Gecko) Chrome/146.0.0.0 Safari/537.36",
      "resource_type": "Order",
      "resource_id": "52",
      "before_state": "{\"id\": 52, \"user\": \"phamquochuy [ID: 3]\", \"order_number\": \"ORD-20260325-E2ED4F\", \"total_amount\": \"280000\", \"status\": \"\\u0110ang \\u0111\\u00f3ng g\\u00f3i (processing)\", \"coupon\": null, \"discount_amount\": \"0\", \"created_at\": \"2026-03-25 00:26:25.495534+00:00\", \"updated_at\": \"2026-03-25 00:27:40.027606+00:00\", \"note\": \"\", \"pdf_generated\": false}",
      "after_state": "{\"id\": 52, \"user\": \"phamquochuy [ID: 3]\", \"order_number\": \"ORD-20260325-E2ED4F\", \"total_amount\": \"280000\", \"status\": \"\\u0110ang giao (shipping)\", \"coupon\": null, \"discount_amount\": \"0\", \"created_at\": \"2026-03-25 00:26:25.495534+00:00\", \"updated_at\": \"2026-03-25 00:27:43.077401+00:00\", \"note\": \"\", \"pdf_generated\": false}",
      "status": "SUCCESS",
      "reason": "Order was updated",
      "previous_hash": "b22e29cf46316424e35f92aab0a5c18e6b4bbfa7656e1f3f4492aa44700d3d79",
      "current_hash": "b39189e73d7415b0e354a23fa609a47abebbe43ca6e35169ec105a17e3a4f075"
    }
  },
  {
    "model": "MyApp.auditlog",
    "pk": "88a84dd1-08ef-49e7-b626-24414f3abf29",
    "fields": {
      "timestamp": "2026-03-21T03:47:05.849Z",
      "event_type": "DATA_UPDATE",
      "severity_level": "WARNING",
      "actor_id": 3,
      "actor_role": "admin",
      "ip_address": "127.0.0.1",
      "user_agent": "Mozilla/5.0 (Windows NT 10.0; Win64; x64) AppleWebKit/537.36 (KHTML, like Gecko) Chrome/146.0.0.0 Safari/537.36",
      "resource_type": "Product",
      "resource_id": "15",
      "before_state": "{\"id\": 15, \"category\": \"\\u00d4 Long [ID: 3]\", \"title\": \"Tr\\u00e0 \\u00d4 Long \\u0110\\u00e0 L\\u1ea1t\", \"slug\": \"tra-o-long-da-lat\", \"excerpt\": \"\\u00d4 long \\u0110\\u00e0 L\\u1ea1t thanh nh\\u1eb9, h\\u01b0\\u01a1ng hoa lan tho\\u1ea3ng.\", \"image\": \"products/t\\u1ea3i_xu\\u1ed1ng_39.jpg\", \"description\": \"\\u00d4 long tr\\u1ed3ng t\\u1ea1i C\\u1ea7u \\u0110\\u1ea5t, \\u0110\\u00e0 L\\u1ea1t \\u1edf \\u0111\\u1ed9 cao 1.500m. Kh\\u00ed h\\u1eadu m\\u00e1t l\\u1ea1nh quanh n\\u0103m t\\u1ea1o n\\u00ean h\\u01b0\\u01a1ng v\\u1ecb tinh t\\u1ebf ri\\u00eang bi\\u1ec7t. Tr\\u00e0 b\\u00e1n l\\u00ean men (30-40%), n\\u01b0\\u1edbc pha v\\u00e0ng nh\\u1ea1t, h\\u01b0\\u01a1ng hoa lan v\\u00e0 b\\u01a1 thoang tho\\u1ea3ng, v\\u1ecb ng\\u1ecdt t\\u1ef1 nhi\\u00ean n\\u01a1i cu\\u1ed1ng h\\u1ecdng.\", \"ingredients\": \"Tr\\u00e0 \\u00f4 long C\\u1ea7u \\u0110\\u1ea5t, \\u0110\\u00e0 L\\u1ea1t, ch\\u1ebf bi\\u1ebfn b\\u00e1n l\\u00ean men.\", \"brewing_guide\": \"N\\u01b0\\u1edbc 90-95\\u00b0C, 5g tr\\u00e0 cho \\u1ea5m 150ml. Tr\\u00e1ng tr\\u00e0 l\\u1ea7n \\u0111\\u1ea7u, b\\u1ecf n\\u01b0\\u1edbc. H\\u00e3m t\\u1eeb l\\u1ea7n 2, m\\u1ed7i l\\u1ea7n 30-45 gi\\u00e2y. C\\u00f3 th\\u1ec3 h\\u00e3m 5-7 l\\u1ea7n.\", \"price\": \"220000\", \"physical_stock\": 85, \"reserved_stock\": 0, \"views_count\": 1, \"created_at\": \"2026-03-11 15:29:35.348057+00:00\"}",
      "after_state": "{\"id\": 15, \"category\": \"\\u00d4 Long [ID: 3]\", \"title\": \"Tr\\u00e0 \\u00d4 Long \\u0110\\u00e0 L\\u1ea1t\", \"slug\": \"tra-o-long-da-lat\", \"excerpt\": \"\\u00d4 long \\u0110\\u00e0 L\\u1ea1t thanh nh\\u1eb9, h\\u01b0\\u01a1ng hoa lan tho\\u1ea3ng.\", \"image\": \"products/t\\u1ea3i_xu\\u1ed1ng_39.jpg\", \"description\": \"\\u00d4 long tr\\u1ed3ng t\\u1ea1i C\\u1ea7u \\u0110\\u1ea5t, \\u0110\\u00e0 L\\u1ea1t \\u1edf \\u0111\\u1ed9 cao 1.500m. Kh\\u00ed h\\u1eadu m\\u00e1t l\\u1ea1nh quanh n\\u0103m t\\u1ea1o n\\u00ean h\\u01b0\\u01a1ng v\\u1ecb tinh t\\u1ebf ri\\u00eang bi\\u1ec7t. Tr\\u00e0 b\\u00e1n l\\u00ean men (30-40%), n\\u01b0\\u1edbc pha v\\u00e0ng nh\\u1ea1t, h\\u01b0\\u01a1ng hoa lan v\\u00e0 b\\u01a1 thoang tho\\u1ea3ng, v\\u1ecb ng\\u1ecdt t\\u1ef1 nhi\\u00ean n\\u01a1i cu\\u1ed1ng h\\u1ecdng.\", \"ingredients\": \"Tr\\u00e0 \\u00f4 long C\\u1ea7u \\u0110\\u1ea5t, \\u0110\\u00e0 L\\u1ea1t, ch\\u1ebf bi\\u1ebfn b\\u00e1n l\\u00ean men.\", \"brewing_guide\": \"N\\u01b0\\u1edbc 90-95\\u00b0C, 5g tr\\u00e0 cho \\u1ea5m 150ml. Tr\\u00e1ng tr\\u00e0 l\\u1ea7n \\u0111\\u1ea7u, b\\u1ecf n\\u01b0\\u1edbc. H\\u00e3m t\\u1eeb l\\u1ea7n 2, m\\u1ed7i l\\u1ea7n 30-45 gi\\u00e2y. C\\u00f3 th\\u1ec3 h\\u00e3m 5-7 l\\u1ea7n.\", \"price\": \"220000\", \"physical_stock\": 85, \"reserved_stock\": 0, \"views_count\": \"F(views_count) + Value(1)\", \"created_at\": \"2026-03-11 15:29:35.348057+00:00\"}",
      "status": "SUCCESS",
      "reason": "Product was updated",
      "previous_hash": "f1a215c6c3c7fbc89b0c7b59f825b252c2b8754960dc5c63e97375488de9f18b",
      "current_hash": "70a22be107cfde851651b67ccd1a2119f700de3186f82e5f1d1157b9e8c4458c"
    }
  },
  {
    "model": "MyApp.auditlog",
    "pk": "899253e6-4912-4250-94c4-e56e8cb7329d",
    "fields": {
      "timestamp": "2026-03-24T18:15:47.606Z",
      "event_type": "DATA_UPDATE",
      "severity_level": "WARNING",
      "actor_id": 3,
      "actor_role": "admin",
      "ip_address": "127.0.0.1",
      "user_agent": "Mozilla/5.0 (Windows NT 10.0; Win64; x64) AppleWebKit/537.36 (KHTML, like Gecko) Chrome/146.0.0.0 Safari/537.36",
      "resource_type": "Invoice",
      "resource_id": "9",
      "before_state": "{\"id\": 9, \"order\": \"Order ORD-20260324-51695E [ID: 51]\", \"invoice_number\": \"INV-20260324-721D9A\", \"pdf_file\": \"\", \"issue_date\": \"2026-03-24\", \"due_date\": null, \"status\": \"\\u0110\\u00e3 ph\\u00e1t h\\u00e0nh (issued)\", \"total_amount\": \"280000\", \"tax_amount\": \"0\", \"customer_name\": \"Ph\\u1ea1m Qu\\u1ed1c Huy\", \"customer_address\": \"1231243123, X\\u00e3 T\\u1ea3 L\\u00e8ng, Huy\\u1ec7n Tam \\u0110\\u01b0\\u1eddng, T\\u1ec9nh Lai Ch\\u00e2u\", \"customer_tax_code\": \"\", \"generated_at\": \"2026-03-24 18:15:47.600169+00:00\", \"sent_at\": null}",
      "after_state": "{\"id\": 9, \"order\": \"Order ORD-20260324-51695E [ID: 51]\", \"invoice_number\": \"INV-20260324-721D9A\", \"pdf_file\": \"\", \"issue_date\": \"2026-03-24\", \"due_date\": null, \"status\": \"\\u0110\\u00e3 ph\\u00e1t h\\u00e0nh (issued)\", \"total_amount\": \"280000\", \"tax_amount\": 0, \"customer_name\": \"Ph\\u1ea1m Qu\\u1ed1c Huy\", \"customer_address\": \"1231243123, X\\u00e3 T\\u1ea3 L\\u00e8ng, Huy\\u1ec7n Tam \\u0110\\u01b0\\u1eddng, T\\u1ec9nh Lai Ch\\u00e2u\", \"customer_tax_code\": \"\", \"generated_at\": \"2026-03-24 18:15:47.600169+00:00\", \"sent_at\": null}",
      "status": "SUCCESS",
      "reason": "Invoice was updated",
      "previous_hash": "3e1d47596952d77a41db0d2c44db6e7c177c11a65e9e33a359f0d5311d599cf0",
      "current_hash": "ebe8b6bfa416054842db62bff5bd0fb10383e6921ce91423b247ae464413e2d7"
    }
  },
  {
    "model": "MyApp.auditlog",
    "pk": "9200e4f7-a4ea-4a4c-b279-1427aea30bb5",
    "fields": {
      "timestamp": "2026-03-25T00:26:25.507Z",
      "event_type": "DATA_UPDATE",
      "severity_level": "WARNING",
      "actor_id": 3,
      "actor_role": "admin",
      "ip_address": "127.0.0.1",
      "user_agent": "Mozilla/5.0 (Windows NT 10.0; Win64; x64) AppleWebKit/537.36 (KHTML, like Gecko) Chrome/146.0.0.0 Safari/537.36",
      "resource_type": "Order",
      "resource_id": "52",
      "before_state": "{\"id\": 52, \"user\": \"phamquochuy [ID: 3]\", \"order_number\": \"ORD-20260325-E2ED4F\", \"total_amount\": \"280000\", \"status\": \"Ch\\u1edd x\\u00e1c nh\\u1eadn (pending)\", \"coupon\": null, \"discount_amount\": \"0\", \"created_at\": \"2026-03-25 00:26:25.495534+00:00\", \"updated_at\": \"2026-03-25 00:26:25.495554+00:00\", \"note\": \"\", \"pdf_generated\": false}",
      "after_state": "{\"id\": 52, \"user\": \"phamquochuy [ID: 3]\", \"order_number\": \"ORD-20260325-E2ED4F\", \"total_amount\": \"280000\", \"status\": \"\\u0110\\u00e3 x\\u00e1c nh\\u1eadn (\\u0110\\u00e3 gi\\u1eef h\\u00e0ng) (confirmed)\", \"coupon\": null, \"discount_amount\": 0, \"created_at\": \"2026-03-25 00:26:25.495534+00:00\", \"updated_at\": \"2026-03-25 00:26:25.506095+00:00\", \"note\": \"\", \"pdf_generated\": false}",
      "status": "SUCCESS",
      "reason": "Order was updated",
      "previous_hash": "96a1efc4bfe08c03abaa05d5783ba94c1381a631fbbf1ad286ff1715473c48fe",
      "current_hash": "c6c1f9a35e3199b8f85d56b0887366675915ae5419f170164dfc8ac5b3f27f41"
    }
  },
  {
    "model": "MyApp.auditlog",
    "pk": "93ad9015-3862-4bca-8581-7b1e163d45f5",
    "fields": {
      "timestamp": "2026-03-25T00:26:11.655Z",
      "event_type": "DATA_UPDATE",
      "severity_level": "WARNING",
      "actor_id": 3,
      "actor_role": "admin",
      "ip_address": "127.0.0.1",
      "user_agent": "Mozilla/5.0 (Windows NT 10.0; Win64; x64) AppleWebKit/537.36 (KHTML, like Gecko) Chrome/146.0.0.0 Safari/537.36",
      "resource_type": "Product",
      "resource_id": "23",
      "before_state": "{\"id\": 23, \"category\": \"Ph\\u1ee5 Ki\\u1ec7n Pha Tr\\u00e0 [ID: 5]\", \"title\": \"B\\u1ed9 Ch\\u00e9n Tr\\u00e0 G\\u1ed1m B\\u00e1t Tr\\u00e0ng\", \"slug\": \"bo-chen-tra-gom-bat-trang\", \"excerpt\": \"B\\u1ed9 6 ch\\u00e9n tr\\u00e0 g\\u1ed1m B\\u00e1t Tr\\u00e0ng men lam c\\u1ed5 \\u0111i\\u1ec3n.\", \"image\": \"products/_\\ud835\\uddd4\\ud835\\uddfb\\ud835\\uddf0\\ud835\\uddf6\\ud835\\uddf2\\ud835\\uddfb\\ud835\\ude01_\\ud835\\uddd4\\ud835\\ude00\\ud835\\uddf6\\ud835\\uddee\\ud835\\uddfb_\\ud835\\udde7\\ud835\\uddf2\\ud835\\uddee_\\ud835\\udde7\\ud835\\uddff\\ud835\\uddee\\ud835\\uddf1\\ud835\\uddf6\\ud835\\ude01\\ud835\\uddf6\\ud835\\uddfc\\ud835\\uddfb\\ud835\\ude00.jpg\", \"description\": \"B\\u1ed9 6 ch\\u00e9n tr\\u00e0 g\\u1ed1m B\\u00e1t Tr\\u00e0ng v\\u1edbi men lam c\\u1ed5 \\u0111i\\u1ec3n, hoa v\\u0103n truy\\u1ec1n th\\u1ed1ng Vi\\u1ec7t Nam. Dung t\\u00edch m\\u1ed7i ch\\u00e9n 50ml, k\\u00edch th\\u01b0\\u1edbc v\\u1eeba tay. G\\u1ed1m gi\\u1eef nhi\\u1ec7t t\\u1ed1t, an to\\u00e0n th\\u1ef1c ph\\u1ea9m, ph\\u00f9 h\\u1ee3p th\\u01b0\\u1edfng tr\\u00e0 ki\\u1ec3u Vi\\u1ec7t.\", \"ingredients\": \"G\\u1ed1m B\\u00e1t Tr\\u00e0ng men lam, nung \\u1edf nhi\\u1ec7t \\u0111\\u1ed9 cao, an to\\u00e0n th\\u1ef1c ph\\u1ea9m.\", \"brewing_guide\": \"Tr\\u00e1ng ch\\u00e9n b\\u1eb1ng n\\u01b0\\u1edbc n\\u00f3ng tr\\u01b0\\u1edbc khi r\\u00f3t tr\\u00e0. R\\u1eeda s\\u1ea1ch sau khi d\\u00f9ng, tr\\u00e1nh thay \\u0111\\u1ed5i nhi\\u1ec7t \\u0111\\u1ed9 \\u0111\\u1ed9t ng\\u1ed9t.\", \"price\": \"280000\", \"physical_stock\": 39, \"reserved_stock\": 1, \"views_count\": 63, \"created_at\": \"2026-03-11 15:29:35.472752+00:00\"}",
      "after_state": "{\"id\": 23, \"category\": \"Ph\\u1ee5 Ki\\u1ec7n Pha Tr\\u00e0 [ID: 5]\", \"title\": \"B\\u1ed9 Ch\\u00e9n Tr\\u00e0 G\\u1ed1m B\\u00e1t Tr\\u00e0ng\", \"slug\": \"bo-chen-tra-gom-bat-trang\", \"excerpt\": \"B\\u1ed9 6 ch\\u00e9n tr\\u00e0 g\\u1ed1m B\\u00e1t Tr\\u00e0ng men lam c\\u1ed5 \\u0111i\\u1ec3n.\", \"image\": \"products/_\\ud835\\uddd4\\ud835\\uddfb\\ud835\\uddf0\\ud835\\uddf6\\ud835\\uddf2\\ud835\\uddfb\\ud835\\ude01_\\ud835\\uddd4\\ud835\\ude00\\ud835\\uddf6\\ud835\\uddee\\ud835\\uddfb_\\ud835\\udde7\\ud835\\uddf2\\ud835\\uddee_\\ud835\\udde7\\ud835\\uddff\\ud835\\uddee\\ud835\\uddf1\\ud835\\uddf6\\ud835\\ude01\\ud835\\uddf6\\ud835\\uddfc\\ud835\\uddfb\\ud835\\ude00.jpg\", \"description\": \"B\\u1ed9 6 ch\\u00e9n tr\\u00e0 g\\u1ed1m B\\u00e1t Tr\\u00e0ng v\\u1edbi men lam c\\u1ed5 \\u0111i\\u1ec3n, hoa v\\u0103n truy\\u1ec1n th\\u1ed1ng Vi\\u1ec7t Nam. Dung t\\u00edch m\\u1ed7i ch\\u00e9n 50ml, k\\u00edch th\\u01b0\\u1edbc v\\u1eeba tay. G\\u1ed1m gi\\u1eef nhi\\u1ec7t t\\u1ed1t, an to\\u00e0n th\\u1ef1c ph\\u1ea9m, ph\\u00f9 h\\u1ee3p th\\u01b0\\u1edfng tr\\u00e0 ki\\u1ec3u Vi\\u1ec7t.\", \"ingredients\": \"G\\u1ed1m B\\u00e1t Tr\\u00e0ng men lam, nung \\u1edf nhi\\u1ec7t \\u0111\\u1ed9 cao, an to\\u00e0n th\\u1ef1c ph\\u1ea9m.\", \"brewing_guide\": \"Tr\\u00e1ng ch\\u00e9n b\\u1eb1ng n\\u01b0\\u1edbc n\\u00f3ng tr\\u01b0\\u1edbc khi r\\u00f3t tr\\u00e0. R\\u1eeda s\\u1ea1ch sau khi d\\u00f9ng, tr\\u00e1nh thay \\u0111\\u1ed5i nhi\\u1ec7t \\u0111\\u1ed9 \\u0111\\u1ed9t ng\\u1ed9t.\", \"price\": \"280000\", \"physical_stock\": 39, \"reserved_stock\": \"F(reserved_stock) + Value(1)\", \"views_count\": 63, \"created_at\": \"2026-03-11 15:29:35.472752+00:00\"}",
      "status": "SUCCESS",
      "reason": "Product was updated",
      "previous_hash": "f7c81db7e2d243ac73e10637d23da99da8b0cedefbb37ad6cedadf2c9e41e9b0",
      "current_hash": "fefaf3f2e524295662fba5a2ab3dbfc450b4e8e05636f0d2056fbc2272e61598"
    }
  },
  {
    "model": "MyApp.auditlog",
    "pk": "9619fd2b-cc11-4d8a-9cc0-0dba4e1adaca",
    "fields": {
      "timestamp": "2026-03-21T04:20:37.969Z",
      "event_type": "DATA_UPDATE",
      "severity_level": "WARNING",
      "actor_id": 3,
      "actor_role": "admin",
      "ip_address": "127.0.0.1",
      "user_agent": "Mozilla/5.0 (Windows NT 10.0; Win64; x64) AppleWebKit/537.36 (KHTML, like Gecko) Chrome/146.0.0.0 Safari/537.36",
      "resource_type": "Product",
      "resource_id": "23",
      "before_state": "{\"id\": 23, \"category\": \"Ph\\u1ee5 Ki\\u1ec7n Pha Tr\\u00e0 [ID: 5]\", \"title\": \"B\\u1ed9 Ch\\u00e9n Tr\\u00e0 G\\u1ed1m B\\u00e1t Tr\\u00e0ng\", \"slug\": \"bo-chen-tra-gom-bat-trang\", \"excerpt\": \"B\\u1ed9 6 ch\\u00e9n tr\\u00e0 g\\u1ed1m B\\u00e1t Tr\\u00e0ng men lam c\\u1ed5 \\u0111i\\u1ec3n.\", \"image\": \"products/_\\ud835\\uddd4\\ud835\\uddfb\\ud835\\uddf0\\ud835\\uddf6\\ud835\\uddf2\\ud835\\uddfb\\ud835\\ude01_\\ud835\\uddd4\\ud835\\ude00\\ud835\\uddf6\\ud835\\uddee\\ud835\\uddfb_\\ud835\\udde7\\ud835\\uddf2\\ud835\\uddee_\\ud835\\udde7\\ud835\\uddff\\ud835\\uddee\\ud835\\uddf1\\ud835\\uddf6\\ud835\\ude01\\ud835\\uddf6\\ud835\\uddfc\\ud835\\uddfb\\ud835\\ude00.jpg\", \"description\": \"B\\u1ed9 6 ch\\u00e9n tr\\u00e0 g\\u1ed1m B\\u00e1t Tr\\u00e0ng v\\u1edbi men lam c\\u1ed5 \\u0111i\\u1ec3n, hoa v\\u0103n truy\\u1ec1n th\\u1ed1ng Vi\\u1ec7t Nam. Dung t\\u00edch m\\u1ed7i ch\\u00e9n 50ml, k\\u00edch th\\u01b0\\u1edbc v\\u1eeba tay. G\\u1ed1m gi\\u1eef nhi\\u1ec7t t\\u1ed1t, an to\\u00e0n th\\u1ef1c ph\\u1ea9m, ph\\u00f9 h\\u1ee3p th\\u01b0\\u1edfng tr\\u00e0 ki\\u1ec3u Vi\\u1ec7t.\", \"ingredients\": \"G\\u1ed1m B\\u00e1t Tr\\u00e0ng men lam, nung \\u1edf nhi\\u1ec7t \\u0111\\u1ed9 cao, an to\\u00e0n th\\u1ef1c ph\\u1ea9m.\", \"brewing_guide\": \"Tr\\u00e1ng ch\\u00e9n b\\u1eb1ng n\\u01b0\\u1edbc n\\u00f3ng tr\\u01b0\\u1edbc khi r\\u00f3t tr\\u00e0. R\\u1eeda s\\u1ea1ch sau khi d\\u00f9ng, tr\\u00e1nh thay \\u0111\\u1ed5i nhi\\u1ec7t \\u0111\\u1ed9 \\u0111\\u1ed9t ng\\u1ed9t.\", \"price\": \"280000\", \"physical_stock\": 39, \"reserved_stock\": 0, \"views_count\": 49, \"created_at\": \"2026-03-11 15:29:35.472752+00:00\"}",
      "after_state": "{\"id\": 23, \"category\": \"Ph\\u1ee5 Ki\\u1ec7n Pha Tr\\u00e0 [ID: 5]\", \"title\": \"B\\u1ed9 Ch\\u00e9n Tr\\u00e0 G\\u1ed1m B\\u00e1t Tr\\u00e0ng\", \"slug\": \"bo-chen-tra-gom-bat-trang\", \"excerpt\": \"B\\u1ed9 6 ch\\u00e9n tr\\u00e0 g\\u1ed1m B\\u00e1t Tr\\u00e0ng men lam c\\u1ed5 \\u0111i\\u1ec3n.\", \"image\": \"products/_\\ud835\\uddd4\\ud835\\uddfb\\ud835\\uddf0\\ud835\\uddf6\\ud835\\uddf2\\ud835\\uddfb\\ud835\\ude01_\\ud835\\uddd4\\ud835\\ude00\\ud835\\uddf6\\ud835\\uddee\\ud835\\uddfb_\\ud835\\udde7\\ud835\\uddf2\\ud835\\uddee_\\ud835\\udde7\\ud835\\uddff\\ud835\\uddee\\ud835\\uddf1\\ud835\\uddf6\\ud835\\ude01\\ud835\\uddf6\\ud835\\uddfc\\ud835\\uddfb\\ud835\\ude00.jpg\", \"description\": \"B\\u1ed9 6 ch\\u00e9n tr\\u00e0 g\\u1ed1m B\\u00e1t Tr\\u00e0ng v\\u1edbi men lam c\\u1ed5 \\u0111i\\u1ec3n, hoa v\\u0103n truy\\u1ec1n th\\u1ed1ng Vi\\u1ec7t Nam. Dung t\\u00edch m\\u1ed7i ch\\u00e9n 50ml, k\\u00edch th\\u01b0\\u1edbc v\\u1eeba tay. G\\u1ed1m gi\\u1eef nhi\\u1ec7t t\\u1ed1t, an to\\u00e0n th\\u1ef1c ph\\u1ea9m, ph\\u00f9 h\\u1ee3p th\\u01b0\\u1edfng tr\\u00e0 ki\\u1ec3u Vi\\u1ec7t.\", \"ingredients\": \"G\\u1ed1m B\\u00e1t Tr\\u00e0ng men lam, nung \\u1edf nhi\\u1ec7t \\u0111\\u1ed9 cao, an to\\u00e0n th\\u1ef1c ph\\u1ea9m.\", \"brewing_guide\": \"Tr\\u00e1ng ch\\u00e9n b\\u1eb1ng n\\u01b0\\u1edbc n\\u00f3ng tr\\u01b0\\u1edbc khi r\\u00f3t tr\\u00e0. R\\u1eeda s\\u1ea1ch sau khi d\\u00f9ng, tr\\u00e1nh thay \\u0111\\u1ed5i nhi\\u1ec7t \\u0111\\u1ed9 \\u0111\\u1ed9t ng\\u1ed9t.\", \"price\": \"280000\", \"physical_stock\": 39, \"reserved_stock\": 0, \"views_count\": \"F(views_count) + Value(1)\", \"created_at\": \"2026-03-11 15:29:35.472752+00:00\"}",
      "status": "SUCCESS",
      "reason": "Product was updated",
      "previous_hash": "024ef4e9ded24edb237e911c98e6abf255f545e42221384b36bde10c659ec0b2",
      "current_hash": "3f9aab79463d7d43c1306d9b38ec768164cddd89cda1adaa931e5eb9c88db727"
    }
  },
  {
    "model": "MyApp.auditlog",
    "pk": "9dc0da1b-4baf-4312-959f-2666d0082c58",
    "fields": {
      "timestamp": "2026-03-20T16:53:42.227Z",
      "event_type": "DATA_UPDATE",
      "severity_level": "WARNING",
      "actor_id": 3,
      "actor_role": "admin",
      "ip_address": "127.0.0.1",
      "user_agent": "Mozilla/5.0 (Windows NT 10.0; Win64; x64) AppleWebKit/537.36 (KHTML, like Gecko) Chrome/146.0.0.0 Safari/537.36",
      "resource_type": "Product",
      "resource_id": "24",
      "before_state": "{\"id\": 24, \"category\": \"Ph\\u1ee5 Ki\\u1ec7n Pha Tr\\u00e0 [ID: 5]\", \"title\": \"Chasen - Ch\\u1ed5i Tre \\u0110\\u00e1nh Matcha\", \"slug\": \"chasen-choi-tre-danh-matcha\", \"excerpt\": \"Ch\\u1ed5i tre 80 nan truy\\u1ec1n th\\u1ed1ng cho matcha m\\u1ecbn ho\\u00e0n h\\u1ea3o.\", \"image\": \"products/Presenting_the_Osulloc_Tea_House_at_Our_Seoul_Arts_Complex___Pace_Gallery.jpg\", \"description\": \"<p style=\\\"text-align: center;\\\"><span style=\\\"font-family: 'courier new', courier, monospace; font-size: 24pt;\\\"><strong>Chasen </strong></span></p>\\r\\n<p><span style=\\\"font-family: 'courier new', courier, monospace; font-size: 24pt;\\\">Ch\\u1ed5i tre \\u0111&aacute;nh matcha 80 nan, l&agrave;m th\\u1ee7 c&ocirc;ng t\\u1eeb tre gi&agrave; t\\u1ef1 nhi&ecirc;n. D\\u1ee5ng c\\u1ee5 kh&ocirc;ng th\\u1ec3 thi\\u1ebfu trong tr&agrave; \\u0111\\u1ea1o Nh\\u1eadt B\\u1ea3n, gi&uacute;p \\u0111&aacute;nh matcha t\\u1ea1o b\\u1ecdt m\\u1ecbn \\u0111\\u1ec1u. K&egrave;m \\u0111\\u1ebf gi\\u1eef chasen \\u0111\\u1ec3 b\\u1ea3o qu\\u1ea3n \\u0111&uacute;ng c&aacute;ch.</span></p>\", \"ingredients\": \"<p>Tre gi&agrave; t\\u1ef1 nhi&ecirc;n, ch\\u1ebf t&aacute;c th\\u1ee7 c&ocirc;ng truy\\u1ec1n th\\u1ed1ng Nh\\u1eadt B\\u1ea3n.</p>\", \"brewing_guide\": \"<p>Ng&acirc;m chasen trong n\\u01b0\\u1edbc \\u1ea5m 1 ph&uacute;t tr\\u01b0\\u1edbc khi d&ugrave;ng. \\u0110&aacute;nh matcha theo h&igrave;nh ch\\u1eef W. Sau khi d&ugrave;ng, r\\u1eeda s\\u1ea1ch b\\u1eb1ng n\\u01b0\\u1edbc \\u1ea5m, \\u0111\\u1eb7t l&ecirc;n \\u0111\\u1ebf gi\\u1eef chasen.</p>\", \"price\": \"195000\", \"physical_stock\": 55, \"reserved_stock\": 1, \"views_count\": 5, \"created_at\": \"2026-03-11 15:29:35.486331+00:00\"}",
      "after_state": "{\"id\": 24, \"category\": \"Ph\\u1ee5 Ki\\u1ec7n Pha Tr\\u00e0 [ID: 5]\", \"title\": \"Chasen - Ch\\u1ed5i Tre \\u0110\\u00e1nh Matcha\", \"slug\": \"chasen-choi-tre-danh-matcha\", \"excerpt\": \"Ch\\u1ed5i tre 80 nan truy\\u1ec1n th\\u1ed1ng cho matcha m\\u1ecbn ho\\u00e0n h\\u1ea3o.\", \"image\": \"products/Presenting_the_Osulloc_Tea_House_at_Our_Seoul_Arts_Complex___Pace_Gallery.jpg\", \"description\": \"<p style=\\\"text-align: center;\\\"><span style=\\\"font-family: 'courier new', courier, monospace; font-size: 24pt;\\\"><strong>Chasen </strong></span></p>\\r\\n<p><span style=\\\"font-family: 'courier new', courier, monospace; font-size: 24pt;\\\">Ch\\u1ed5i tre \\u0111&aacute;nh matcha 80 nan, l&agrave;m th\\u1ee7 c&ocirc;ng t\\u1eeb tre gi&agrave; t\\u1ef1 nhi&ecirc;n. D\\u1ee5ng c\\u1ee5 kh&ocirc;ng th\\u1ec3 thi\\u1ebfu trong tr&agrave; \\u0111\\u1ea1o Nh\\u1eadt B\\u1ea3n, gi&uacute;p \\u0111&aacute;nh matcha t\\u1ea1o b\\u1ecdt m\\u1ecbn \\u0111\\u1ec1u. K&egrave;m \\u0111\\u1ebf gi\\u1eef chasen \\u0111\\u1ec3 b\\u1ea3o qu\\u1ea3n \\u0111&uacute;ng c&aacute;ch.</span></p>\", \"ingredients\": \"<p>Tre gi&agrave; t\\u1ef1 nhi&ecirc;n, ch\\u1ebf t&aacute;c th\\u1ee7 c&ocirc;ng truy\\u1ec1n th\\u1ed1ng Nh\\u1eadt B\\u1ea3n.</p>\", \"brewing_guide\": \"<p>Ng&acirc;m chasen trong n\\u01b0\\u1edbc \\u1ea5m 1 ph&uacute;t tr\\u01b0\\u1edbc khi d&ugrave;ng. \\u0110&aacute;nh matcha theo h&igrave;nh ch\\u1eef W. Sau khi d&ugrave;ng, r\\u1eeda s\\u1ea1ch b\\u1eb1ng n\\u01b0\\u1edbc \\u1ea5m, \\u0111\\u1eb7t l&ecirc;n \\u0111\\u1ebf gi\\u1eef chasen.</p>\", \"price\": \"195000\", \"physical_stock\": 55, \"reserved_stock\": 1, \"views_count\": \"F(views_count) + Value(1)\", \"created_at\": \"2026-03-11 15:29:35.486331+00:00\"}",
      "status": "SUCCESS",
      "reason": "Product was updated",
      "previous_hash": "61d90230b82959dd761d8b4d7b459103bab28c3fc48067994d7a821782fe630e",
      "current_hash": "78ba21777b668f132f94889572afa8d79b30ef1dea9d7819af01f9450030f23e"
    }
  },
  {
    "model": "MyApp.auditlog",
    "pk": "a339fd72-a1c6-48da-b78a-dea387fbdaff",
    "fields": {
      "timestamp": "2026-03-21T04:04:58.754Z",
      "event_type": "DATA_CREATE",
      "severity_level": "INFO",
      "actor_id": 3,
      "actor_role": "admin",
      "ip_address": "127.0.0.1",
      "user_agent": "Mozilla/5.0 (Windows NT 10.0; Win64; x64) AppleWebKit/537.36 (KHTML, like Gecko) Chrome/146.0.0.0 Safari/537.36",
      "resource_type": "InventoryTransaction",
      "resource_id": "23",
      "before_state": "",
      "after_state": "{\"id\": 23, \"product\": \"Tr\\u00e0 \\u00d4 Long \\u0110\\u00e0 L\\u1ea1t [ID: 15]\", \"variation\": null, \"transaction_type\": \"T\\u1ea1m gi\\u1eef (\\u0110\\u1eb7t h\\u00e0ng) (RESERVE)\", \"quantity\": 1, \"is_physical\": true, \"reference_id\": \"CART_9 | Gi\\u1eef h\\u00e0ng khi th\\u00eam v\\u00e0o gi\\u1ecf\", \"timestamp\": \"2026-03-21 04:04:58.751539+00:00\", \"user\": \"phamquochuy [ID: 3]\"}",
      "status": "SUCCESS",
      "reason": "InventoryTransaction was created",
      "previous_hash": "d3c0470858432b93a1143c3ed32b3e08f7d005be0a41380f505a7942c38dd1ea",
      "current_hash": "c7238974bf5af35bf84866cf83b415ad9d5c0301170ca454f5422651830abedd"
    }
  },
  {
    "model": "MyApp.auditlog",
    "pk": "a74385a0-492b-44ca-9a06-e3ae34a0c9f4",
    "fields": {
      "timestamp": "2026-03-21T07:39:39.576Z",
      "event_type": "DATA_CREATE",
      "severity_level": "INFO",
      "actor_id": 3,
      "actor_role": "admin",
      "ip_address": "127.0.0.1",
      "user_agent": "Mozilla/5.0 (Windows NT 10.0; Win64; x64) AppleWebKit/537.36 (KHTML, like Gecko) Chrome/146.0.0.0 Safari/537.36",
      "resource_type": "InventoryTransaction",
      "resource_id": "28",
      "before_state": "",
      "after_state": "{\"id\": 28, \"product\": \"B\\u1ed9 Ch\\u00e9n Tr\\u00e0 G\\u1ed1m B\\u00e1t Tr\\u00e0ng [ID: 23]\", \"variation\": null, \"transaction_type\": \"Gi\\u1ea3i ph\\u00f3ng (H\\u1ee7y \\u0111\\u01a1n) (RELEASE)\", \"quantity\": 1, \"is_physical\": true, \"reference_id\": \"CART_9 | Gi\\u1ea3i ph\\u00f3ng 1 khi x\\u00f3a\", \"timestamp\": \"2026-03-21 07:39:39.573552+00:00\", \"user\": \"phamquochuy [ID: 3]\"}",
      "status": "SUCCESS",
      "reason": "InventoryTransaction was created",
      "previous_hash": "1e09a1e5f2aba70c3900255ad579f011186fdca722a8c9275456ecddb47f573b",
      "current_hash": "f68e2bfc63e5aecc416fd0a9a94c8b1f036bb388016df51af21588050b156b32"
    }
  },
  {
    "model": "MyApp.auditlog",
    "pk": "ae21a130-0e9f-468e-931a-a9e5b287d070",
    "fields": {
      "timestamp": "2026-03-25T00:22:46.553Z",
      "event_type": "DATA_UPDATE",
      "severity_level": "WARNING",
      "actor_id": null,
      "actor_role": "customer",
      "ip_address": "127.0.0.1",
      "user_agent": "Mozilla/5.0 (Windows NT 10.0; Win64; x64) AppleWebKit/537.36 (KHTML, like Gecko) Chrome/146.0.0.0 Safari/537.36",
      "resource_type": "Product",
      "resource_id": "24",
      "before_state": "{\"id\": 24, \"category\": \"Ph\\u1ee5 Ki\\u1ec7n Pha Tr\\u00e0 [ID: 5]\", \"title\": \"Chasen - Ch\\u1ed5i Tre \\u0110\\u00e1nh Matcha\", \"slug\": \"chasen-choi-tre-danh-matcha\", \"excerpt\": \"Ch\\u1ed5i tre 80 nan truy\\u1ec1n th\\u1ed1ng cho matcha m\\u1ecbn ho\\u00e0n h\\u1ea3o.\", \"image\": \"products/Presenting_the_Osulloc_Tea_House_at_Our_Seoul_Arts_Complex___Pace_Gallery.jpg\", \"description\": \"<p style=\\\"text-align: center;\\\"><span style=\\\"font-family: 'courier new', courier, monospace; font-size: 24pt;\\\"><strong>Chasen </strong></span></p>\\r\\n<p><span style=\\\"font-family: 'courier new', courier, monospace; font-size: 24pt;\\\">Ch\\u1ed5i tre \\u0111&aacute;nh matcha 80 nan, l&agrave;m th\\u1ee7 c&ocirc;ng t\\u1eeb tre gi&agrave; t\\u1ef1 nhi&ecirc;n. D\\u1ee5ng c\\u1ee5 kh&ocirc;ng th\\u1ec3 thi\\u1ebfu trong tr&agrave; \\u0111\\u1ea1o Nh\\u1eadt B\\u1ea3n, gi&uacute;p \\u0111&aacute;nh matcha t\\u1ea1o b\\u1ecdt m\\u1ecbn \\u0111\\u1ec1u. K&egrave;m \\u0111\\u1ebf gi\\u1eef chasen \\u0111\\u1ec3 b\\u1ea3o qu\\u1ea3n \\u0111&uacute;ng c&aacute;ch.</span></p>\", \"ingredients\": \"<p>Tre gi&agrave; t\\u1ef1 nhi&ecirc;n, ch\\u1ebf t&aacute;c th\\u1ee7 c&ocirc;ng truy\\u1ec1n th\\u1ed1ng Nh\\u1eadt B\\u1ea3n.</p>\", \"brewing_guide\": \"<p>Ng&acirc;m chasen trong n\\u01b0\\u1edbc \\u1ea5m 1 ph&uacute;t tr\\u01b0\\u1edbc khi d&ugrave;ng. \\u0110&aacute;nh matcha theo h&igrave;nh ch\\u1eef W. Sau khi d&ugrave;ng, r\\u1eeda s\\u1ea1ch b\\u1eb1ng n\\u01b0\\u1edbc \\u1ea5m, \\u0111\\u1eb7t l&ecirc;n \\u0111\\u1ebf gi\\u1eef chasen.</p>\", \"price\": \"195000\", \"physical_stock\": 55, \"reserved_stock\": 1, \"views_count\": 17, \"created_at\": \"2026-03-11 15:29:35.486331+00:00\"}",
      "after_state": "{\"id\": 24, \"category\": \"Ph\\u1ee5 Ki\\u1ec7n Pha Tr\\u00e0 [ID: 5]\", \"title\": \"Chasen - Ch\\u1ed5i Tre \\u0110\\u00e1nh Matcha\", \"slug\": \"chasen-choi-tre-danh-matcha\", \"excerpt\": \"Ch\\u1ed5i tre 80 nan truy\\u1ec1n th\\u1ed1ng cho matcha m\\u1ecbn ho\\u00e0n h\\u1ea3o.\", \"image\": \"products/Presenting_the_Osulloc_Tea_House_at_Our_Seoul_Arts_Complex___Pace_Gallery.jpg\", \"description\": \"<p style=\\\"text-align: center;\\\"><span style=\\\"font-family: 'courier new', courier, monospace; font-size: 24pt;\\\"><strong>Chasen </strong></span></p>\\r\\n<p><span style=\\\"font-family: 'courier new', courier, monospace; font-size: 24pt;\\\">Ch\\u1ed5i tre \\u0111&aacute;nh matcha 80 nan, l&agrave;m th\\u1ee7 c&ocirc;ng t\\u1eeb tre gi&agrave; t\\u1ef1 nhi&ecirc;n. D\\u1ee5ng c\\u1ee5 kh&ocirc;ng th\\u1ec3 thi\\u1ebfu trong tr&agrave; \\u0111\\u1ea1o Nh\\u1eadt B\\u1ea3n, gi&uacute;p \\u0111&aacute;nh matcha t\\u1ea1o b\\u1ecdt m\\u1ecbn \\u0111\\u1ec1u. K&egrave;m \\u0111\\u1ebf gi\\u1eef chasen \\u0111\\u1ec3 b\\u1ea3o qu\\u1ea3n \\u0111&uacute;ng c&aacute;ch.</span></p>\", \"ingredients\": \"<p>Tre gi&agrave; t\\u1ef1 nhi&ecirc;n, ch\\u1ebf t&aacute;c th\\u1ee7 c&ocirc;ng truy\\u1ec1n th\\u1ed1ng Nh\\u1eadt B\\u1ea3n.</p>\", \"brewing_guide\": \"<p>Ng&acirc;m chasen trong n\\u01b0\\u1edbc \\u1ea5m 1 ph&uacute;t tr\\u01b0\\u1edbc khi d&ugrave;ng. \\u0110&aacute;nh matcha theo h&igrave;nh ch\\u1eef W. Sau khi d&ugrave;ng, r\\u1eeda s\\u1ea1ch b\\u1eb1ng n\\u01b0\\u1edbc \\u1ea5m, \\u0111\\u1eb7t l&ecirc;n \\u0111\\u1ebf gi\\u1eef chasen.</p>\", \"price\": \"195000\", \"physical_stock\": 55, \"reserved_stock\": 1, \"views_count\": \"F(views_count) + Value(1)\", \"created_at\": \"2026-03-11 15:29:35.486331+00:00\"}",
      "status": "SUCCESS",
      "reason": "Product was updated",
      "previous_hash": "514a063f6406a0095119683872ab6ead1a6ae378f63c8cee0e913ef5e7d4c902",
      "current_hash": "5c36d066e26ad871901636a21cc22d68c5a24ef4a3c473a051e4277ab299ff3f"
    }
  },
  {
    "model": "MyApp.auditlog",
    "pk": "afac5574-8302-4eac-a948-3cbec22c23e0",
    "fields": {
      "timestamp": "2026-03-24T18:15:02.197Z",
      "event_type": "AUTH_LOGIN_FAILED",
      "severity_level": "WARNING",
      "actor_id": null,
      "actor_role": "customer",
      "ip_address": "127.0.0.1",
      "user_agent": "Mozilla/5.0 (Windows NT 10.0; Win64; x64) AppleWebKit/537.36 (KHTML, like Gecko) Chrome/146.0.0.0 Safari/537.36",
      "resource_type": "Authentication",
      "resource_id": "quochuy",
      "before_state": "{\"username\": \"quochuy\"}",
      "after_state": "",
      "status": "FAILED",
      "reason": "Invalid credentials",
      "previous_hash": "a07c3615472794ff977c0f747f314e604192b56aedf739de68b1b3d63e5d229b",
      "current_hash": "4934a3b462d8487862464ecdd2752e3b6e065a8a8e45d09a46823071f00b28fc"
    }
  },
  {
    "model": "MyApp.auditlog",
    "pk": "b9415f54-c7ce-4e24-baa9-06597cef1148",
    "fields": {
      "timestamp": "2026-03-25T00:26:25.532Z",
      "event_type": "DATA_CREATE",
      "severity_level": "INFO",
      "actor_id": 3,
      "actor_role": "admin",
      "ip_address": "127.0.0.1",
      "user_agent": "Mozilla/5.0 (Windows NT 10.0; Win64; x64) AppleWebKit/537.36 (KHTML, like Gecko) Chrome/146.0.0.0 Safari/537.36",
      "resource_type": "Payment",
      "resource_id": "51",
      "before_state": "",
      "after_state": "{\"id\": 51, \"order\": \"Order ORD-20260325-E2ED4F [ID: 52]\", \"payment_method\": \"QR Code - Ng\\u00e2n h\\u00e0ng (qr_bank)\", \"payment_status\": \"Ch\\u1edd thanh to\\u00e1n (pending)\", \"amount\": \"280000\", \"transaction_id\": \"\", \"reference_code\": \"167X2ITCQE\", \"payment_date\": null, \"notes\": \"\", \"stock_deducted\": false, \"created_at\": \"2026-03-25 00:26:25.526833+00:00\", \"updated_at\": \"2026-03-25 00:26:25.526855+00:00\"}",
      "status": "SUCCESS",
      "reason": "Payment was created",
      "previous_hash": "0d3a475fe54ff1909dd6c34b2983807a0614478882290bb35298b613c7500d3b",
      "current_hash": "85a659afd70861a7249af6d08a98454f03dc0c1a0ae2df7982fd149db1862379"
    }
  },
  {
    "model": "MyApp.auditlog",
    "pk": "baee47ca-aa5b-436c-b572-a71f8ee668fe",
    "fields": {
      "timestamp": "2026-03-21T07:39:13.062Z",
      "event_type": "DATA_UPDATE",
      "severity_level": "WARNING",
      "actor_id": 3,
      "actor_role": "admin",
      "ip_address": "127.0.0.1",
      "user_agent": "Mozilla/5.0 (Windows NT 10.0; Win64; x64) AppleWebKit/537.36 (KHTML, like Gecko) Chrome/146.0.0.0 Safari/537.36",
      "resource_type": "Product",
      "resource_id": "23",
      "before_state": "{\"id\": 23, \"category\": \"Ph\\u1ee5 Ki\\u1ec7n Pha Tr\\u00e0 [ID: 5]\", \"title\": \"B\\u1ed9 Ch\\u00e9n Tr\\u00e0 G\\u1ed1m B\\u00e1t Tr\\u00e0ng\", \"slug\": \"bo-chen-tra-gom-bat-trang\", \"excerpt\": \"B\\u1ed9 6 ch\\u00e9n tr\\u00e0 g\\u1ed1m B\\u00e1t Tr\\u00e0ng men lam c\\u1ed5 \\u0111i\\u1ec3n.\", \"image\": \"products/_\\ud835\\uddd4\\ud835\\uddfb\\ud835\\uddf0\\ud835\\uddf6\\ud835\\uddf2\\ud835\\uddfb\\ud835\\ude01_\\ud835\\uddd4\\ud835\\ude00\\ud835\\uddf6\\ud835\\uddee\\ud835\\uddfb_\\ud835\\udde7\\ud835\\uddf2\\ud835\\uddee_\\ud835\\udde7\\ud835\\uddff\\ud835\\uddee\\ud835\\uddf1\\ud835\\uddf6\\ud835\\ude01\\ud835\\uddf6\\ud835\\uddfc\\ud835\\uddfb\\ud835\\ude00.jpg\", \"description\": \"B\\u1ed9 6 ch\\u00e9n tr\\u00e0 g\\u1ed1m B\\u00e1t Tr\\u00e0ng v\\u1edbi men lam c\\u1ed5 \\u0111i\\u1ec3n, hoa v\\u0103n truy\\u1ec1n th\\u1ed1ng Vi\\u1ec7t Nam. Dung t\\u00edch m\\u1ed7i ch\\u00e9n 50ml, k\\u00edch th\\u01b0\\u1edbc v\\u1eeba tay. G\\u1ed1m gi\\u1eef nhi\\u1ec7t t\\u1ed1t, an to\\u00e0n th\\u1ef1c ph\\u1ea9m, ph\\u00f9 h\\u1ee3p th\\u01b0\\u1edfng tr\\u00e0 ki\\u1ec3u Vi\\u1ec7t.\", \"ingredients\": \"G\\u1ed1m B\\u00e1t Tr\\u00e0ng men lam, nung \\u1edf nhi\\u1ec7t \\u0111\\u1ed9 cao, an to\\u00e0n th\\u1ef1c ph\\u1ea9m.\", \"brewing_guide\": \"Tr\\u00e1ng ch\\u00e9n b\\u1eb1ng n\\u01b0\\u1edbc n\\u00f3ng tr\\u01b0\\u1edbc khi r\\u00f3t tr\\u00e0. R\\u1eeda s\\u1ea1ch sau khi d\\u00f9ng, tr\\u00e1nh thay \\u0111\\u1ed5i nhi\\u1ec7t \\u0111\\u1ed9 \\u0111\\u1ed9t ng\\u1ed9t.\", \"price\": \"280000\", \"physical_stock\": 39, \"reserved_stock\": 0, \"views_count\": 52, \"created_at\": \"2026-03-11 15:29:35.472752+00:00\"}",
      "after_state": "{\"id\": 23, \"category\": \"Ph\\u1ee5 Ki\\u1ec7n Pha Tr\\u00e0 [ID: 5]\", \"title\": \"B\\u1ed9 Ch\\u00e9n Tr\\u00e0 G\\u1ed1m B\\u00e1t Tr\\u00e0ng\", \"slug\": \"bo-chen-tra-gom-bat-trang\", \"excerpt\": \"B\\u1ed9 6 ch\\u00e9n tr\\u00e0 g\\u1ed1m B\\u00e1t Tr\\u00e0ng men lam c\\u1ed5 \\u0111i\\u1ec3n.\", \"image\": \"products/_\\ud835\\uddd4\\ud835\\uddfb\\ud835\\uddf0\\ud835\\uddf6\\ud835\\uddf2\\ud835\\uddfb\\ud835\\ude01_\\ud835\\uddd4\\ud835\\ude00\\ud835\\uddf6\\ud835\\uddee\\ud835\\uddfb_\\ud835\\udde7\\ud835\\uddf2\\ud835\\uddee_\\ud835\\udde7\\ud835\\uddff\\ud835\\uddee\\ud835\\uddf1\\ud835\\uddf6\\ud835\\ude01\\ud835\\uddf6\\ud835\\uddfc\\ud835\\uddfb\\ud835\\ude00.jpg\", \"description\": \"B\\u1ed9 6 ch\\u00e9n tr\\u00e0 g\\u1ed1m B\\u00e1t Tr\\u00e0ng v\\u1edbi men lam c\\u1ed5 \\u0111i\\u1ec3n, hoa v\\u0103n truy\\u1ec1n th\\u1ed1ng Vi\\u1ec7t Nam. Dung t\\u00edch m\\u1ed7i ch\\u00e9n 50ml, k\\u00edch th\\u01b0\\u1edbc v\\u1eeba tay. G\\u1ed1m gi\\u1eef nhi\\u1ec7t t\\u1ed1t, an to\\u00e0n th\\u1ef1c ph\\u1ea9m, ph\\u00f9 h\\u1ee3p th\\u01b0\\u1edfng tr\\u00e0 ki\\u1ec3u Vi\\u1ec7t.\", \"ingredients\": \"G\\u1ed1m B\\u00e1t Tr\\u00e0ng men lam, nung \\u1edf nhi\\u1ec7t \\u0111\\u1ed9 cao, an to\\u00e0n th\\u1ef1c ph\\u1ea9m.\", \"brewing_guide\": \"Tr\\u00e1ng ch\\u00e9n b\\u1eb1ng n\\u01b0\\u1edbc n\\u00f3ng tr\\u01b0\\u1edbc khi r\\u00f3t tr\\u00e0. R\\u1eeda s\\u1ea1ch sau khi d\\u00f9ng, tr\\u00e1nh thay \\u0111\\u1ed5i nhi\\u1ec7t \\u0111\\u1ed9 \\u0111\\u1ed9t ng\\u1ed9t.\", \"price\": \"280000\", \"physical_stock\": 39, \"reserved_stock\": \"F(reserved_stock) + Value(1)\", \"views_count\": 52, \"created_at\": \"2026-03-11 15:29:35.472752+00:00\"}",
      "status": "SUCCESS",
      "reason": "Product was updated",
      "previous_hash": "08b97d012315c9323620a0036cb37644c869a6651e66f6ed258ad609bd35e190",
      "current_hash": "14a651196294d44da56c725e7dd5e77cf19b67a3e5fa6633d9cd6ecab066375b"
    }
  },
  {
    "model": "MyApp.auditlog",
    "pk": "bee39987-2cdf-48b9-b850-2ceaa0a7179d",
    "fields": {
      "timestamp": "2026-03-24T15:41:08.789Z",
      "event_type": "AUTH_LOGIN",
      "severity_level": "INFO",
      "actor_id": 3,
      "actor_role": "admin",
      "ip_address": "127.0.0.1",
      "user_agent": "Mozilla/5.0 (Windows NT 10.0; Win64; x64) AppleWebKit/537.36 (KHTML, like Gecko) Chrome/146.0.0.0 Safari/537.36",
      "resource_type": "User",
      "resource_id": "3",
      "before_state": "",
      "after_state": "",
      "status": "SUCCESS",
      "reason": "User logged in successfully",
      "previous_hash": "4702f3f764b2b5b8cf6a85093a8890cd1e7287f4f3887e0537a4914e43a8dc62",
      "current_hash": "a77f3432de62edb21dfe25ecf19436dfef457f02f1933ce30c7877f193b52544"
    }
  },
  {
    "model": "MyApp.auditlog",
    "pk": "c26d1061-f65b-4cb8-8465-8ad23acf2156",
    "fields": {
      "timestamp": "2026-03-24T15:41:08.785Z",
      "event_type": "DATA_UPDATE",
      "severity_level": "WARNING",
      "actor_id": 3,
      "actor_role": "admin",
      "ip_address": "127.0.0.1",
      "user_agent": "Mozilla/5.0 (Windows NT 10.0; Win64; x64) AppleWebKit/537.36 (KHTML, like Gecko) Chrome/146.0.0.0 Safari/537.36",
      "resource_type": "User",
      "resource_id": "3",
      "before_state": "{\"id\": 3, \"password\": \"pbkdf2_sha256$1000000$YwypuEqeriNPgQ1wOvSJTu$R2yPOp56yWCytT5Uj+JGtlbZqypNkIXbBeA82jEF1+c=\", \"last_login\": \"2026-03-14 03:35:50.172094+00:00\", \"is_superuser\": true, \"username\": \"phamquochuy\", \"first_name\": \"Ph\\u1ea1m\", \"last_name\": \"Qu\\u1ed1c Huy\", \"email\": \"phamquochuy13082003@gmail.com\", \"is_staff\": true, \"is_active\": true, \"date_joined\": \"2026-03-10 01:30:11.915306+00:00\"}",
      "after_state": "{\"id\": 3, \"password\": \"pbkdf2_sha256$1000000$YwypuEqeriNPgQ1wOvSJTu$R2yPOp56yWCytT5Uj+JGtlbZqypNkIXbBeA82jEF1+c=\", \"last_login\": \"2026-03-24 15:41:08.772359+00:00\", \"is_superuser\": true, \"username\": \"phamquochuy\", \"first_name\": \"Ph\\u1ea1m\", \"last_name\": \"Qu\\u1ed1c Huy\", \"email\": \"phamquochuy13082003@gmail.com\", \"is_staff\": true, \"is_active\": true, \"date_joined\": \"2026-03-10 01:30:11.915306+00:00\"}",
      "status": "SUCCESS",
      "reason": "User was updated",
      "previous_hash": "38a6d60c9913a93d8ae99c01aad933c6b83029bed7abbcbd656edd7b116aa616",
      "current_hash": "4702f3f764b2b5b8cf6a85093a8890cd1e7287f4f3887e0537a4914e43a8dc62"
    }
  },
  {
    "model": "MyApp.auditlog",
    "pk": "c82ad4aa-58ca-4b06-a03f-6c0316c3c93a",
    "fields": {
      "timestamp": "2026-03-21T03:30:46.394Z",
      "event_type": "DATA_UPDATE",
      "severity_level": "WARNING",
      "actor_id": 3,
      "actor_role": "admin",
      "ip_address": "127.0.0.1",
      "user_agent": "Mozilla/5.0 (Windows NT 10.0; Win64; x64) AppleWebKit/537.36 (KHTML, like Gecko) Chrome/146.0.0.0 Safari/537.36",
      "resource_type": "Product",
      "resource_id": "17",
      "before_state": "{\"id\": 17, \"category\": \"\\u00d4 Long [ID: 3]\", \"title\": \"\\u0110\\u00f4ng Ph\\u01b0\\u01a1ng M\\u1ef9 Nh\\u00e2n\", \"slug\": \"dong-phuong-my-nhan\", \"excerpt\": \"\\u00d4 long l\\u00ean men n\\u1eb7ng, h\\u01b0\\u01a1ng m\\u1eadt ong v\\u00e0 tr\\u00e1i c\\u00e2y ch\\u00edn.\", \"image\": \"products/Tea_aesthetic.jpg\", \"description\": \"\\u0110\\u00f4ng Ph\\u01b0\\u01a1ng M\\u1ef9 Nh\\u00e2n (Oriental Beauty) l\\u00e0 lo\\u1ea1i \\u00f4 long \\u0111\\u1eb7c bi\\u1ec7t, l\\u00ean men 60-70%. L\\u00e1 tr\\u00e0 b\\u1ecb r\\u1ea7y xanh c\\u1eafn t\\u1ea1o n\\u00ean h\\u01b0\\u01a1ng m\\u1eadt ong v\\u00e0 tr\\u00e1i c\\u00e2y ch\\u00edn \\u0111\\u1eb7c tr\\u01b0ng kh\\u00f4ng th\\u1ec3 nh\\u00e2n t\\u1ea1o. N\\u01b0\\u1edbc pha m\\u00e0u h\\u1ed5 ph\\u00e1ch, h\\u01b0\\u01a1ng ng\\u1ecdt ng\\u00e0o t\\u1ef1 nhi\\u00ean, v\\u1ecb m\\u01b0\\u1ee3t m\\u00e0.\", \"ingredients\": \"Tr\\u00e0 \\u00f4 long \\u0110\\u00f4ng Ph\\u01b0\\u01a1ng M\\u1ef9 Nh\\u00e2n, l\\u00ean men t\\u1ef1 nhi\\u00ean 60-70%.\", \"brewing_guide\": \"N\\u01b0\\u1edbc 85-90\\u00b0C, 5g tr\\u00e0 cho 200ml. H\\u00e3m 2-3 ph\\u00fat. Kh\\u00f4ng c\\u1ea7n tr\\u00e1ng tr\\u00e0. U\\u1ed1ng ch\\u1eadm r\\u00e3i \\u0111\\u1ec3 c\\u1ea3m nh\\u1eadn h\\u01b0\\u01a1ng v\\u1ecb thay \\u0111\\u1ed5i.\", \"price\": \"450000\", \"physical_stock\": 35, \"reserved_stock\": 0, \"views_count\": 3, \"created_at\": \"2026-03-11 15:29:35.382459+00:00\"}",
      "after_state": "{\"id\": 17, \"category\": \"\\u00d4 Long [ID: 3]\", \"title\": \"\\u0110\\u00f4ng Ph\\u01b0\\u01a1ng M\\u1ef9 Nh\\u00e2n\", \"slug\": \"dong-phuong-my-nhan\", \"excerpt\": \"\\u00d4 long l\\u00ean men n\\u1eb7ng, h\\u01b0\\u01a1ng m\\u1eadt ong v\\u00e0 tr\\u00e1i c\\u00e2y ch\\u00edn.\", \"image\": \"products/Tea_aesthetic.jpg\", \"description\": \"\\u0110\\u00f4ng Ph\\u01b0\\u01a1ng M\\u1ef9 Nh\\u00e2n (Oriental Beauty) l\\u00e0 lo\\u1ea1i \\u00f4 long \\u0111\\u1eb7c bi\\u1ec7t, l\\u00ean men 60-70%. L\\u00e1 tr\\u00e0 b\\u1ecb r\\u1ea7y xanh c\\u1eafn t\\u1ea1o n\\u00ean h\\u01b0\\u01a1ng m\\u1eadt ong v\\u00e0 tr\\u00e1i c\\u00e2y ch\\u00edn \\u0111\\u1eb7c tr\\u01b0ng kh\\u00f4ng th\\u1ec3 nh\\u00e2n t\\u1ea1o. N\\u01b0\\u1edbc pha m\\u00e0u h\\u1ed5 ph\\u00e1ch, h\\u01b0\\u01a1ng ng\\u1ecdt ng\\u00e0o t\\u1ef1 nhi\\u00ean, v\\u1ecb m\\u01b0\\u1ee3t m\\u00e0.\", \"ingredients\": \"Tr\\u00e0 \\u00f4 long \\u0110\\u00f4ng Ph\\u01b0\\u01a1ng M\\u1ef9 Nh\\u00e2n, l\\u00ean men t\\u1ef1 nhi\\u00ean 60-70%.\", \"brewing_guide\": \"N\\u01b0\\u1edbc 85-90\\u00b0C, 5g tr\\u00e0 cho 200ml. H\\u00e3m 2-3 ph\\u00fat. Kh\\u00f4ng c\\u1ea7n tr\\u00e1ng tr\\u00e0. U\\u1ed1ng ch\\u1eadm r\\u00e3i \\u0111\\u1ec3 c\\u1ea3m nh\\u1eadn h\\u01b0\\u01a1ng v\\u1ecb thay \\u0111\\u1ed5i.\", \"price\": \"450000\", \"physical_stock\": 35, \"reserved_stock\": 0, \"views_count\": \"F(views_count) + Value(1)\", \"created_at\": \"2026-03-11 15:29:35.382459+00:00\"}",
      "status": "SUCCESS",
      "reason": "Product was updated",
      "previous_hash": "91e4515da52143befe17ef9710712ae60c419805de0e562a2040aba4312a25e9",
      "current_hash": "f1a215c6c3c7fbc89b0c7b59f825b252c2b8754960dc5c63e97375488de9f18b"
    }
  },
  {
    "model": "MyApp.auditlog",
    "pk": "c9524ce3-22f5-463e-b020-53909ae50c50",
    "fields": {
      "timestamp": "2026-03-21T04:09:26.388Z",
      "event_type": "DATA_UPDATE",
      "severity_level": "WARNING",
      "actor_id": 3,
      "actor_role": "admin",
      "ip_address": "127.0.0.1",
      "user_agent": "Mozilla/5.0 (Windows NT 10.0; Win64; x64) AppleWebKit/537.36 (KHTML, like Gecko) Chrome/146.0.0.0 Safari/537.36",
      "resource_type": "Product",
      "resource_id": "24",
      "before_state": "{\"id\": 24, \"category\": \"Ph\\u1ee5 Ki\\u1ec7n Pha Tr\\u00e0 [ID: 5]\", \"title\": \"Chasen - Ch\\u1ed5i Tre \\u0110\\u00e1nh Matcha\", \"slug\": \"chasen-choi-tre-danh-matcha\", \"excerpt\": \"Ch\\u1ed5i tre 80 nan truy\\u1ec1n th\\u1ed1ng cho matcha m\\u1ecbn ho\\u00e0n h\\u1ea3o.\", \"image\": \"products/Presenting_the_Osulloc_Tea_House_at_Our_Seoul_Arts_Complex___Pace_Gallery.jpg\", \"description\": \"<p style=\\\"text-align: center;\\\"><span style=\\\"font-family: 'courier new', courier, monospace; font-size: 24pt;\\\"><strong>Chasen </strong></span></p>\\r\\n<p><span style=\\\"font-family: 'courier new', courier, monospace; font-size: 24pt;\\\">Ch\\u1ed5i tre \\u0111&aacute;nh matcha 80 nan, l&agrave;m th\\u1ee7 c&ocirc;ng t\\u1eeb tre gi&agrave; t\\u1ef1 nhi&ecirc;n. D\\u1ee5ng c\\u1ee5 kh&ocirc;ng th\\u1ec3 thi\\u1ebfu trong tr&agrave; \\u0111\\u1ea1o Nh\\u1eadt B\\u1ea3n, gi&uacute;p \\u0111&aacute;nh matcha t\\u1ea1o b\\u1ecdt m\\u1ecbn \\u0111\\u1ec1u. K&egrave;m \\u0111\\u1ebf gi\\u1eef chasen \\u0111\\u1ec3 b\\u1ea3o qu\\u1ea3n \\u0111&uacute;ng c&aacute;ch.</span></p>\", \"ingredients\": \"<p>Tre gi&agrave; t\\u1ef1 nhi&ecirc;n, ch\\u1ebf t&aacute;c th\\u1ee7 c&ocirc;ng truy\\u1ec1n th\\u1ed1ng Nh\\u1eadt B\\u1ea3n.</p>\", \"brewing_guide\": \"<p>Ng&acirc;m chasen trong n\\u01b0\\u1edbc \\u1ea5m 1 ph&uacute;t tr\\u01b0\\u1edbc khi d&ugrave;ng. \\u0110&aacute;nh matcha theo h&igrave;nh ch\\u1eef W. Sau khi d&ugrave;ng, r\\u1eeda s\\u1ea1ch b\\u1eb1ng n\\u01b0\\u1edbc \\u1ea5m, \\u0111\\u1eb7t l&ecirc;n \\u0111\\u1ebf gi\\u1eef chasen.</p>\", \"price\": \"195000\", \"physical_stock\": 55, \"reserved_stock\": 2, \"views_count\": 9, \"created_at\": \"2026-03-11 15:29:35.486331+00:00\"}",
      "after_state": "{\"id\": 24, \"category\": \"Ph\\u1ee5 Ki\\u1ec7n Pha Tr\\u00e0 [ID: 5]\", \"title\": \"Chasen - Ch\\u1ed5i Tre \\u0110\\u00e1nh Matcha\", \"slug\": \"chasen-choi-tre-danh-matcha\", \"excerpt\": \"Ch\\u1ed5i tre 80 nan truy\\u1ec1n th\\u1ed1ng cho matcha m\\u1ecbn ho\\u00e0n h\\u1ea3o.\", \"image\": \"products/Presenting_the_Osulloc_Tea_House_at_Our_Seoul_Arts_Complex___Pace_Gallery.jpg\", \"description\": \"<p style=\\\"text-align: center;\\\"><span style=\\\"font-family: 'courier new', courier, monospace; font-size: 24pt;\\\"><strong>Chasen </strong></span></p>\\r\\n<p><span style=\\\"font-family: 'courier new', courier, monospace; font-size: 24pt;\\\">Ch\\u1ed5i tre \\u0111&aacute;nh matcha 80 nan, l&agrave;m th\\u1ee7 c&ocirc;ng t\\u1eeb tre gi&agrave; t\\u1ef1 nhi&ecirc;n. D\\u1ee5ng c\\u1ee5 kh&ocirc;ng th\\u1ec3 thi\\u1ebfu trong tr&agrave; \\u0111\\u1ea1o Nh\\u1eadt B\\u1ea3n, gi&uacute;p \\u0111&aacute;nh matcha t\\u1ea1o b\\u1ecdt m\\u1ecbn \\u0111\\u1ec1u. K&egrave;m \\u0111\\u1ebf gi\\u1eef chasen \\u0111\\u1ec3 b\\u1ea3o qu\\u1ea3n \\u0111&uacute;ng c&aacute;ch.</span></p>\", \"ingredients\": \"<p>Tre gi&agrave; t\\u1ef1 nhi&ecirc;n, ch\\u1ebf t&aacute;c th\\u1ee7 c&ocirc;ng truy\\u1ec1n th\\u1ed1ng Nh\\u1eadt B\\u1ea3n.</p>\", \"brewing_guide\": \"<p>Ng&acirc;m chasen trong n\\u01b0\\u1edbc \\u1ea5m 1 ph&uacute;t tr\\u01b0\\u1edbc khi d&ugrave;ng. \\u0110&aacute;nh matcha theo h&igrave;nh ch\\u1eef W. Sau khi d&ugrave;ng, r\\u1eeda s\\u1ea1ch b\\u1eb1ng n\\u01b0\\u1edbc \\u1ea5m, \\u0111\\u1eb7t l&ecirc;n \\u0111\\u1ebf gi\\u1eef chasen.</p>\", \"price\": \"195000\", \"physical_stock\": 55, \"reserved_stock\": 2, \"views_count\": \"F(views_count) + Value(1)\", \"created_at\": \"2026-03-11 15:29:35.486331+00:00\"}",
      "status": "SUCCESS",
      "reason": "Product was updated",
      "previous_hash": "2165442419d4c08e1133000587ffb3bcd1b86038ff46ebd7d4127b810604e000",
      "current_hash": "371f254b8fe318878a6ae095365d1d06437c594259e5c6806a33767733207d64"
    }
  },
  {
    "model": "MyApp.auditlog",
    "pk": "c9cdd4e4-f20b-441f-8600-deef2e83558e",
    "fields": {
      "timestamp": "2026-03-25T00:27:44.743Z",
      "event_type": "DATA_UPDATE",
      "severity_level": "WARNING",
      "actor_id": 3,
      "actor_role": "admin",
      "ip_address": "127.0.0.1",
      "user_agent": "Mozilla/5.0 (Windows NT 10.0; Win64; x64) AppleWebKit/537.36 (KHTML, like Gecko) Chrome/146.0.0.0 Safari/537.36",
      "resource_type": "Product",
      "resource_id": "23",
      "before_state": "{\"id\": 23, \"category\": \"Ph\\u1ee5 Ki\\u1ec7n Pha Tr\\u00e0 [ID: 5]\", \"title\": \"B\\u1ed9 Ch\\u00e9n Tr\\u00e0 G\\u1ed1m B\\u00e1t Tr\\u00e0ng\", \"slug\": \"bo-chen-tra-gom-bat-trang\", \"excerpt\": \"B\\u1ed9 6 ch\\u00e9n tr\\u00e0 g\\u1ed1m B\\u00e1t Tr\\u00e0ng men lam c\\u1ed5 \\u0111i\\u1ec3n.\", \"image\": \"products/_\\ud835\\uddd4\\ud835\\uddfb\\ud835\\uddf0\\ud835\\uddf6\\ud835\\uddf2\\ud835\\uddfb\\ud835\\ude01_\\ud835\\uddd4\\ud835\\ude00\\ud835\\uddf6\\ud835\\uddee\\ud835\\uddfb_\\ud835\\udde7\\ud835\\uddf2\\ud835\\uddee_\\ud835\\udde7\\ud835\\uddff\\ud835\\uddee\\ud835\\uddf1\\ud835\\uddf6\\ud835\\ude01\\ud835\\uddf6\\ud835\\uddfc\\ud835\\uddfb\\ud835\\ude00.jpg\", \"description\": \"B\\u1ed9 6 ch\\u00e9n tr\\u00e0 g\\u1ed1m B\\u00e1t Tr\\u00e0ng v\\u1edbi men lam c\\u1ed5 \\u0111i\\u1ec3n, hoa v\\u0103n truy\\u1ec1n th\\u1ed1ng Vi\\u1ec7t Nam. Dung t\\u00edch m\\u1ed7i ch\\u00e9n 50ml, k\\u00edch th\\u01b0\\u1edbc v\\u1eeba tay. G\\u1ed1m gi\\u1eef nhi\\u1ec7t t\\u1ed1t, an to\\u00e0n th\\u1ef1c ph\\u1ea9m, ph\\u00f9 h\\u1ee3p th\\u01b0\\u1edfng tr\\u00e0 ki\\u1ec3u Vi\\u1ec7t.\", \"ingredients\": \"G\\u1ed1m B\\u00e1t Tr\\u00e0ng men lam, nung \\u1edf nhi\\u1ec7t \\u0111\\u1ed9 cao, an to\\u00e0n th\\u1ef1c ph\\u1ea9m.\", \"brewing_guide\": \"Tr\\u00e1ng ch\\u00e9n b\\u1eb1ng n\\u01b0\\u1edbc n\\u00f3ng tr\\u01b0\\u1edbc khi r\\u00f3t tr\\u00e0. R\\u1eeda s\\u1ea1ch sau khi d\\u00f9ng, tr\\u00e1nh thay \\u0111\\u1ed5i nhi\\u1ec7t \\u0111\\u1ed9 \\u0111\\u1ed9t ng\\u1ed9t.\", \"price\": \"280000\", \"physical_stock\": 39, \"reserved_stock\": 2, \"views_count\": 64, \"created_at\": \"2026-03-11 15:29:35.472752+00:00\"}",
      "after_state": "{\"id\": 23, \"category\": \"Ph\\u1ee5 Ki\\u1ec7n Pha Tr\\u00e0 [ID: 5]\", \"title\": \"B\\u1ed9 Ch\\u00e9n Tr\\u00e0 G\\u1ed1m B\\u00e1t Tr\\u00e0ng\", \"slug\": \"bo-chen-tra-gom-bat-trang\", \"excerpt\": \"B\\u1ed9 6 ch\\u00e9n tr\\u00e0 g\\u1ed1m B\\u00e1t Tr\\u00e0ng men lam c\\u1ed5 \\u0111i\\u1ec3n.\", \"image\": \"products/_\\ud835\\uddd4\\ud835\\uddfb\\ud835\\uddf0\\ud835\\uddf6\\ud835\\uddf2\\ud835\\uddfb\\ud835\\ude01_\\ud835\\uddd4\\ud835\\ude00\\ud835\\uddf6\\ud835\\uddee\\ud835\\uddfb_\\ud835\\udde7\\ud835\\uddf2\\ud835\\uddee_\\ud835\\udde7\\ud835\\uddff\\ud835\\uddee\\ud835\\uddf1\\ud835\\uddf6\\ud835\\ude01\\ud835\\uddf6\\ud835\\uddfc\\ud835\\uddfb\\ud835\\ude00.jpg\", \"description\": \"B\\u1ed9 6 ch\\u00e9n tr\\u00e0 g\\u1ed1m B\\u00e1t Tr\\u00e0ng v\\u1edbi men lam c\\u1ed5 \\u0111i\\u1ec3n, hoa v\\u0103n truy\\u1ec1n th\\u1ed1ng Vi\\u1ec7t Nam. Dung t\\u00edch m\\u1ed7i ch\\u00e9n 50ml, k\\u00edch th\\u01b0\\u1edbc v\\u1eeba tay. G\\u1ed1m gi\\u1eef nhi\\u1ec7t t\\u1ed1t, an to\\u00e0n th\\u1ef1c ph\\u1ea9m, ph\\u00f9 h\\u1ee3p th\\u01b0\\u1edfng tr\\u00e0 ki\\u1ec3u Vi\\u1ec7t.\", \"ingredients\": \"G\\u1ed1m B\\u00e1t Tr\\u00e0ng men lam, nung \\u1edf nhi\\u1ec7t \\u0111\\u1ed9 cao, an to\\u00e0n th\\u1ef1c ph\\u1ea9m.\", \"brewing_guide\": \"Tr\\u00e1ng ch\\u00e9n b\\u1eb1ng n\\u01b0\\u1edbc n\\u00f3ng tr\\u01b0\\u1edbc khi r\\u00f3t tr\\u00e0. R\\u1eeda s\\u1ea1ch sau khi d\\u00f9ng, tr\\u00e1nh thay \\u0111\\u1ed5i nhi\\u1ec7t \\u0111\\u1ed9 \\u0111\\u1ed9t ng\\u1ed9t.\", \"price\": \"280000\", \"physical_stock\": \"F(physical_stock) - Value(1)\", \"reserved_stock\": \"F(reserved_stock) - Value(1)\", \"views_count\": 64, \"created_at\": \"2026-03-11 15:29:35.472752+00:00\"}",
      "status": "SUCCESS",
      "reason": "Product was updated",
      "previous_hash": "b39189e73d7415b0e354a23fa609a47abebbe43ca6e35169ec105a17e3a4f075",
      "current_hash": "eb9cea994fef877f96af13d960733e712ca198115c0929053e0ae3c02157411d"
    }
  },
  {
    "model": "MyApp.auditlog",
    "pk": "cd942d7e-225b-4a2c-9589-a6c7598f887f",
    "fields": {
      "timestamp": "2026-03-20T16:34:51.943Z",
      "event_type": "DATA_UPDATE",
      "severity_level": "WARNING",
      "actor_id": 3,
      "actor_role": "admin",
      "ip_address": "127.0.0.1",
      "user_agent": "Mozilla/5.0 (Windows NT 10.0; Win64; x64) AppleWebKit/537.36 (KHTML, like Gecko) Chrome/146.0.0.0 Safari/537.36",
      "resource_type": "StoryboardItem",
      "resource_id": "6",
      "before_state": "{\"id\": 6, \"title\": \"Th\\u01b0\\u1edfng Tr\\u00e0 Chi\\u1ec1u\", \"slug\": \"thuong-tra-chieu\", \"image\": \"storyboard/t\\u1ea3i_xu\\u1ed1ng_32.jpg\", \"excerpt\": \"Kho\\u1ea3nh kh\\u1eafc t\\u0129nh l\\u1eb7ng b\\u00ean ch\\u00e9n tr\\u00e0\", \"content\": null, \"created_at\": \"2026-01-28 07:35:36.795676+00:00\"}",
      "after_state": "{\"id\": 6, \"title\": \"Th\\u01b0\\u1edfng Tr\\u00e0 Chi\\u1ec1u\", \"slug\": \"thuong-tra-chieu\", \"image\": \"storyboard/t\\u1ea3i_xu\\u1ed1ng_32.jpg\", \"excerpt\": \"Kho\\u1ea3nh kh\\u1eafc t\\u0129nh l\\u1eb7ng b\\u00ean ch\\u00e9n tr\\u00e0\", \"content\": \"<p style=\\\"text-align: center;\\\"><strong><span style=\\\"font-size: 24pt;\\\">NGUY&Ecirc;N T\\u1eaeC TH\\u01af\\u1edeNG TR&Agrave; D&Agrave;NH CHO NG\\u01af\\u1edcI M\\u1edaI</span></strong></p>\\r\\n<p>Tr&agrave; kh&ocirc;ng ch\\u1ec9 l&agrave; m\\u1ed9t th\\u1ee9c u\\u1ed1ng \\u0111\\u01a1n thu\\u1ea7n, m&agrave; c&ograve;n l&agrave; m\\u1ed9t h&agrave;nh tr&igrave;nh kh&aacute;m ph&aacute; t&acirc;m h\\u1ed3n. \\u0110\\u1ec3 pha \\u0111\\u01b0\\u1ee3c m\\u1ed9t \\u1ea5m tr&agrave; ngon, b\\u1ea1n c\\u1ea7n ch&uacute; &yacute; \\u0111\\u1ebfn ba y\\u1ebfu t\\u1ed1 c\\u1ed1t l&otilde;i: Nh\\u1ea5t Th\\u1ee7y, Nh&igrave; Tr&agrave;, Tam Pha, T\\u1ee9 \\u1ea4m.</p>\\r\\n<ol>\\r\\n<li>\\r\\n<p>C&aacute;c b\\u01b0\\u1edbc chu\\u1ea9n b\\u1ecb c\\u01a1 b\\u1ea3n:</p>\\r\\n<ol>\\r\\n<li>Tr&aacute;ng \\u1ea5m v&agrave; ch&eacute;n b\\u1eb1ng n\\u01b0\\u1edbc s&ocirc;i \\u0111\\u1ec3 l&agrave;m n&oacute;ng d\\u1ee5ng c\\u1ee5.</li>\\r\\n<li>Cho l\\u01b0\\u1ee3ng tr&agrave; v\\u1eeba \\u0111\\u1ee7 v&agrave;o \\u1ea5m (th\\u01b0\\u1eddng l&agrave; 1/3 \\u1ea5m).</li>\\r\\n<li>\\u0110&aacute;nh th\\u1ee9c tr&agrave; b\\u1eb1ng m\\u1ed9t ch&uacute;t n\\u01b0\\u1edbc n&oacute;ng v&agrave; \\u0111\\u1ed5 \\u0111i ngay.</li>\\r\\n<li>Pha tr&agrave; v\\u1edbi nhi\\u1ec7t \\u0111\\u1ed9 n\\u01b0\\u1edbc ph&ugrave; h\\u1ee3p (th\\u01b0\\u1eddng t\\u1eeb 80-90 \\u0111\\u1ed9 C).</li>\\r\\n</ol>\\r\\n<p>L\\u01b0u &yacute; quan tr\\u1ecdng: \\u0110\\u1eebng ng&acirc;m tr&agrave; qu&aacute; l&acirc;u v&igrave; s\\u1ebd khi\\u1ebfn n\\u01b0\\u1edbc tr&agrave; b\\u1ecb \\u0111\\u1eafng v&agrave; ch&aacute;t. H&atilde;y r&oacute;t h\\u1ebft n\\u01b0\\u1edbc tr&agrave; ra ch&eacute;n t\\u1ed1ng sau m\\u1ed7i l\\u1ea7n pha \\u0111\\u1ec3 gi\\u1eef \\u0111\\u01b0\\u1ee3c h\\u01b0\\u01a1ng v\\u1ecb tinh t\\u1ebf nh\\u1ea5t.</p>\\r\\n<p>Ch&uacute;c b\\u1ea1n c&oacute; nh\\u1eefng gi&acirc;y ph&uacute;t th\\u01b0 gi&atilde;n tuy\\u1ec7t v\\u1eddi b&ecirc;n t&aacute;ch tr&agrave; c\\u1ee7a m&igrave;nh!</p>\\r\\n</li>\\r\\n</ol>\", \"created_at\": \"2026-01-28 07:35:36.795676+00:00\"}",
      "status": "SUCCESS",
      "reason": "StoryboardItem was updated",
      "previous_hash": "303c654806b2898ba81dce6b390fbd2d77d6a868a4a378a098aff38c5b8fa7d4",
      "current_hash": "621e595e3b5b22b05f5238107066248ae1f150c8f5256b758a6ef27f5f8c99fb"
    }
  },
  {
    "model": "MyApp.auditlog",
    "pk": "cfd35f64-2634-469e-b7ee-93530d558bda",
    "fields": {
      "timestamp": "2026-03-21T03:49:47.456Z",
      "event_type": "DATA_UPDATE",
      "severity_level": "WARNING",
      "actor_id": 3,
      "actor_role": "admin",
      "ip_address": "127.0.0.1",
      "user_agent": "Mozilla/5.0 (Windows NT 10.0; Win64; x64) AppleWebKit/537.36 (KHTML, like Gecko) Chrome/146.0.0.0 Safari/537.36",
      "resource_type": "Product",
      "resource_id": "22",
      "before_state": "{\"id\": 22, \"category\": \"Ph\\u1ee5 Ki\\u1ec7n Pha Tr\\u00e0 [ID: 5]\", \"title\": \"\\u1ea4m T\\u1eed Sa Nghi H\\u01b0ng\", \"slug\": \"am-tu-sa-nghi-hung\", \"excerpt\": \"\\u1ea4m t\\u1eed sa ch\\u00ednh hi\\u1ec7u Nghi H\\u01b0ng, dung t\\u00edch 200ml.\", \"image\": \"products/t\\u1ea3i_xu\\u1ed1ng_44.jpg\", \"description\": \"\\u1ea4m t\\u1eed sa l\\u00e0m t\\u1eeb \\u0111\\u1ea5t s\\u00e9t Nghi H\\u01b0ng (Yixing) ch\\u00ednh hi\\u1ec7u, dung t\\u00edch 200ml. \\u0110\\u1ea5t t\\u1eed sa c\\u00f3 c\\u1ea5u tr\\u00fac vi l\\u1ed7 gi\\u00fap \\\"h\\u00edt th\\u1edf\\\", gi\\u1eef nhi\\u1ec7t t\\u1ed1t v\\u00e0 t\\u0103ng h\\u01b0\\u01a1ng v\\u1ecb tr\\u00e0 theo th\\u1eddi gian s\\u1eed d\\u1ee5ng. M\\u1ed7i \\u1ea5m ch\\u1ec9 n\\u00ean d\\u00f9ng cho m\\u1ed9t lo\\u1ea1i tr\\u00e0.\", \"ingredients\": \"\\u0110\\u1ea5t s\\u00e9t t\\u1eed sa Nghi H\\u01b0ng t\\u1ef1 nhi\\u00ean, nung th\\u1ee7 c\\u00f4ng \\u1edf 1100-1200\\u00b0C.\", \"brewing_guide\": \"Tr\\u01b0\\u1edbc khi d\\u00f9ng l\\u1ea7n \\u0111\\u1ea7u: r\\u1eeda s\\u1ea1ch, \\u0111un s\\u00f4i \\u1ea5m trong n\\u01b0\\u1edbc tr\\u00e0 lo\\u00e3ng 30 ph\\u00fat. Sau m\\u1ed7i l\\u1ea7n d\\u00f9ng, r\\u1eeda b\\u1eb1ng n\\u01b0\\u1edbc n\\u00f3ng, kh\\u00f4ng d\\u00f9ng x\\u00e0 ph\\u00f2ng.\", \"price\": \"850000\", \"physical_stock\": 50, \"reserved_stock\": 0, \"views_count\": 12, \"created_at\": \"2026-03-11 15:29:35.454484+00:00\"}",
      "after_state": "{\"id\": 22, \"category\": \"Ph\\u1ee5 Ki\\u1ec7n Pha Tr\\u00e0 [ID: 5]\", \"title\": \"\\u1ea4m T\\u1eed Sa Nghi H\\u01b0ng\", \"slug\": \"am-tu-sa-nghi-hung\", \"excerpt\": \"\\u1ea4m t\\u1eed sa ch\\u00ednh hi\\u1ec7u Nghi H\\u01b0ng, dung t\\u00edch 200ml.\", \"image\": \"products/t\\u1ea3i_xu\\u1ed1ng_44.jpg\", \"description\": \"\\u1ea4m t\\u1eed sa l\\u00e0m t\\u1eeb \\u0111\\u1ea5t s\\u00e9t Nghi H\\u01b0ng (Yixing) ch\\u00ednh hi\\u1ec7u, dung t\\u00edch 200ml. \\u0110\\u1ea5t t\\u1eed sa c\\u00f3 c\\u1ea5u tr\\u00fac vi l\\u1ed7 gi\\u00fap \\\"h\\u00edt th\\u1edf\\\", gi\\u1eef nhi\\u1ec7t t\\u1ed1t v\\u00e0 t\\u0103ng h\\u01b0\\u01a1ng v\\u1ecb tr\\u00e0 theo th\\u1eddi gian s\\u1eed d\\u1ee5ng. M\\u1ed7i \\u1ea5m ch\\u1ec9 n\\u00ean d\\u00f9ng cho m\\u1ed9t lo\\u1ea1i tr\\u00e0.\", \"ingredients\": \"\\u0110\\u1ea5t s\\u00e9t t\\u1eed sa Nghi H\\u01b0ng t\\u1ef1 nhi\\u00ean, nung th\\u1ee7 c\\u00f4ng \\u1edf 1100-1200\\u00b0C.\", \"brewing_guide\": \"Tr\\u01b0\\u1edbc khi d\\u00f9ng l\\u1ea7n \\u0111\\u1ea7u: r\\u1eeda s\\u1ea1ch, \\u0111un s\\u00f4i \\u1ea5m trong n\\u01b0\\u1edbc tr\\u00e0 lo\\u00e3ng 30 ph\\u00fat. Sau m\\u1ed7i l\\u1ea7n d\\u00f9ng, r\\u1eeda b\\u1eb1ng n\\u01b0\\u1edbc n\\u00f3ng, kh\\u00f4ng d\\u00f9ng x\\u00e0 ph\\u00f2ng.\", \"price\": \"850000\", \"physical_stock\": 50, \"reserved_stock\": 0, \"views_count\": \"F(views_count) + Value(1)\", \"created_at\": \"2026-03-11 15:29:35.454484+00:00\"}",
      "status": "SUCCESS",
      "reason": "Product was updated",
      "previous_hash": "98d2efc0fd49e3ebe2d2b0dc92273ed688047ef5f17a58cc086189b9949f9280",
      "current_hash": "0b5827a6866875861c91741595bd499439af8f53dcd6ea8898285b9a57554c8b"
    }
  },
  {
    "model": "MyApp.auditlog",
    "pk": "d00a56a8-eefd-40ab-b553-2c1250d556a3",
    "fields": {
      "timestamp": "2026-03-25T00:26:25.499Z",
      "event_type": "DATA_CREATE",
      "severity_level": "INFO",
      "actor_id": 3,
      "actor_role": "admin",
      "ip_address": "127.0.0.1",
      "user_agent": "Mozilla/5.0 (Windows NT 10.0; Win64; x64) AppleWebKit/537.36 (KHTML, like Gecko) Chrome/146.0.0.0 Safari/537.36",
      "resource_type": "Order",
      "resource_id": "52",
      "before_state": "",
      "after_state": "{\"id\": 52, \"user\": \"phamquochuy [ID: 3]\", \"order_number\": \"ORD-20260325-E2ED4F\", \"total_amount\": \"280000\", \"status\": \"Ch\\u1edd x\\u00e1c nh\\u1eadn (pending)\", \"coupon\": null, \"discount_amount\": 0, \"created_at\": \"2026-03-25 00:26:25.495534+00:00\", \"updated_at\": \"2026-03-25 00:26:25.495554+00:00\", \"note\": \"\", \"pdf_generated\": false}",
      "status": "SUCCESS",
      "reason": "Order was created",
      "previous_hash": "13ab7035cf0c8398ac9937a614f7ffff19bcaac8df2e21e816b65ed90c192838",
      "current_hash": "5b88a69db9c327299c86427e45201eb46ce6eb70ae2c0e3dfa8999dd146f0c67"
    }
  },
  {
    "model": "MyApp.auditlog",
    "pk": "d40affb0-2996-4d9c-b590-8070efa54c45",
    "fields": {
      "timestamp": "2026-03-21T04:05:18.356Z",
      "event_type": "DATA_UPDATE",
      "severity_level": "WARNING",
      "actor_id": 3,
      "actor_role": "admin",
      "ip_address": "127.0.0.1",
      "user_agent": "Mozilla/5.0 (Windows NT 10.0; Win64; x64) AppleWebKit/537.36 (KHTML, like Gecko) Chrome/146.0.0.0 Safari/537.36",
      "resource_type": "Product",
      "resource_id": "15",
      "before_state": "{\"id\": 15, \"category\": \"\\u00d4 Long [ID: 3]\", \"title\": \"Tr\\u00e0 \\u00d4 Long \\u0110\\u00e0 L\\u1ea1t\", \"slug\": \"tra-o-long-da-lat\", \"excerpt\": \"\\u00d4 long \\u0110\\u00e0 L\\u1ea1t thanh nh\\u1eb9, h\\u01b0\\u01a1ng hoa lan tho\\u1ea3ng.\", \"image\": \"products/t\\u1ea3i_xu\\u1ed1ng_39.jpg\", \"description\": \"\\u00d4 long tr\\u1ed3ng t\\u1ea1i C\\u1ea7u \\u0110\\u1ea5t, \\u0110\\u00e0 L\\u1ea1t \\u1edf \\u0111\\u1ed9 cao 1.500m. Kh\\u00ed h\\u1eadu m\\u00e1t l\\u1ea1nh quanh n\\u0103m t\\u1ea1o n\\u00ean h\\u01b0\\u01a1ng v\\u1ecb tinh t\\u1ebf ri\\u00eang bi\\u1ec7t. Tr\\u00e0 b\\u00e1n l\\u00ean men (30-40%), n\\u01b0\\u1edbc pha v\\u00e0ng nh\\u1ea1t, h\\u01b0\\u01a1ng hoa lan v\\u00e0 b\\u01a1 thoang tho\\u1ea3ng, v\\u1ecb ng\\u1ecdt t\\u1ef1 nhi\\u00ean n\\u01a1i cu\\u1ed1ng h\\u1ecdng.\", \"ingredients\": \"Tr\\u00e0 \\u00f4 long C\\u1ea7u \\u0110\\u1ea5t, \\u0110\\u00e0 L\\u1ea1t, ch\\u1ebf bi\\u1ebfn b\\u00e1n l\\u00ean men.\", \"brewing_guide\": \"N\\u01b0\\u1edbc 90-95\\u00b0C, 5g tr\\u00e0 cho \\u1ea5m 150ml. Tr\\u00e1ng tr\\u00e0 l\\u1ea7n \\u0111\\u1ea7u, b\\u1ecf n\\u01b0\\u1edbc. H\\u00e3m t\\u1eeb l\\u1ea7n 2, m\\u1ed7i l\\u1ea7n 30-45 gi\\u00e2y. C\\u00f3 th\\u1ec3 h\\u00e3m 5-7 l\\u1ea7n.\", \"price\": \"220000\", \"physical_stock\": 85, \"reserved_stock\": 1, \"views_count\": 5, \"created_at\": \"2026-03-11 15:29:35.348057+00:00\"}",
      "after_state": "{\"id\": 15, \"category\": \"\\u00d4 Long [ID: 3]\", \"title\": \"Tr\\u00e0 \\u00d4 Long \\u0110\\u00e0 L\\u1ea1t\", \"slug\": \"tra-o-long-da-lat\", \"excerpt\": \"\\u00d4 long \\u0110\\u00e0 L\\u1ea1t thanh nh\\u1eb9, h\\u01b0\\u01a1ng hoa lan tho\\u1ea3ng.\", \"image\": \"products/t\\u1ea3i_xu\\u1ed1ng_39.jpg\", \"description\": \"\\u00d4 long tr\\u1ed3ng t\\u1ea1i C\\u1ea7u \\u0110\\u1ea5t, \\u0110\\u00e0 L\\u1ea1t \\u1edf \\u0111\\u1ed9 cao 1.500m. Kh\\u00ed h\\u1eadu m\\u00e1t l\\u1ea1nh quanh n\\u0103m t\\u1ea1o n\\u00ean h\\u01b0\\u01a1ng v\\u1ecb tinh t\\u1ebf ri\\u00eang bi\\u1ec7t. Tr\\u00e0 b\\u00e1n l\\u00ean men (30-40%), n\\u01b0\\u1edbc pha v\\u00e0ng nh\\u1ea1t, h\\u01b0\\u01a1ng hoa lan v\\u00e0 b\\u01a1 thoang tho\\u1ea3ng, v\\u1ecb ng\\u1ecdt t\\u1ef1 nhi\\u00ean n\\u01a1i cu\\u1ed1ng h\\u1ecdng.\", \"ingredients\": \"Tr\\u00e0 \\u00f4 long C\\u1ea7u \\u0110\\u1ea5t, \\u0110\\u00e0 L\\u1ea1t, ch\\u1ebf bi\\u1ebfn b\\u00e1n l\\u00ean men.\", \"brewing_guide\": \"N\\u01b0\\u1edbc 90-95\\u00b0C, 5g tr\\u00e0 cho \\u1ea5m 150ml. Tr\\u00e1ng tr\\u00e0 l\\u1ea7n \\u0111\\u1ea7u, b\\u1ecf n\\u01b0\\u1edbc. H\\u00e3m t\\u1eeb l\\u1ea7n 2, m\\u1ed7i l\\u1ea7n 30-45 gi\\u00e2y. C\\u00f3 th\\u1ec3 h\\u00e3m 5-7 l\\u1ea7n.\", \"price\": \"220000\", \"physical_stock\": 85, \"reserved_stock\": \"F(reserved_stock) - Value(1)\", \"views_count\": 5, \"created_at\": \"2026-03-11 15:29:35.348057+00:00\"}",
      "status": "SUCCESS",
      "reason": "Product was updated",
      "previous_hash": "f96bfceac42adc6e45d9840cedca6ca05f6127d42e980e227fce43dc8e2ac16b",
      "current_hash": "b9d21250b06cbe644dac772132746f1924c9e24c4aab6e99d743f6c066e75b5d"
    }
  },
  {
    "model": "MyApp.auditlog",
    "pk": "d5a89b74-bf1c-4bc7-8fd3-2d914d6fb871",
    "fields": {
      "timestamp": "2026-03-21T03:15:56.034Z",
      "event_type": "DATA_UPDATE",
      "severity_level": "WARNING",
      "actor_id": 3,
      "actor_role": "admin",
      "ip_address": "127.0.0.1",
      "user_agent": "Mozilla/5.0 (Windows NT 10.0; Win64; x64) AppleWebKit/537.36 (KHTML, like Gecko) Chrome/146.0.0.0 Safari/537.36",
      "resource_type": "Product",
      "resource_id": "24",
      "before_state": "{\"id\": 24, \"category\": \"Ph\\u1ee5 Ki\\u1ec7n Pha Tr\\u00e0 [ID: 5]\", \"title\": \"Chasen - Ch\\u1ed5i Tre \\u0110\\u00e1nh Matcha\", \"slug\": \"chasen-choi-tre-danh-matcha\", \"excerpt\": \"Ch\\u1ed5i tre 80 nan truy\\u1ec1n th\\u1ed1ng cho matcha m\\u1ecbn ho\\u00e0n h\\u1ea3o.\", \"image\": \"products/Presenting_the_Osulloc_Tea_House_at_Our_Seoul_Arts_Complex___Pace_Gallery.jpg\", \"description\": \"<p style=\\\"text-align: center;\\\"><span style=\\\"font-family: 'courier new', courier, monospace; font-size: 24pt;\\\"><strong>Chasen </strong></span></p>\\r\\n<p><span style=\\\"font-family: 'courier new', courier, monospace; font-size: 24pt;\\\">Ch\\u1ed5i tre \\u0111&aacute;nh matcha 80 nan, l&agrave;m th\\u1ee7 c&ocirc;ng t\\u1eeb tre gi&agrave; t\\u1ef1 nhi&ecirc;n. D\\u1ee5ng c\\u1ee5 kh&ocirc;ng th\\u1ec3 thi\\u1ebfu trong tr&agrave; \\u0111\\u1ea1o Nh\\u1eadt B\\u1ea3n, gi&uacute;p \\u0111&aacute;nh matcha t\\u1ea1o b\\u1ecdt m\\u1ecbn \\u0111\\u1ec1u. K&egrave;m \\u0111\\u1ebf gi\\u1eef chasen \\u0111\\u1ec3 b\\u1ea3o qu\\u1ea3n \\u0111&uacute;ng c&aacute;ch.</span></p>\", \"ingredients\": \"<p>Tre gi&agrave; t\\u1ef1 nhi&ecirc;n, ch\\u1ebf t&aacute;c th\\u1ee7 c&ocirc;ng truy\\u1ec1n th\\u1ed1ng Nh\\u1eadt B\\u1ea3n.</p>\", \"brewing_guide\": \"<p>Ng&acirc;m chasen trong n\\u01b0\\u1edbc \\u1ea5m 1 ph&uacute;t tr\\u01b0\\u1edbc khi d&ugrave;ng. \\u0110&aacute;nh matcha theo h&igrave;nh ch\\u1eef W. Sau khi d&ugrave;ng, r\\u1eeda s\\u1ea1ch b\\u1eb1ng n\\u01b0\\u1edbc \\u1ea5m, \\u0111\\u1eb7t l&ecirc;n \\u0111\\u1ebf gi\\u1eef chasen.</p>\", \"price\": \"195000\", \"physical_stock\": 55, \"reserved_stock\": 1, \"views_count\": 7, \"created_at\": \"2026-03-11 15:29:35.486331+00:00\"}",
      "after_state": "{\"id\": 24, \"category\": \"Ph\\u1ee5 Ki\\u1ec7n Pha Tr\\u00e0 [ID: 5]\", \"title\": \"Chasen - Ch\\u1ed5i Tre \\u0110\\u00e1nh Matcha\", \"slug\": \"chasen-choi-tre-danh-matcha\", \"excerpt\": \"Ch\\u1ed5i tre 80 nan truy\\u1ec1n th\\u1ed1ng cho matcha m\\u1ecbn ho\\u00e0n h\\u1ea3o.\", \"image\": \"products/Presenting_the_Osulloc_Tea_House_at_Our_Seoul_Arts_Complex___Pace_Gallery.jpg\", \"description\": \"<p style=\\\"text-align: center;\\\"><span style=\\\"font-family: 'courier new', courier, monospace; font-size: 24pt;\\\"><strong>Chasen </strong></span></p>\\r\\n<p><span style=\\\"font-family: 'courier new', courier, monospace; font-size: 24pt;\\\">Ch\\u1ed5i tre \\u0111&aacute;nh matcha 80 nan, l&agrave;m th\\u1ee7 c&ocirc;ng t\\u1eeb tre gi&agrave; t\\u1ef1 nhi&ecirc;n. D\\u1ee5ng c\\u1ee5 kh&ocirc;ng th\\u1ec3 thi\\u1ebfu trong tr&agrave; \\u0111\\u1ea1o Nh\\u1eadt B\\u1ea3n, gi&uacute;p \\u0111&aacute;nh matcha t\\u1ea1o b\\u1ecdt m\\u1ecbn \\u0111\\u1ec1u. K&egrave;m \\u0111\\u1ebf gi\\u1eef chasen \\u0111\\u1ec3 b\\u1ea3o qu\\u1ea3n \\u0111&uacute;ng c&aacute;ch.</span></p>\", \"ingredients\": \"<p>Tre gi&agrave; t\\u1ef1 nhi&ecirc;n, ch\\u1ebf t&aacute;c th\\u1ee7 c&ocirc;ng truy\\u1ec1n th\\u1ed1ng Nh\\u1eadt B\\u1ea3n.</p>\", \"brewing_guide\": \"<p>Ng&acirc;m chasen trong n\\u01b0\\u1edbc \\u1ea5m 1 ph&uacute;t tr\\u01b0\\u1edbc khi d&ugrave;ng. \\u0110&aacute;nh matcha theo h&igrave;nh ch\\u1eef W. Sau khi d&ugrave;ng, r\\u1eeda s\\u1ea1ch b\\u1eb1ng n\\u01b0\\u1edbc \\u1ea5m, \\u0111\\u1eb7t l&ecirc;n \\u0111\\u1ebf gi\\u1eef chasen.</p>\", \"price\": \"195000\", \"physical_stock\": 55, \"reserved_stock\": 1, \"views_count\": \"F(views_count) + Value(1)\", \"created_at\": \"2026-03-11 15:29:35.486331+00:00\"}",
      "status": "SUCCESS",
      "reason": "Product was updated",
      "previous_hash": "54f467072f3fbde916ad334d76d54ac5f8ed1de1d4dd35b0e734e76e82feb81b",
      "current_hash": "4f4a5b2e0a1833774c6243ddecc97a0fd6ef76479b311e61cc1db808a55a33c5"
    }
  },
  {
    "model": "MyApp.auditlog",
    "pk": "d8809101-d444-4fe1-80f4-e33b8cf307a3",
    "fields": {
      "timestamp": "2026-03-24T23:24:24.735Z",
      "event_type": "DATA_UPDATE",
      "severity_level": "WARNING",
      "actor_id": 3,
      "actor_role": "admin",
      "ip_address": "127.0.0.1",
      "user_agent": "Mozilla/5.0 (Windows NT 10.0; Win64; x64) AppleWebKit/537.36 (KHTML, like Gecko) Chrome/146.0.0.0 Safari/537.36",
      "resource_type": "Product",
      "resource_id": "24",
      "before_state": "{\"id\": 24, \"category\": \"Ph\\u1ee5 Ki\\u1ec7n Pha Tr\\u00e0 [ID: 5]\", \"title\": \"Chasen - Ch\\u1ed5i Tre \\u0110\\u00e1nh Matcha\", \"slug\": \"chasen-choi-tre-danh-matcha\", \"excerpt\": \"Ch\\u1ed5i tre 80 nan truy\\u1ec1n th\\u1ed1ng cho matcha m\\u1ecbn ho\\u00e0n h\\u1ea3o.\", \"image\": \"products/Presenting_the_Osulloc_Tea_House_at_Our_Seoul_Arts_Complex___Pace_Gallery.jpg\", \"description\": \"<p style=\\\"text-align: center;\\\"><span style=\\\"font-family: 'courier new', courier, monospace; font-size: 24pt;\\\"><strong>Chasen </strong></span></p>\\r\\n<p><span style=\\\"font-family: 'courier new', courier, monospace; font-size: 24pt;\\\">Ch\\u1ed5i tre \\u0111&aacute;nh matcha 80 nan, l&agrave;m th\\u1ee7 c&ocirc;ng t\\u1eeb tre gi&agrave; t\\u1ef1 nhi&ecirc;n. D\\u1ee5ng c\\u1ee5 kh&ocirc;ng th\\u1ec3 thi\\u1ebfu trong tr&agrave; \\u0111\\u1ea1o Nh\\u1eadt B\\u1ea3n, gi&uacute;p \\u0111&aacute;nh matcha t\\u1ea1o b\\u1ecdt m\\u1ecbn \\u0111\\u1ec1u. K&egrave;m \\u0111\\u1ebf gi\\u1eef chasen \\u0111\\u1ec3 b\\u1ea3o qu\\u1ea3n \\u0111&uacute;ng c&aacute;ch.</span></p>\", \"ingredients\": \"<p>Tre gi&agrave; t\\u1ef1 nhi&ecirc;n, ch\\u1ebf t&aacute;c th\\u1ee7 c&ocirc;ng truy\\u1ec1n th\\u1ed1ng Nh\\u1eadt B\\u1ea3n.</p>\", \"brewing_guide\": \"<p>Ng&acirc;m chasen trong n\\u01b0\\u1edbc \\u1ea5m 1 ph&uacute;t tr\\u01b0\\u1edbc khi d&ugrave;ng. \\u0110&aacute;nh matcha theo h&igrave;nh ch\\u1eef W. Sau khi d&ugrave;ng, r\\u1eeda s\\u1ea1ch b\\u1eb1ng n\\u01b0\\u1edbc \\u1ea5m, \\u0111\\u1eb7t l&ecirc;n \\u0111\\u1ebf gi\\u1eef chasen.</p>\", \"price\": \"195000\", \"physical_stock\": 55, \"reserved_stock\": 1, \"views_count\": 11, \"created_at\": \"2026-03-11 15:29:35.486331+00:00\"}",
      "after_state": "{\"id\": 24, \"category\": \"Ph\\u1ee5 Ki\\u1ec7n Pha Tr\\u00e0 [ID: 5]\", \"title\": \"Chasen - Ch\\u1ed5i Tre \\u0110\\u00e1nh Matcha\", \"slug\": \"chasen-choi-tre-danh-matcha\", \"excerpt\": \"Ch\\u1ed5i tre 80 nan truy\\u1ec1n th\\u1ed1ng cho matcha m\\u1ecbn ho\\u00e0n h\\u1ea3o.\", \"image\": \"products/Presenting_the_Osulloc_Tea_House_at_Our_Seoul_Arts_Complex___Pace_Gallery.jpg\", \"description\": \"<p style=\\\"text-align: center;\\\"><span style=\\\"font-family: 'courier new', courier, monospace; font-size: 24pt;\\\"><strong>Chasen </strong></span></p>\\r\\n<p><span style=\\\"font-family: 'courier new', courier, monospace; font-size: 24pt;\\\">Ch\\u1ed5i tre \\u0111&aacute;nh matcha 80 nan, l&agrave;m th\\u1ee7 c&ocirc;ng t\\u1eeb tre gi&agrave; t\\u1ef1 nhi&ecirc;n. D\\u1ee5ng c\\u1ee5 kh&ocirc;ng th\\u1ec3 thi\\u1ebfu trong tr&agrave; \\u0111\\u1ea1o Nh\\u1eadt B\\u1ea3n, gi&uacute;p \\u0111&aacute;nh matcha t\\u1ea1o b\\u1ecdt m\\u1ecbn \\u0111\\u1ec1u. K&egrave;m \\u0111\\u1ebf gi\\u1eef chasen \\u0111\\u1ec3 b\\u1ea3o qu\\u1ea3n \\u0111&uacute;ng c&aacute;ch.</span></p>\", \"ingredients\": \"<p>Tre gi&agrave; t\\u1ef1 nhi&ecirc;n, ch\\u1ebf t&aacute;c th\\u1ee7 c&ocirc;ng truy\\u1ec1n th\\u1ed1ng Nh\\u1eadt B\\u1ea3n.</p>\", \"brewing_guide\": \"<p>Ng&acirc;m chasen trong n\\u01b0\\u1edbc \\u1ea5m 1 ph&uacute;t tr\\u01b0\\u1edbc khi d&ugrave;ng. \\u0110&aacute;nh matcha theo h&igrave;nh ch\\u1eef W. Sau khi d&ugrave;ng, r\\u1eeda s\\u1ea1ch b\\u1eb1ng n\\u01b0\\u1edbc \\u1ea5m, \\u0111\\u1eb7t l&ecirc;n \\u0111\\u1ebf gi\\u1eef chasen.</p>\", \"price\": \"195000\", \"physical_stock\": 55, \"reserved_stock\": \"F(reserved_stock) + Value(1)\", \"views_count\": 11, \"created_at\": \"2026-03-11 15:29:35.486331+00:00\"}",
      "status": "SUCCESS",
      "reason": "Product was updated",
      "previous_hash": "0f04dbc928bc9eb985f7c591e5990112ba41170c8b0ff9e197d78538b64a9577",
      "current_hash": "f6925c6bb9cab79bc4eb0cc11d3aa1dcd3b8fdd7a207ca6f55ec21590b21aa50"
    }
  },
  {
    "model": "MyApp.auditlog",
    "pk": "d9880e56-bf3c-4251-aad4-d17c6bfce8bf",
    "fields": {
      "timestamp": "2026-03-24T18:14:28.434Z",
      "event_type": "DATA_UPDATE",
      "severity_level": "WARNING",
      "actor_id": 10,
      "actor_role": "customer",
      "ip_address": "127.0.0.1",
      "user_agent": "Mozilla/5.0 (Windows NT 10.0; Win64; x64) AppleWebKit/537.36 (KHTML, like Gecko) Chrome/146.0.0.0 Safari/537.36",
      "resource_type": "User",
      "resource_id": "10",
      "before_state": "{\"id\": 10, \"password\": \"!oZz1GdMvRJgNRX2Iz2CJHedLYlXWPx1YyuVbQRmd\", \"last_login\": null, \"is_superuser\": false, \"username\": \"pham_quoc_huy\", \"first_name\": \"Ph\\u1ea1m Qu\\u1ed1c Huy\", \"last_name\": \"\", \"email\": \"itachihuy212@gmail.com\", \"is_staff\": false, \"is_active\": true, \"date_joined\": \"2026-03-24 18:14:28.345686+00:00\"}",
      "after_state": "{\"id\": 10, \"password\": \"!oZz1GdMvRJgNRX2Iz2CJHedLYlXWPx1YyuVbQRmd\", \"last_login\": \"2026-03-24 18:14:28.421140+00:00\", \"is_superuser\": false, \"username\": \"pham_quoc_huy\", \"first_name\": \"Ph\\u1ea1m Qu\\u1ed1c Huy\", \"last_name\": \"\", \"email\": \"itachihuy212@gmail.com\", \"is_staff\": false, \"is_active\": true, \"date_joined\": \"2026-03-24 18:14:28.345686+00:00\"}",
      "status": "SUCCESS",
      "reason": "User was updated",
      "previous_hash": "47e0e196f2e34fc8908d3a9740d6b4a45e31e82bfeea08f6dbe78696d1ee132f",
      "current_hash": "03bd63f65658c928340041b6aecd6110ae1046691d5dd63614294301fd0204bb"
    }
  },
  {
    "model": "MyApp.auditlog",
    "pk": "db057bed-8640-4b01-a5df-b4ddc0d7aca6",
    "fields": {
      "timestamp": "2026-03-21T07:39:13.066Z",
      "event_type": "DATA_CREATE",
      "severity_level": "INFO",
      "actor_id": 3,
      "actor_role": "admin",
      "ip_address": "127.0.0.1",
      "user_agent": "Mozilla/5.0 (Windows NT 10.0; Win64; x64) AppleWebKit/537.36 (KHTML, like Gecko) Chrome/146.0.0.0 Safari/537.36",
      "resource_type": "InventoryTransaction",
      "resource_id": "27",
      "before_state": "",
      "after_state": "{\"id\": 27, \"product\": \"B\\u1ed9 Ch\\u00e9n Tr\\u00e0 G\\u1ed1m B\\u00e1t Tr\\u00e0ng [ID: 23]\", \"variation\": null, \"transaction_type\": \"T\\u1ea1m gi\\u1eef (\\u0110\\u1eb7t h\\u00e0ng) (RESERVE)\", \"quantity\": 1, \"is_physical\": true, \"reference_id\": \"CART_9 | Gi\\u1eef h\\u00e0ng khi th\\u00eam v\\u00e0o gi\\u1ecf\", \"timestamp\": \"2026-03-21 07:39:13.064408+00:00\", \"user\": \"phamquochuy [ID: 3]\"}",
      "status": "SUCCESS",
      "reason": "InventoryTransaction was created",
      "previous_hash": "14a651196294d44da56c725e7dd5e77cf19b67a3e5fa6633d9cd6ecab066375b",
      "current_hash": "b13a3c8ef5c04a523e5f9b072edad88538c4894e1c60b9e32f97139c7d5302b3"
    }
  },
  {
    "model": "MyApp.auditlog",
    "pk": "dd526922-fbc0-48fe-b84c-f9cb78e5617d",
    "fields": {
      "timestamp": "2026-03-24T18:15:08.361Z",
      "event_type": "DATA_UPDATE",
      "severity_level": "WARNING",
      "actor_id": 3,
      "actor_role": "admin",
      "ip_address": "127.0.0.1",
      "user_agent": "Mozilla/5.0 (Windows NT 10.0; Win64; x64) AppleWebKit/537.36 (KHTML, like Gecko) Chrome/146.0.0.0 Safari/537.36",
      "resource_type": "User",
      "resource_id": "3",
      "before_state": "{\"id\": 3, \"password\": \"pbkdf2_sha256$1000000$YwypuEqeriNPgQ1wOvSJTu$R2yPOp56yWCytT5Uj+JGtlbZqypNkIXbBeA82jEF1+c=\", \"last_login\": \"2026-03-24 15:41:08.772359+00:00\", \"is_superuser\": true, \"username\": \"phamquochuy\", \"first_name\": \"Ph\\u1ea1m\", \"last_name\": \"Qu\\u1ed1c Huy\", \"email\": \"phamquochuy13082003@gmail.com\", \"is_staff\": true, \"is_active\": true, \"date_joined\": \"2026-03-10 01:30:11.915306+00:00\"}",
      "after_state": "{\"id\": 3, \"password\": \"pbkdf2_sha256$1000000$YwypuEqeriNPgQ1wOvSJTu$R2yPOp56yWCytT5Uj+JGtlbZqypNkIXbBeA82jEF1+c=\", \"last_login\": \"2026-03-24 18:15:08.345911+00:00\", \"is_superuser\": true, \"username\": \"phamquochuy\", \"first_name\": \"Ph\\u1ea1m\", \"last_name\": \"Qu\\u1ed1c Huy\", \"email\": \"phamquochuy13082003@gmail.com\", \"is_staff\": true, \"is_active\": true, \"date_joined\": \"2026-03-10 01:30:11.915306+00:00\"}",
      "status": "SUCCESS",
      "reason": "User was updated",
      "previous_hash": "4934a3b462d8487862464ecdd2752e3b6e065a8a8e45d09a46823071f00b28fc",
      "current_hash": "d7d89273d0401ea00f8fa14836c0110316e565394f49c3fc2375627edc63f57a"
    }
  },
  {
    "model": "MyApp.auditlog",
    "pk": "dd6da5d6-52f8-4133-8361-da9f9d61f5f8",
    "fields": {
      "timestamp": "2026-03-25T00:12:16.034Z",
      "event_type": "DATA_UPDATE",
      "severity_level": "WARNING",
      "actor_id": 3,
      "actor_role": "admin",
      "ip_address": "127.0.0.1",
      "user_agent": "Mozilla/5.0 (Windows NT 10.0; Win64; x64) AppleWebKit/537.36 (KHTML, like Gecko) Chrome/146.0.0.0 Safari/537.36",
      "resource_type": "Product",
      "resource_id": "24",
      "before_state": "{\"id\": 24, \"category\": \"Ph\\u1ee5 Ki\\u1ec7n Pha Tr\\u00e0 [ID: 5]\", \"title\": \"Chasen - Ch\\u1ed5i Tre \\u0110\\u00e1nh Matcha\", \"slug\": \"chasen-choi-tre-danh-matcha\", \"excerpt\": \"Ch\\u1ed5i tre 80 nan truy\\u1ec1n th\\u1ed1ng cho matcha m\\u1ecbn ho\\u00e0n h\\u1ea3o.\", \"image\": \"products/Presenting_the_Osulloc_Tea_House_at_Our_Seoul_Arts_Complex___Pace_Gallery.jpg\", \"description\": \"<p style=\\\"text-align: center;\\\"><span style=\\\"font-family: 'courier new', courier, monospace; font-size: 24pt;\\\"><strong>Chasen </strong></span></p>\\r\\n<p><span style=\\\"font-family: 'courier new', courier, monospace; font-size: 24pt;\\\">Ch\\u1ed5i tre \\u0111&aacute;nh matcha 80 nan, l&agrave;m th\\u1ee7 c&ocirc;ng t\\u1eeb tre gi&agrave; t\\u1ef1 nhi&ecirc;n. D\\u1ee5ng c\\u1ee5 kh&ocirc;ng th\\u1ec3 thi\\u1ebfu trong tr&agrave; \\u0111\\u1ea1o Nh\\u1eadt B\\u1ea3n, gi&uacute;p \\u0111&aacute;nh matcha t\\u1ea1o b\\u1ecdt m\\u1ecbn \\u0111\\u1ec1u. K&egrave;m \\u0111\\u1ebf gi\\u1eef chasen \\u0111\\u1ec3 b\\u1ea3o qu\\u1ea3n \\u0111&uacute;ng c&aacute;ch.</span></p>\", \"ingredients\": \"<p>Tre gi&agrave; t\\u1ef1 nhi&ecirc;n, ch\\u1ebf t&aacute;c th\\u1ee7 c&ocirc;ng truy\\u1ec1n th\\u1ed1ng Nh\\u1eadt B\\u1ea3n.</p>\", \"brewing_guide\": \"<p>Ng&acirc;m chasen trong n\\u01b0\\u1edbc \\u1ea5m 1 ph&uacute;t tr\\u01b0\\u1edbc khi d&ugrave;ng. \\u0110&aacute;nh matcha theo h&igrave;nh ch\\u1eef W. Sau khi d&ugrave;ng, r\\u1eeda s\\u1ea1ch b\\u1eb1ng n\\u01b0\\u1edbc \\u1ea5m, \\u0111\\u1eb7t l&ecirc;n \\u0111\\u1ebf gi\\u1eef chasen.</p>\", \"price\": \"195000\", \"physical_stock\": 55, \"reserved_stock\": 1, \"views_count\": 15, \"created_at\": \"2026-03-11 15:29:35.486331+00:00\"}",
      "after_state": "{\"id\": 24, \"category\": \"Ph\\u1ee5 Ki\\u1ec7n Pha Tr\\u00e0 [ID: 5]\", \"title\": \"Chasen - Ch\\u1ed5i Tre \\u0110\\u00e1nh Matcha\", \"slug\": \"chasen-choi-tre-danh-matcha\", \"excerpt\": \"Ch\\u1ed5i tre 80 nan truy\\u1ec1n th\\u1ed1ng cho matcha m\\u1ecbn ho\\u00e0n h\\u1ea3o.\", \"image\": \"products/Presenting_the_Osulloc_Tea_House_at_Our_Seoul_Arts_Complex___Pace_Gallery.jpg\", \"description\": \"<p style=\\\"text-align: center;\\\"><span style=\\\"font-family: 'courier new', courier, monospace; font-size: 24pt;\\\"><strong>Chasen </strong></span></p>\\r\\n<p><span style=\\\"font-family: 'courier new', courier, monospace; font-size: 24pt;\\\">Ch\\u1ed5i tre \\u0111&aacute;nh matcha 80 nan, l&agrave;m th\\u1ee7 c&ocirc;ng t\\u1eeb tre gi&agrave; t\\u1ef1 nhi&ecirc;n. D\\u1ee5ng c\\u1ee5 kh&ocirc;ng th\\u1ec3 thi\\u1ebfu trong tr&agrave; \\u0111\\u1ea1o Nh\\u1eadt B\\u1ea3n, gi&uacute;p \\u0111&aacute;nh matcha t\\u1ea1o b\\u1ecdt m\\u1ecbn \\u0111\\u1ec1u. K&egrave;m \\u0111\\u1ebf gi\\u1eef chasen \\u0111\\u1ec3 b\\u1ea3o qu\\u1ea3n \\u0111&uacute;ng c&aacute;ch.</span></p>\", \"ingredients\": \"<p>Tre gi&agrave; t\\u1ef1 nhi&ecirc;n, ch\\u1ebf t&aacute;c th\\u1ee7 c&ocirc;ng truy\\u1ec1n th\\u1ed1ng Nh\\u1eadt B\\u1ea3n.</p>\", \"brewing_guide\": \"<p>Ng&acirc;m chasen trong n\\u01b0\\u1edbc \\u1ea5m 1 ph&uacute;t tr\\u01b0\\u1edbc khi d&ugrave;ng. \\u0110&aacute;nh matcha theo h&igrave;nh ch\\u1eef W. Sau khi d&ugrave;ng, r\\u1eeda s\\u1ea1ch b\\u1eb1ng n\\u01b0\\u1edbc \\u1ea5m, \\u0111\\u1eb7t l&ecirc;n \\u0111\\u1ebf gi\\u1eef chasen.</p>\", \"price\": \"195000\", \"physical_stock\": 55, \"reserved_stock\": 1, \"views_count\": \"F(views_count) + Value(1)\", \"created_at\": \"2026-03-11 15:29:35.486331+00:00\"}",
      "status": "SUCCESS",
      "reason": "Product was updated",
      "previous_hash": "bff6c66cf1e08b35050dc74de8265a513d31feddbdfacba48ad427cf72c389ac",
      "current_hash": "9845cca3b11a54ef38ac53d6742d3d6eee22bd63dad0eba90a261626c2d3f072"
    }
  },
  {
    "model": "MyApp.auditlog",
    "pk": "ddb908f1-d490-4a2f-92d9-aed0a8d643f8",
    "fields": {
      "timestamp": "2026-03-24T23:57:05.839Z",
      "event_type": "DATA_UPDATE",
      "severity_level": "WARNING",
      "actor_id": null,
      "actor_role": "customer",
      "ip_address": "127.0.0.1",
      "user_agent": "Mozilla/5.0 (Windows NT 10.0; Win64; x64) AppleWebKit/537.36 (KHTML, like Gecko) Chrome/146.0.0.0 Safari/537.36",
      "resource_type": "Product",
      "resource_id": "24",
      "before_state": "{\"id\": 24, \"category\": \"Ph\\u1ee5 Ki\\u1ec7n Pha Tr\\u00e0 [ID: 5]\", \"title\": \"Chasen - Ch\\u1ed5i Tre \\u0110\\u00e1nh Matcha\", \"slug\": \"chasen-choi-tre-danh-matcha\", \"excerpt\": \"Ch\\u1ed5i tre 80 nan truy\\u1ec1n th\\u1ed1ng cho matcha m\\u1ecbn ho\\u00e0n h\\u1ea3o.\", \"image\": \"products/Presenting_the_Osulloc_Tea_House_at_Our_Seoul_Arts_Complex___Pace_Gallery.jpg\", \"description\": \"<p style=\\\"text-align: center;\\\"><span style=\\\"font-family: 'courier new', courier, monospace; font-size: 24pt;\\\"><strong>Chasen </strong></span></p>\\r\\n<p><span style=\\\"font-family: 'courier new', courier, monospace; font-size: 24pt;\\\">Ch\\u1ed5i tre \\u0111&aacute;nh matcha 80 nan, l&agrave;m th\\u1ee7 c&ocirc;ng t\\u1eeb tre gi&agrave; t\\u1ef1 nhi&ecirc;n. D\\u1ee5ng c\\u1ee5 kh&ocirc;ng th\\u1ec3 thi\\u1ebfu trong tr&agrave; \\u0111\\u1ea1o Nh\\u1eadt B\\u1ea3n, gi&uacute;p \\u0111&aacute;nh matcha t\\u1ea1o b\\u1ecdt m\\u1ecbn \\u0111\\u1ec1u. K&egrave;m \\u0111\\u1ebf gi\\u1eef chasen \\u0111\\u1ec3 b\\u1ea3o qu\\u1ea3n \\u0111&uacute;ng c&aacute;ch.</span></p>\", \"ingredients\": \"<p>Tre gi&agrave; t\\u1ef1 nhi&ecirc;n, ch\\u1ebf t&aacute;c th\\u1ee7 c&ocirc;ng truy\\u1ec1n th\\u1ed1ng Nh\\u1eadt B\\u1ea3n.</p>\", \"brewing_guide\": \"<p>Ng&acirc;m chasen trong n\\u01b0\\u1edbc \\u1ea5m 1 ph&uacute;t tr\\u01b0\\u1edbc khi d&ugrave;ng. \\u0110&aacute;nh matcha theo h&igrave;nh ch\\u1eef W. Sau khi d&ugrave;ng, r\\u1eeda s\\u1ea1ch b\\u1eb1ng n\\u01b0\\u1edbc \\u1ea5m, \\u0111\\u1eb7t l&ecirc;n \\u0111\\u1ebf gi\\u1eef chasen.</p>\", \"price\": \"195000\", \"physical_stock\": 55, \"reserved_stock\": 1, \"views_count\": 11, \"created_at\": \"2026-03-11 15:29:35.486331+00:00\"}",
      "after_state": "{\"id\": 24, \"category\": \"Ph\\u1ee5 Ki\\u1ec7n Pha Tr\\u00e0 [ID: 5]\", \"title\": \"Chasen - Ch\\u1ed5i Tre \\u0110\\u00e1nh Matcha\", \"slug\": \"chasen-choi-tre-danh-matcha\", \"excerpt\": \"Ch\\u1ed5i tre 80 nan truy\\u1ec1n th\\u1ed1ng cho matcha m\\u1ecbn ho\\u00e0n h\\u1ea3o.\", \"image\": \"products/Presenting_the_Osulloc_Tea_House_at_Our_Seoul_Arts_Complex___Pace_Gallery.jpg\", \"description\": \"<p style=\\\"text-align: center;\\\"><span style=\\\"font-family: 'courier new', courier, monospace; font-size: 24pt;\\\"><strong>Chasen </strong></span></p>\\r\\n<p><span style=\\\"font-family: 'courier new', courier, monospace; font-size: 24pt;\\\">Ch\\u1ed5i tre \\u0111&aacute;nh matcha 80 nan, l&agrave;m th\\u1ee7 c&ocirc;ng t\\u1eeb tre gi&agrave; t\\u1ef1 nhi&ecirc;n. D\\u1ee5ng c\\u1ee5 kh&ocirc;ng th\\u1ec3 thi\\u1ebfu trong tr&agrave; \\u0111\\u1ea1o Nh\\u1eadt B\\u1ea3n, gi&uacute;p \\u0111&aacute;nh matcha t\\u1ea1o b\\u1ecdt m\\u1ecbn \\u0111\\u1ec1u. K&egrave;m \\u0111\\u1ebf gi\\u1eef chasen \\u0111\\u1ec3 b\\u1ea3o qu\\u1ea3n \\u0111&uacute;ng c&aacute;ch.</span></p>\", \"ingredients\": \"<p>Tre gi&agrave; t\\u1ef1 nhi&ecirc;n, ch\\u1ebf t&aacute;c th\\u1ee7 c&ocirc;ng truy\\u1ec1n th\\u1ed1ng Nh\\u1eadt B\\u1ea3n.</p>\", \"brewing_guide\": \"<p>Ng&acirc;m chasen trong n\\u01b0\\u1edbc \\u1ea5m 1 ph&uacute;t tr\\u01b0\\u1edbc khi d&ugrave;ng. \\u0110&aacute;nh matcha theo h&igrave;nh ch\\u1eef W. Sau khi d&ugrave;ng, r\\u1eeda s\\u1ea1ch b\\u1eb1ng n\\u01b0\\u1edbc \\u1ea5m, \\u0111\\u1eb7t l&ecirc;n \\u0111\\u1ebf gi\\u1eef chasen.</p>\", \"price\": \"195000\", \"physical_stock\": 55, \"reserved_stock\": 1, \"views_count\": \"F(views_count) + Value(1)\", \"created_at\": \"2026-03-11 15:29:35.486331+00:00\"}",
      "status": "SUCCESS",
      "reason": "Product was updated",
      "previous_hash": "5ab7342aee02b39e75648ca27cfb79c16f552341018f5dde1eee274321f2df89",
      "current_hash": "a58d0e1e741d02f25bf9e06494d86c1d1363aa9886d3cad1f4f6a3230441e484"
    }
  },
  {
    "model": "MyApp.auditlog",
    "pk": "dfef2edd-ae42-405e-af03-3115cbef7ff2",
    "fields": {
      "timestamp": "2026-03-25T00:24:49.539Z",
      "event_type": "DATA_UPDATE",
      "severity_level": "WARNING",
      "actor_id": 3,
      "actor_role": "admin",
      "ip_address": "127.0.0.1",
      "user_agent": "Mozilla/5.0 (Windows NT 10.0; Win64; x64) AppleWebKit/537.36 (KHTML, like Gecko) Chrome/146.0.0.0 Safari/537.36",
      "resource_type": "Product",
      "resource_id": "23",
      "before_state": "{\"id\": 23, \"category\": \"Ph\\u1ee5 Ki\\u1ec7n Pha Tr\\u00e0 [ID: 5]\", \"title\": \"B\\u1ed9 Ch\\u00e9n Tr\\u00e0 G\\u1ed1m B\\u00e1t Tr\\u00e0ng\", \"slug\": \"bo-chen-tra-gom-bat-trang\", \"excerpt\": \"B\\u1ed9 6 ch\\u00e9n tr\\u00e0 g\\u1ed1m B\\u00e1t Tr\\u00e0ng men lam c\\u1ed5 \\u0111i\\u1ec3n.\", \"image\": \"products/_\\ud835\\uddd4\\ud835\\uddfb\\ud835\\uddf0\\ud835\\uddf6\\ud835\\uddf2\\ud835\\uddfb\\ud835\\ude01_\\ud835\\uddd4\\ud835\\ude00\\ud835\\uddf6\\ud835\\uddee\\ud835\\uddfb_\\ud835\\udde7\\ud835\\uddf2\\ud835\\uddee_\\ud835\\udde7\\ud835\\uddff\\ud835\\uddee\\ud835\\uddf1\\ud835\\uddf6\\ud835\\ude01\\ud835\\uddf6\\ud835\\uddfc\\ud835\\uddfb\\ud835\\ude00.jpg\", \"description\": \"B\\u1ed9 6 ch\\u00e9n tr\\u00e0 g\\u1ed1m B\\u00e1t Tr\\u00e0ng v\\u1edbi men lam c\\u1ed5 \\u0111i\\u1ec3n, hoa v\\u0103n truy\\u1ec1n th\\u1ed1ng Vi\\u1ec7t Nam. Dung t\\u00edch m\\u1ed7i ch\\u00e9n 50ml, k\\u00edch th\\u01b0\\u1edbc v\\u1eeba tay. G\\u1ed1m gi\\u1eef nhi\\u1ec7t t\\u1ed1t, an to\\u00e0n th\\u1ef1c ph\\u1ea9m, ph\\u00f9 h\\u1ee3p th\\u01b0\\u1edfng tr\\u00e0 ki\\u1ec3u Vi\\u1ec7t.\", \"ingredients\": \"G\\u1ed1m B\\u00e1t Tr\\u00e0ng men lam, nung \\u1edf nhi\\u1ec7t \\u0111\\u1ed9 cao, an to\\u00e0n th\\u1ef1c ph\\u1ea9m.\", \"brewing_guide\": \"Tr\\u00e1ng ch\\u00e9n b\\u1eb1ng n\\u01b0\\u1edbc n\\u00f3ng tr\\u01b0\\u1edbc khi r\\u00f3t tr\\u00e0. R\\u1eeda s\\u1ea1ch sau khi d\\u00f9ng, tr\\u00e1nh thay \\u0111\\u1ed5i nhi\\u1ec7t \\u0111\\u1ed9 \\u0111\\u1ed9t ng\\u1ed9t.\", \"price\": \"280000\", \"physical_stock\": 39, \"reserved_stock\": 1, \"views_count\": 62, \"created_at\": \"2026-03-11 15:29:35.472752+00:00\"}",
      "after_state": "{\"id\": 23, \"category\": \"Ph\\u1ee5 Ki\\u1ec7n Pha Tr\\u00e0 [ID: 5]\", \"title\": \"B\\u1ed9 Ch\\u00e9n Tr\\u00e0 G\\u1ed1m B\\u00e1t Tr\\u00e0ng\", \"slug\": \"bo-chen-tra-gom-bat-trang\", \"excerpt\": \"B\\u1ed9 6 ch\\u00e9n tr\\u00e0 g\\u1ed1m B\\u00e1t Tr\\u00e0ng men lam c\\u1ed5 \\u0111i\\u1ec3n.\", \"image\": \"products/_\\ud835\\uddd4\\ud835\\uddfb\\ud835\\uddf0\\ud835\\uddf6\\ud835\\uddf2\\ud835\\uddfb\\ud835\\ude01_\\ud835\\uddd4\\ud835\\ude00\\ud835\\uddf6\\ud835\\uddee\\ud835\\uddfb_\\ud835\\udde7\\ud835\\uddf2\\ud835\\uddee_\\ud835\\udde7\\ud835\\uddff\\ud835\\uddee\\ud835\\uddf1\\ud835\\uddf6\\ud835\\ude01\\ud835\\uddf6\\ud835\\uddfc\\ud835\\uddfb\\ud835\\ude00.jpg\", \"description\": \"B\\u1ed9 6 ch\\u00e9n tr\\u00e0 g\\u1ed1m B\\u00e1t Tr\\u00e0ng v\\u1edbi men lam c\\u1ed5 \\u0111i\\u1ec3n, hoa v\\u0103n truy\\u1ec1n th\\u1ed1ng Vi\\u1ec7t Nam. Dung t\\u00edch m\\u1ed7i ch\\u00e9n 50ml, k\\u00edch th\\u01b0\\u1edbc v\\u1eeba tay. G\\u1ed1m gi\\u1eef nhi\\u1ec7t t\\u1ed1t, an to\\u00e0n th\\u1ef1c ph\\u1ea9m, ph\\u00f9 h\\u1ee3p th\\u01b0\\u1edfng tr\\u00e0 ki\\u1ec3u Vi\\u1ec7t.\", \"ingredients\": \"G\\u1ed1m B\\u00e1t Tr\\u00e0ng men lam, nung \\u1edf nhi\\u1ec7t \\u0111\\u1ed9 cao, an to\\u00e0n th\\u1ef1c ph\\u1ea9m.\", \"brewing_guide\": \"Tr\\u00e1ng ch\\u00e9n b\\u1eb1ng n\\u01b0\\u1edbc n\\u00f3ng tr\\u01b0\\u1edbc khi r\\u00f3t tr\\u00e0. R\\u1eeda s\\u1ea1ch sau khi d\\u00f9ng, tr\\u00e1nh thay \\u0111\\u1ed5i nhi\\u1ec7t \\u0111\\u1ed9 \\u0111\\u1ed9t ng\\u1ed9t.\", \"price\": \"280000\", \"physical_stock\": 39, \"reserved_stock\": 1, \"views_count\": \"F(views_count) + Value(1)\", \"created_at\": \"2026-03-11 15:29:35.472752+00:00\"}",
      "status": "SUCCESS",
      "reason": "Product was updated",
      "previous_hash": "5c36d066e26ad871901636a21cc22d68c5a24ef4a3c473a051e4277ab299ff3f",
      "current_hash": "f7c81db7e2d243ac73e10637d23da99da8b0cedefbb37ad6cedadf2c9e41e9b0"
    }
  },
  {
    "model": "MyApp.auditlog",
    "pk": "e08e2c27-3d54-4f30-bd3d-5ebb22642d05",
    "fields": {
      "timestamp": "2026-03-24T23:57:22.614Z",
      "event_type": "DATA_UPDATE",
      "severity_level": "WARNING",
      "actor_id": 3,
      "actor_role": "admin",
      "ip_address": "127.0.0.1",
      "user_agent": "Mozilla/5.0 (Windows NT 10.0; Win64; x64) AppleWebKit/537.36 (KHTML, like Gecko) Chrome/146.0.0.0 Safari/537.36",
      "resource_type": "User",
      "resource_id": "3",
      "before_state": "{\"id\": 3, \"password\": \"pbkdf2_sha256$1000000$YwypuEqeriNPgQ1wOvSJTu$R2yPOp56yWCytT5Uj+JGtlbZqypNkIXbBeA82jEF1+c=\", \"last_login\": \"2026-03-24 23:23:07.650769+00:00\", \"is_superuser\": true, \"username\": \"phamquochuy\", \"first_name\": \"Ph\\u1ea1m\", \"last_name\": \"Qu\\u1ed1c Huy\", \"email\": \"phamquochuy13082003@gmail.com\", \"is_staff\": true, \"is_active\": true, \"date_joined\": \"2026-03-10 01:30:11.915306+00:00\"}",
      "after_state": "{\"id\": 3, \"password\": \"pbkdf2_sha256$1000000$YwypuEqeriNPgQ1wOvSJTu$R2yPOp56yWCytT5Uj+JGtlbZqypNkIXbBeA82jEF1+c=\", \"last_login\": \"2026-03-24 23:57:22.600120+00:00\", \"is_superuser\": true, \"username\": \"phamquochuy\", \"first_name\": \"Ph\\u1ea1m\", \"last_name\": \"Qu\\u1ed1c Huy\", \"email\": \"phamquochuy13082003@gmail.com\", \"is_staff\": true, \"is_active\": true, \"date_joined\": \"2026-03-10 01:30:11.915306+00:00\"}",
      "status": "SUCCESS",
      "reason": "User was updated",
      "previous_hash": "a58d0e1e741d02f25bf9e06494d86c1d1363aa9886d3cad1f4f6a3230441e484",
      "current_hash": "96fb08ba3f05a109b1d4fd5b1b47137e14b7a677e2111392174dc6bca55d134b"
    }
  },
  {
    "model": "MyApp.auditlog",
    "pk": "e229479b-23df-4add-adf4-08b4d8f3596e",
    "fields": {
      "timestamp": "2026-03-24T18:15:47.601Z",
      "event_type": "DATA_CREATE",
      "severity_level": "INFO",
      "actor_id": 3,
      "actor_role": "admin",
      "ip_address": "127.0.0.1",
      "user_agent": "Mozilla/5.0 (Windows NT 10.0; Win64; x64) AppleWebKit/537.36 (KHTML, like Gecko) Chrome/146.0.0.0 Safari/537.36",
      "resource_type": "Invoice",
      "resource_id": "9",
      "before_state": "",
      "after_state": "{\"id\": 9, \"order\": \"Order ORD-20260324-51695E [ID: 51]\", \"invoice_number\": \"INV-20260324-721D9A\", \"pdf_file\": \"\", \"issue_date\": \"2026-03-24\", \"due_date\": null, \"status\": \"\\u0110\\u00e3 ph\\u00e1t h\\u00e0nh (issued)\", \"total_amount\": \"280000\", \"tax_amount\": 0, \"customer_name\": \"Ph\\u1ea1m Qu\\u1ed1c Huy\", \"customer_address\": \"1231243123, X\\u00e3 T\\u1ea3 L\\u00e8ng, Huy\\u1ec7n Tam \\u0110\\u01b0\\u1eddng, T\\u1ec9nh Lai Ch\\u00e2u\", \"customer_tax_code\": \"\", \"generated_at\": \"2026-03-24 18:15:47.600169+00:00\", \"sent_at\": null}",
      "status": "SUCCESS",
      "reason": "Invoice was created",
      "previous_hash": "faf3a3b3bdb25568b3dba7132cb698903f50a6097f2a4bb36797e1143d698565",
      "current_hash": "3e1d47596952d77a41db0d2c44db6e7c177c11a65e9e33a359f0d5311d599cf0"
    }
  },
  {
    "model": "MyApp.auditlog",
    "pk": "e319e21d-4257-40f3-ac80-badc12b8913f",
    "fields": {
      "timestamp": "2026-03-24T23:24:18.734Z",
      "event_type": "DATA_UPDATE",
      "severity_level": "WARNING",
      "actor_id": 3,
      "actor_role": "admin",
      "ip_address": "127.0.0.1",
      "user_agent": "Mozilla/5.0 (Windows NT 10.0; Win64; x64) AppleWebKit/537.36 (KHTML, like Gecko) Chrome/146.0.0.0 Safari/537.36",
      "resource_type": "Product",
      "resource_id": "24",
      "before_state": "{\"id\": 24, \"category\": \"Ph\\u1ee5 Ki\\u1ec7n Pha Tr\\u00e0 [ID: 5]\", \"title\": \"Chasen - Ch\\u1ed5i Tre \\u0110\\u00e1nh Matcha\", \"slug\": \"chasen-choi-tre-danh-matcha\", \"excerpt\": \"Ch\\u1ed5i tre 80 nan truy\\u1ec1n th\\u1ed1ng cho matcha m\\u1ecbn ho\\u00e0n h\\u1ea3o.\", \"image\": \"products/Presenting_the_Osulloc_Tea_House_at_Our_Seoul_Arts_Complex___Pace_Gallery.jpg\", \"description\": \"<p style=\\\"text-align: center;\\\"><span style=\\\"font-family: 'courier new', courier, monospace; font-size: 24pt;\\\"><strong>Chasen </strong></span></p>\\r\\n<p><span style=\\\"font-family: 'courier new', courier, monospace; font-size: 24pt;\\\">Ch\\u1ed5i tre \\u0111&aacute;nh matcha 80 nan, l&agrave;m th\\u1ee7 c&ocirc;ng t\\u1eeb tre gi&agrave; t\\u1ef1 nhi&ecirc;n. D\\u1ee5ng c\\u1ee5 kh&ocirc;ng th\\u1ec3 thi\\u1ebfu trong tr&agrave; \\u0111\\u1ea1o Nh\\u1eadt B\\u1ea3n, gi&uacute;p \\u0111&aacute;nh matcha t\\u1ea1o b\\u1ecdt m\\u1ecbn \\u0111\\u1ec1u. K&egrave;m \\u0111\\u1ebf gi\\u1eef chasen \\u0111\\u1ec3 b\\u1ea3o qu\\u1ea3n \\u0111&uacute;ng c&aacute;ch.</span></p>\", \"ingredients\": \"<p>Tre gi&agrave; t\\u1ef1 nhi&ecirc;n, ch\\u1ebf t&aacute;c th\\u1ee7 c&ocirc;ng truy\\u1ec1n th\\u1ed1ng Nh\\u1eadt B\\u1ea3n.</p>\", \"brewing_guide\": \"<p>Ng&acirc;m chasen trong n\\u01b0\\u1edbc \\u1ea5m 1 ph&uacute;t tr\\u01b0\\u1edbc khi d&ugrave;ng. \\u0110&aacute;nh matcha theo h&igrave;nh ch\\u1eef W. Sau khi d&ugrave;ng, r\\u1eeda s\\u1ea1ch b\\u1eb1ng n\\u01b0\\u1edbc \\u1ea5m, \\u0111\\u1eb7t l&ecirc;n \\u0111\\u1ebf gi\\u1eef chasen.</p>\", \"price\": \"195000\", \"physical_stock\": 55, \"reserved_stock\": 1, \"views_count\": 10, \"created_at\": \"2026-03-11 15:29:35.486331+00:00\"}",
      "after_state": "{\"id\": 24, \"category\": \"Ph\\u1ee5 Ki\\u1ec7n Pha Tr\\u00e0 [ID: 5]\", \"title\": \"Chasen - Ch\\u1ed5i Tre \\u0110\\u00e1nh Matcha\", \"slug\": \"chasen-choi-tre-danh-matcha\", \"excerpt\": \"Ch\\u1ed5i tre 80 nan truy\\u1ec1n th\\u1ed1ng cho matcha m\\u1ecbn ho\\u00e0n h\\u1ea3o.\", \"image\": \"products/Presenting_the_Osulloc_Tea_House_at_Our_Seoul_Arts_Complex___Pace_Gallery.jpg\", \"description\": \"<p style=\\\"text-align: center;\\\"><span style=\\\"font-family: 'courier new', courier, monospace; font-size: 24pt;\\\"><strong>Chasen </strong></span></p>\\r\\n<p><span style=\\\"font-family: 'courier new', courier, monospace; font-size: 24pt;\\\">Ch\\u1ed5i tre \\u0111&aacute;nh matcha 80 nan, l&agrave;m th\\u1ee7 c&ocirc;ng t\\u1eeb tre gi&agrave; t\\u1ef1 nhi&ecirc;n. D\\u1ee5ng c\\u1ee5 kh&ocirc;ng th\\u1ec3 thi\\u1ebfu trong tr&agrave; \\u0111\\u1ea1o Nh\\u1eadt B\\u1ea3n, gi&uacute;p \\u0111&aacute;nh matcha t\\u1ea1o b\\u1ecdt m\\u1ecbn \\u0111\\u1ec1u. K&egrave;m \\u0111\\u1ebf gi\\u1eef chasen \\u0111\\u1ec3 b\\u1ea3o qu\\u1ea3n \\u0111&uacute;ng c&aacute;ch.</span></p>\", \"ingredients\": \"<p>Tre gi&agrave; t\\u1ef1 nhi&ecirc;n, ch\\u1ebf t&aacute;c th\\u1ee7 c&ocirc;ng truy\\u1ec1n th\\u1ed1ng Nh\\u1eadt B\\u1ea3n.</p>\", \"brewing_guide\": \"<p>Ng&acirc;m chasen trong n\\u01b0\\u1edbc \\u1ea5m 1 ph&uacute;t tr\\u01b0\\u1edbc khi d&ugrave;ng. \\u0110&aacute;nh matcha theo h&igrave;nh ch\\u1eef W. Sau khi d&ugrave;ng, r\\u1eeda s\\u1ea1ch b\\u1eb1ng n\\u01b0\\u1edbc \\u1ea5m, \\u0111\\u1eb7t l&ecirc;n \\u0111\\u1ebf gi\\u1eef chasen.</p>\", \"price\": \"195000\", \"physical_stock\": 55, \"reserved_stock\": 1, \"views_count\": \"F(views_count) + Value(1)\", \"created_at\": \"2026-03-11 15:29:35.486331+00:00\"}",
      "status": "SUCCESS",
      "reason": "Product was updated",
      "previous_hash": "8edbcb668f8df676a5cdcae84bb49779e03120a6ea6a632f274f3a53c5d4e129",
      "current_hash": "0f04dbc928bc9eb985f7c591e5990112ba41170c8b0ff9e197d78538b64a9577"
    }
  },
  {
    "model": "MyApp.auditlog",
    "pk": "e333e7c1-4452-490a-9d21-3bb15f0debb7",
    "fields": {
      "timestamp": "2026-03-24T18:15:19.356Z",
      "event_type": "DATA_UPDATE",
      "severity_level": "WARNING",
      "actor_id": 3,
      "actor_role": "admin",
      "ip_address": "127.0.0.1",
      "user_agent": "Mozilla/5.0 (Windows NT 10.0; Win64; x64) AppleWebKit/537.36 (KHTML, like Gecko) Chrome/146.0.0.0 Safari/537.36",
      "resource_type": "Product",
      "resource_id": "23",
      "before_state": "{\"id\": 23, \"category\": \"Ph\\u1ee5 Ki\\u1ec7n Pha Tr\\u00e0 [ID: 5]\", \"title\": \"B\\u1ed9 Ch\\u00e9n Tr\\u00e0 G\\u1ed1m B\\u00e1t Tr\\u00e0ng\", \"slug\": \"bo-chen-tra-gom-bat-trang\", \"excerpt\": \"B\\u1ed9 6 ch\\u00e9n tr\\u00e0 g\\u1ed1m B\\u00e1t Tr\\u00e0ng men lam c\\u1ed5 \\u0111i\\u1ec3n.\", \"image\": \"products/_\\ud835\\uddd4\\ud835\\uddfb\\ud835\\uddf0\\ud835\\uddf6\\ud835\\uddf2\\ud835\\uddfb\\ud835\\ude01_\\ud835\\uddd4\\ud835\\ude00\\ud835\\uddf6\\ud835\\uddee\\ud835\\uddfb_\\ud835\\udde7\\ud835\\uddf2\\ud835\\uddee_\\ud835\\udde7\\ud835\\uddff\\ud835\\uddee\\ud835\\uddf1\\ud835\\uddf6\\ud835\\ude01\\ud835\\uddf6\\ud835\\uddfc\\ud835\\uddfb\\ud835\\ude00.jpg\", \"description\": \"B\\u1ed9 6 ch\\u00e9n tr\\u00e0 g\\u1ed1m B\\u00e1t Tr\\u00e0ng v\\u1edbi men lam c\\u1ed5 \\u0111i\\u1ec3n, hoa v\\u0103n truy\\u1ec1n th\\u1ed1ng Vi\\u1ec7t Nam. Dung t\\u00edch m\\u1ed7i ch\\u00e9n 50ml, k\\u00edch th\\u01b0\\u1edbc v\\u1eeba tay. G\\u1ed1m gi\\u1eef nhi\\u1ec7t t\\u1ed1t, an to\\u00e0n th\\u1ef1c ph\\u1ea9m, ph\\u00f9 h\\u1ee3p th\\u01b0\\u1edfng tr\\u00e0 ki\\u1ec3u Vi\\u1ec7t.\", \"ingredients\": \"G\\u1ed1m B\\u00e1t Tr\\u00e0ng men lam, nung \\u1edf nhi\\u1ec7t \\u0111\\u1ed9 cao, an to\\u00e0n th\\u1ef1c ph\\u1ea9m.\", \"brewing_guide\": \"Tr\\u00e1ng ch\\u00e9n b\\u1eb1ng n\\u01b0\\u1edbc n\\u00f3ng tr\\u01b0\\u1edbc khi r\\u00f3t tr\\u00e0. R\\u1eeda s\\u1ea1ch sau khi d\\u00f9ng, tr\\u00e1nh thay \\u0111\\u1ed5i nhi\\u1ec7t \\u0111\\u1ed9 \\u0111\\u1ed9t ng\\u1ed9t.\", \"price\": \"280000\", \"physical_stock\": 39, \"reserved_stock\": 0, \"views_count\": 55, \"created_at\": \"2026-03-11 15:29:35.472752+00:00\"}",
      "after_state": "{\"id\": 23, \"category\": \"Ph\\u1ee5 Ki\\u1ec7n Pha Tr\\u00e0 [ID: 5]\", \"title\": \"B\\u1ed9 Ch\\u00e9n Tr\\u00e0 G\\u1ed1m B\\u00e1t Tr\\u00e0ng\", \"slug\": \"bo-chen-tra-gom-bat-trang\", \"excerpt\": \"B\\u1ed9 6 ch\\u00e9n tr\\u00e0 g\\u1ed1m B\\u00e1t Tr\\u00e0ng men lam c\\u1ed5 \\u0111i\\u1ec3n.\", \"image\": \"products/_\\ud835\\uddd4\\ud835\\uddfb\\ud835\\uddf0\\ud835\\uddf6\\ud835\\uddf2\\ud835\\uddfb\\ud835\\ude01_\\ud835\\uddd4\\ud835\\ude00\\ud835\\uddf6\\ud835\\uddee\\ud835\\uddfb_\\ud835\\udde7\\ud835\\uddf2\\ud835\\uddee_\\ud835\\udde7\\ud835\\uddff\\ud835\\uddee\\ud835\\uddf1\\ud835\\uddf6\\ud835\\ude01\\ud835\\uddf6\\ud835\\uddfc\\ud835\\uddfb\\ud835\\ude00.jpg\", \"description\": \"B\\u1ed9 6 ch\\u00e9n tr\\u00e0 g\\u1ed1m B\\u00e1t Tr\\u00e0ng v\\u1edbi men lam c\\u1ed5 \\u0111i\\u1ec3n, hoa v\\u0103n truy\\u1ec1n th\\u1ed1ng Vi\\u1ec7t Nam. Dung t\\u00edch m\\u1ed7i ch\\u00e9n 50ml, k\\u00edch th\\u01b0\\u1edbc v\\u1eeba tay. G\\u1ed1m gi\\u1eef nhi\\u1ec7t t\\u1ed1t, an to\\u00e0n th\\u1ef1c ph\\u1ea9m, ph\\u00f9 h\\u1ee3p th\\u01b0\\u1edfng tr\\u00e0 ki\\u1ec3u Vi\\u1ec7t.\", \"ingredients\": \"G\\u1ed1m B\\u00e1t Tr\\u00e0ng men lam, nung \\u1edf nhi\\u1ec7t \\u0111\\u1ed9 cao, an to\\u00e0n th\\u1ef1c ph\\u1ea9m.\", \"brewing_guide\": \"Tr\\u00e1ng ch\\u00e9n b\\u1eb1ng n\\u01b0\\u1edbc n\\u00f3ng tr\\u01b0\\u1edbc khi r\\u00f3t tr\\u00e0. R\\u1eeda s\\u1ea1ch sau khi d\\u00f9ng, tr\\u00e1nh thay \\u0111\\u1ed5i nhi\\u1ec7t \\u0111\\u1ed9 \\u0111\\u1ed9t ng\\u1ed9t.\", \"price\": \"280000\", \"physical_stock\": 39, \"reserved_stock\": \"F(reserved_stock) + Value(1)\", \"views_count\": 55, \"created_at\": \"2026-03-11 15:29:35.472752+00:00\"}",
      "status": "SUCCESS",
      "reason": "Product was updated",
      "previous_hash": "04384ed9be5fa70417bdf4febea5361580021468ee6c8665ac31aa7ee8ba0cc8",
      "current_hash": "ebf3367ccafe9ef2d312fbae6bec8f31669ca96043b57c3ec68ecb1ca6ee2132"
    }
  },
  {
    "model": "MyApp.auditlog",
    "pk": "e5491527-fcc1-4025-a5c9-30828b51e333",
    "fields": {
      "timestamp": "2026-03-21T04:10:22.828Z",
      "event_type": "DATA_CREATE",
      "severity_level": "INFO",
      "actor_id": 3,
      "actor_role": "admin",
      "ip_address": "127.0.0.1",
      "user_agent": "Mozilla/5.0 (Windows NT 10.0; Win64; x64) AppleWebKit/537.36 (KHTML, like Gecko) Chrome/146.0.0.0 Safari/537.36",
      "resource_type": "InventoryTransaction",
      "resource_id": "26",
      "before_state": "",
      "after_state": "{\"id\": 26, \"product\": \"Chasen - Ch\\u1ed5i Tre \\u0110\\u00e1nh Matcha [ID: 24]\", \"variation\": null, \"transaction_type\": \"Gi\\u1ea3i ph\\u00f3ng (H\\u1ee7y \\u0111\\u01a1n) (RELEASE)\", \"quantity\": 1, \"is_physical\": true, \"reference_id\": \"CART_9 | Gi\\u1ea3i ph\\u00f3ng 1 khi x\\u00f3a\", \"timestamp\": \"2026-03-21 04:10:22.826701+00:00\", \"user\": \"phamquochuy [ID: 3]\"}",
      "status": "SUCCESS",
      "reason": "InventoryTransaction was created",
      "previous_hash": "0c3c2ec08d400ec3e9216128c5cd7bc69caa70d8aa55abb9200764051ec318b8",
      "current_hash": "024ef4e9ded24edb237e911c98e6abf255f545e42221384b36bde10c659ec0b2"
    }
  },
  {
    "model": "MyApp.auditlog",
    "pk": "e6af1243-605b-4dc8-9d3b-95c89d523b24",
    "fields": {
      "timestamp": "2026-03-24T18:14:28.365Z",
      "event_type": "DATA_CREATE",
      "severity_level": "INFO",
      "actor_id": null,
      "actor_role": "customer",
      "ip_address": "127.0.0.1",
      "user_agent": "Mozilla/5.0 (Windows NT 10.0; Win64; x64) AppleWebKit/537.36 (KHTML, like Gecko) Chrome/146.0.0.0 Safari/537.36",
      "resource_type": "UserProfile",
      "resource_id": "10",
      "before_state": "",
      "after_state": "{\"id\": 10, \"user\": \"pham_quoc_huy [ID: 10]\", \"role\": \"Kh\\u00e1ch h\\u00e0ng (customer)\", \"avatar\": \"\", \"bio\": \"Tea Lover\", \"phone\": \"\", \"address\": \"\", \"street_address\": \"\", \"province\": \"\", \"province_code\": \"\", \"district\": \"\", \"district_code\": \"\", \"ward\": \"\", \"ward_code\": \"\", \"member_since\": \"2026-03-25\", \"membership_level\": \"Bronze Leaf (bronze)\", \"membership_number\": \"7844 1927 6548 2150\", \"points\": 0}",
      "status": "SUCCESS",
      "reason": "UserProfile was created",
      "previous_hash": "9d7721224626351a81163d9c332ada0fd571a0056b083f5713983d01746332ef",
      "current_hash": "cb1ec106f8cc0e020f05ea5044fab6176fc2b852837e244aeab339adb45fe0b9"
    }
  },
  {
    "model": "MyApp.auditlog",
    "pk": "ea3005f0-8cb2-4908-8d6a-f941a348110b",
    "fields": {
      "timestamp": "2026-03-20T16:00:04.369Z",
      "event_type": "DATA_UPDATE",
      "severity_level": "WARNING",
      "actor_id": 3,
      "actor_role": "admin",
      "ip_address": "127.0.0.1",
      "user_agent": "Mozilla/5.0 (Windows NT 10.0; Win64; x64) AppleWebKit/537.36 (KHTML, like Gecko) Chrome/146.0.0.0 Safari/537.36",
      "resource_type": "UserProfile",
      "resource_id": "6",
      "before_state": "{\"id\": 6, \"user\": 6, \"role\": \"accountant\", \"avatar\": \"\", \"bio\": \"Tea Lover\", \"phone\": \"0901234567\", \"address\": \"123 Nguy\\u1ec5n Hu\\u1ec7, Ph\\u01b0\\u1eddng \\u0110\\u1ed3ng Xu\\u00e2n, Qu\\u1eadn Ho\\u00e0n Ki\\u1ebfm, Th\\u00e0nh ph\\u1ed1 H\\u00e0 N\\u1ed9i\", \"street_address\": \"123 Nguy\\u1ec5n Hu\\u1ec7\", \"province\": \"Th\\u00e0nh ph\\u1ed1 H\\u00e0 N\\u1ed9i\", \"province_code\": \"1\", \"district\": \"Qu\\u1eadn Ho\\u00e0n Ki\\u1ebfm\", \"district_code\": \"2\", \"ward\": \"Ph\\u01b0\\u1eddng \\u0110\\u1ed3ng Xu\\u00e2n\", \"ward_code\": \"40\", \"membership_level\": \"bronze\", \"membership_number\": \"8320 1553 2837 5811\", \"points\": 0}",
      "after_state": "{\"id\": 6, \"user\": 6, \"role\": \"customer\", \"avatar\": \"\", \"bio\": \"Tea Lover\", \"phone\": \"0901234567\", \"address\": \"123 Nguy\\u1ec5n Hu\\u1ec7, Ph\\u01b0\\u1eddng \\u0110\\u1ed3ng Xu\\u00e2n, Qu\\u1eadn Ho\\u00e0n Ki\\u1ebfm, Th\\u00e0nh ph\\u1ed1 H\\u00e0 N\\u1ed9i\", \"street_address\": \"123 Nguy\\u1ec5n Hu\\u1ec7\", \"province\": \"Th\\u00e0nh ph\\u1ed1 H\\u00e0 N\\u1ed9i\", \"province_code\": \"1\", \"district\": \"Qu\\u1eadn Ho\\u00e0n Ki\\u1ebfm\", \"district_code\": \"2\", \"ward\": \"Ph\\u01b0\\u1eddng \\u0110\\u1ed3ng Xu\\u00e2n\", \"ward_code\": \"40\", \"membership_level\": \"bronze\", \"membership_number\": \"8320 1553 2837 5811\", \"points\": 0}",
      "status": "SUCCESS",
      "reason": "UserProfile was updated",
      "previous_hash": "0000000000000000000000000000000000000000000000000000000000000000",
      "current_hash": "b4ef3d8fe1034395a761d6f6c33754e5c59b4c8859c3f62ee53c1c966258eacc"
    }
  },
  {
    "model": "MyApp.auditlog",
    "pk": "eaeba5b0-b286-465f-8c03-940e050736f1",
    "fields": {
      "timestamp": "2026-03-25T00:26:25.511Z",
      "event_type": "DATA_CREATE",
      "severity_level": "INFO",
      "actor_id": 3,
      "actor_role": "admin",
      "ip_address": "127.0.0.1",
      "user_agent": "Mozilla/5.0 (Windows NT 10.0; Win64; x64) AppleWebKit/537.36 (KHTML, like Gecko) Chrome/146.0.0.0 Safari/537.36",
      "resource_type": "Invoice",
      "resource_id": "10",
      "before_state": "",
      "after_state": "{\"id\": 10, \"order\": \"Order ORD-20260325-E2ED4F [ID: 52]\", \"invoice_number\": \"INV-20260325-73A398\", \"pdf_file\": \"\", \"issue_date\": \"2026-03-25\", \"due_date\": null, \"status\": \"\\u0110\\u00e3 ph\\u00e1t h\\u00e0nh (issued)\", \"total_amount\": \"280000\", \"tax_amount\": 0, \"customer_name\": \"Ph\\u1ea1m Qu\\u1ed1c Huy\", \"customer_address\": \"1231243123, X\\u00e3 T\\u1ea3 L\\u00e8ng, Huy\\u1ec7n Tam \\u0110\\u01b0\\u1eddng, T\\u1ec9nh Lai Ch\\u00e2u\", \"customer_tax_code\": \"\", \"generated_at\": \"2026-03-25 00:26:25.510246+00:00\", \"sent_at\": null}",
      "status": "SUCCESS",
      "reason": "Invoice was created",
      "previous_hash": "c6c1f9a35e3199b8f85d56b0887366675915ae5419f170164dfc8ac5b3f27f41",
      "current_hash": "1f102a4e8926b41d13bbc32655da5c3a2c494ef8b3b0ec95df9927eff3a9e380"
    }
  },
  {
    "model": "MyApp.auditlog",
    "pk": "eb98d589-3844-48d8-9721-48798cc25084",
    "fields": {
      "timestamp": "2026-03-21T03:30:42.584Z",
      "event_type": "DATA_UPDATE",
      "severity_level": "WARNING",
      "actor_id": 3,
      "actor_role": "admin",
      "ip_address": "127.0.0.1",
      "user_agent": "Mozilla/5.0 (Windows NT 10.0; Win64; x64) AppleWebKit/537.36 (KHTML, like Gecko) Chrome/146.0.0.0 Safari/537.36",
      "resource_type": "Product",
      "resource_id": "17",
      "before_state": "{\"id\": 17, \"category\": \"\\u00d4 Long [ID: 3]\", \"title\": \"\\u0110\\u00f4ng Ph\\u01b0\\u01a1ng M\\u1ef9 Nh\\u00e2n\", \"slug\": \"dong-phuong-my-nhan\", \"excerpt\": \"\\u00d4 long l\\u00ean men n\\u1eb7ng, h\\u01b0\\u01a1ng m\\u1eadt ong v\\u00e0 tr\\u00e1i c\\u00e2y ch\\u00edn.\", \"image\": \"products/Tea_aesthetic.jpg\", \"description\": \"\\u0110\\u00f4ng Ph\\u01b0\\u01a1ng M\\u1ef9 Nh\\u00e2n (Oriental Beauty) l\\u00e0 lo\\u1ea1i \\u00f4 long \\u0111\\u1eb7c bi\\u1ec7t, l\\u00ean men 60-70%. L\\u00e1 tr\\u00e0 b\\u1ecb r\\u1ea7y xanh c\\u1eafn t\\u1ea1o n\\u00ean h\\u01b0\\u01a1ng m\\u1eadt ong v\\u00e0 tr\\u00e1i c\\u00e2y ch\\u00edn \\u0111\\u1eb7c tr\\u01b0ng kh\\u00f4ng th\\u1ec3 nh\\u00e2n t\\u1ea1o. N\\u01b0\\u1edbc pha m\\u00e0u h\\u1ed5 ph\\u00e1ch, h\\u01b0\\u01a1ng ng\\u1ecdt ng\\u00e0o t\\u1ef1 nhi\\u00ean, v\\u1ecb m\\u01b0\\u1ee3t m\\u00e0.\", \"ingredients\": \"Tr\\u00e0 \\u00f4 long \\u0110\\u00f4ng Ph\\u01b0\\u01a1ng M\\u1ef9 Nh\\u00e2n, l\\u00ean men t\\u1ef1 nhi\\u00ean 60-70%.\", \"brewing_guide\": \"N\\u01b0\\u1edbc 85-90\\u00b0C, 5g tr\\u00e0 cho 200ml. H\\u00e3m 2-3 ph\\u00fat. Kh\\u00f4ng c\\u1ea7n tr\\u00e1ng tr\\u00e0. U\\u1ed1ng ch\\u1eadm r\\u00e3i \\u0111\\u1ec3 c\\u1ea3m nh\\u1eadn h\\u01b0\\u01a1ng v\\u1ecb thay \\u0111\\u1ed5i.\", \"price\": \"450000\", \"physical_stock\": 35, \"reserved_stock\": 0, \"views_count\": 2, \"created_at\": \"2026-03-11 15:29:35.382459+00:00\"}",
      "after_state": "{\"id\": 17, \"category\": \"\\u00d4 Long [ID: 3]\", \"title\": \"\\u0110\\u00f4ng Ph\\u01b0\\u01a1ng M\\u1ef9 Nh\\u00e2n\", \"slug\": \"dong-phuong-my-nhan\", \"excerpt\": \"\\u00d4 long l\\u00ean men n\\u1eb7ng, h\\u01b0\\u01a1ng m\\u1eadt ong v\\u00e0 tr\\u00e1i c\\u00e2y ch\\u00edn.\", \"image\": \"products/Tea_aesthetic.jpg\", \"description\": \"\\u0110\\u00f4ng Ph\\u01b0\\u01a1ng M\\u1ef9 Nh\\u00e2n (Oriental Beauty) l\\u00e0 lo\\u1ea1i \\u00f4 long \\u0111\\u1eb7c bi\\u1ec7t, l\\u00ean men 60-70%. L\\u00e1 tr\\u00e0 b\\u1ecb r\\u1ea7y xanh c\\u1eafn t\\u1ea1o n\\u00ean h\\u01b0\\u01a1ng m\\u1eadt ong v\\u00e0 tr\\u00e1i c\\u00e2y ch\\u00edn \\u0111\\u1eb7c tr\\u01b0ng kh\\u00f4ng th\\u1ec3 nh\\u00e2n t\\u1ea1o. N\\u01b0\\u1edbc pha m\\u00e0u h\\u1ed5 ph\\u00e1ch, h\\u01b0\\u01a1ng ng\\u1ecdt ng\\u00e0o t\\u1ef1 nhi\\u00ean, v\\u1ecb m\\u01b0\\u1ee3t m\\u00e0.\", \"ingredients\": \"Tr\\u00e0 \\u00f4 long \\u0110\\u00f4ng Ph\\u01b0\\u01a1ng M\\u1ef9 Nh\\u00e2n, l\\u00ean men t\\u1ef1 nhi\\u00ean 60-70%.\", \"brewing_guide\": \"N\\u01b0\\u1edbc 85-90\\u00b0C, 5g tr\\u00e0 cho 200ml. H\\u00e3m 2-3 ph\\u00fat. Kh\\u00f4ng c\\u1ea7n tr\\u00e1ng tr\\u00e0. U\\u1ed1ng ch\\u1eadm r\\u00e3i \\u0111\\u1ec3 c\\u1ea3m nh\\u1eadn h\\u01b0\\u01a1ng v\\u1ecb thay \\u0111\\u1ed5i.\", \"price\": \"450000\", \"physical_stock\": 35, \"reserved_stock\": 0, \"views_count\": \"F(views_count) + Value(1)\", \"created_at\": \"2026-03-11 15:29:35.382459+00:00\"}",
      "status": "SUCCESS",
      "reason": "Product was updated",
      "previous_hash": "4f4a5b2e0a1833774c6243ddecc97a0fd6ef76479b311e61cc1db808a55a33c5",
      "current_hash": "91e4515da52143befe17ef9710712ae60c419805de0e562a2040aba4312a25e9"
    }
  },
  {
    "model": "MyApp.auditlog",
    "pk": "f27f363c-617f-4d49-90a7-3499fbabd574",
    "fields": {
      "timestamp": "2026-03-21T04:05:18.364Z",
      "event_type": "DATA_CREATE",
      "severity_level": "INFO",
      "actor_id": 3,
      "actor_role": "admin",
      "ip_address": "127.0.0.1",
      "user_agent": "Mozilla/5.0 (Windows NT 10.0; Win64; x64) AppleWebKit/537.36 (KHTML, like Gecko) Chrome/146.0.0.0 Safari/537.36",
      "resource_type": "InventoryTransaction",
      "resource_id": "24",
      "before_state": "",
      "after_state": "{\"id\": 24, \"product\": \"Tr\\u00e0 \\u00d4 Long \\u0110\\u00e0 L\\u1ea1t [ID: 15]\", \"variation\": null, \"transaction_type\": \"Gi\\u1ea3i ph\\u00f3ng (H\\u1ee7y \\u0111\\u01a1n) (RELEASE)\", \"quantity\": 1, \"is_physical\": true, \"reference_id\": \"CART_9 | Gi\\u1ea3i ph\\u00f3ng 1 khi x\\u00f3a\", \"timestamp\": \"2026-03-21 04:05:18.360316+00:00\", \"user\": \"phamquochuy [ID: 3]\"}",
      "status": "SUCCESS",
      "reason": "InventoryTransaction was created",
      "previous_hash": "b9d21250b06cbe644dac772132746f1924c9e24c4aab6e99d743f6c066e75b5d",
      "current_hash": "6937867d7d146cfa2c31e1fe88228dcbc3de4c9a823823d7aeeb214ba83a637d"
    }
  },
  {
    "model": "MyApp.auditlog",
    "pk": "f4d54b3e-2914-4781-ba85-719ae5f15807",
    "fields": {
      "timestamp": "2026-03-24T23:30:29.662Z",
      "event_type": "DATA_UPDATE",
      "severity_level": "WARNING",
      "actor_id": 3,
      "actor_role": "admin",
      "ip_address": "127.0.0.1",
      "user_agent": "Mozilla/5.0 (Windows NT 10.0; Win64; x64) AppleWebKit/537.36 (KHTML, like Gecko) Chrome/146.0.0.0 Safari/537.36",
      "resource_type": "Product",
      "resource_id": "23",
      "before_state": "{\"id\": 23, \"category\": \"Ph\\u1ee5 Ki\\u1ec7n Pha Tr\\u00e0 [ID: 5]\", \"title\": \"B\\u1ed9 Ch\\u00e9n Tr\\u00e0 G\\u1ed1m B\\u00e1t Tr\\u00e0ng\", \"slug\": \"bo-chen-tra-gom-bat-trang\", \"excerpt\": \"B\\u1ed9 6 ch\\u00e9n tr\\u00e0 g\\u1ed1m B\\u00e1t Tr\\u00e0ng men lam c\\u1ed5 \\u0111i\\u1ec3n.\", \"image\": \"products/_\\ud835\\uddd4\\ud835\\uddfb\\ud835\\uddf0\\ud835\\uddf6\\ud835\\uddf2\\ud835\\uddfb\\ud835\\ude01_\\ud835\\uddd4\\ud835\\ude00\\ud835\\uddf6\\ud835\\uddee\\ud835\\uddfb_\\ud835\\udde7\\ud835\\uddf2\\ud835\\uddee_\\ud835\\udde7\\ud835\\uddff\\ud835\\uddee\\ud835\\uddf1\\ud835\\uddf6\\ud835\\ude01\\ud835\\uddf6\\ud835\\uddfc\\ud835\\uddfb\\ud835\\ude00.jpg\", \"description\": \"B\\u1ed9 6 ch\\u00e9n tr\\u00e0 g\\u1ed1m B\\u00e1t Tr\\u00e0ng v\\u1edbi men lam c\\u1ed5 \\u0111i\\u1ec3n, hoa v\\u0103n truy\\u1ec1n th\\u1ed1ng Vi\\u1ec7t Nam. Dung t\\u00edch m\\u1ed7i ch\\u00e9n 50ml, k\\u00edch th\\u01b0\\u1edbc v\\u1eeba tay. G\\u1ed1m gi\\u1eef nhi\\u1ec7t t\\u1ed1t, an to\\u00e0n th\\u1ef1c ph\\u1ea9m, ph\\u00f9 h\\u1ee3p th\\u01b0\\u1edfng tr\\u00e0 ki\\u1ec3u Vi\\u1ec7t.\", \"ingredients\": \"G\\u1ed1m B\\u00e1t Tr\\u00e0ng men lam, nung \\u1edf nhi\\u1ec7t \\u0111\\u1ed9 cao, an to\\u00e0n th\\u1ef1c ph\\u1ea9m.\", \"brewing_guide\": \"Tr\\u00e1ng ch\\u00e9n b\\u1eb1ng n\\u01b0\\u1edbc n\\u00f3ng tr\\u01b0\\u1edbc khi r\\u00f3t tr\\u00e0. R\\u1eeda s\\u1ea1ch sau khi d\\u00f9ng, tr\\u00e1nh thay \\u0111\\u1ed5i nhi\\u1ec7t \\u0111\\u1ed9 \\u0111\\u1ed9t ng\\u1ed9t.\", \"price\": \"280000\", \"physical_stock\": 39, \"reserved_stock\": 1, \"views_count\": 59, \"created_at\": \"2026-03-11 15:29:35.472752+00:00\"}",
      "after_state": "{\"id\": 23, \"category\": \"Ph\\u1ee5 Ki\\u1ec7n Pha Tr\\u00e0 [ID: 5]\", \"title\": \"B\\u1ed9 Ch\\u00e9n Tr\\u00e0 G\\u1ed1m B\\u00e1t Tr\\u00e0ng\", \"slug\": \"bo-chen-tra-gom-bat-trang\", \"excerpt\": \"B\\u1ed9 6 ch\\u00e9n tr\\u00e0 g\\u1ed1m B\\u00e1t Tr\\u00e0ng men lam c\\u1ed5 \\u0111i\\u1ec3n.\", \"image\": \"products/_\\ud835\\uddd4\\ud835\\uddfb\\ud835\\uddf0\\ud835\\uddf6\\ud835\\uddf2\\ud835\\uddfb\\ud835\\ude01_\\ud835\\uddd4\\ud835\\ude00\\ud835\\uddf6\\ud835\\uddee\\ud835\\uddfb_\\ud835\\udde7\\ud835\\uddf2\\ud835\\uddee_\\ud835\\udde7\\ud835\\uddff\\ud835\\uddee\\ud835\\uddf1\\ud835\\uddf6\\ud835\\ude01\\ud835\\uddf6\\ud835\\uddfc\\ud835\\uddfb\\ud835\\ude00.jpg\", \"description\": \"B\\u1ed9 6 ch\\u00e9n tr\\u00e0 g\\u1ed1m B\\u00e1t Tr\\u00e0ng v\\u1edbi men lam c\\u1ed5 \\u0111i\\u1ec3n, hoa v\\u0103n truy\\u1ec1n th\\u1ed1ng Vi\\u1ec7t Nam. Dung t\\u00edch m\\u1ed7i ch\\u00e9n 50ml, k\\u00edch th\\u01b0\\u1edbc v\\u1eeba tay. G\\u1ed1m gi\\u1eef nhi\\u1ec7t t\\u1ed1t, an to\\u00e0n th\\u1ef1c ph\\u1ea9m, ph\\u00f9 h\\u1ee3p th\\u01b0\\u1edfng tr\\u00e0 ki\\u1ec3u Vi\\u1ec7t.\", \"ingredients\": \"G\\u1ed1m B\\u00e1t Tr\\u00e0ng men lam, nung \\u1edf nhi\\u1ec7t \\u0111\\u1ed9 cao, an to\\u00e0n th\\u1ef1c ph\\u1ea9m.\", \"brewing_guide\": \"Tr\\u00e1ng ch\\u00e9n b\\u1eb1ng n\\u01b0\\u1edbc n\\u00f3ng tr\\u01b0\\u1edbc khi r\\u00f3t tr\\u00e0. R\\u1eeda s\\u1ea1ch sau khi d\\u00f9ng, tr\\u00e1nh thay \\u0111\\u1ed5i nhi\\u1ec7t \\u0111\\u1ed9 \\u0111\\u1ed9t ng\\u1ed9t.\", \"price\": \"280000\", \"physical_stock\": 39, \"reserved_stock\": 1, \"views_count\": \"F(views_count) + Value(1)\", \"created_at\": \"2026-03-11 15:29:35.472752+00:00\"}",
      "status": "SUCCESS",
      "reason": "Product was updated",
      "previous_hash": "e0322094838f4c0419407ab907274b90d8ab3e11ac10a0de61c83d11ab85200d",
      "current_hash": "5ab7342aee02b39e75648ca27cfb79c16f552341018f5dde1eee274321f2df89"
    }
  },
  {
    "model": "MyApp.auditlog",
    "pk": "f70b97c4-51a9-4719-ac05-eb41a4afa698",
    "fields": {
      "timestamp": "2026-03-21T04:09:26.340Z",
      "event_type": "DATA_CREATE",
      "severity_level": "INFO",
      "actor_id": 3,
      "actor_role": "admin",
      "ip_address": "127.0.0.1",
      "user_agent": "Mozilla/5.0 (Windows NT 10.0; Win64; x64) AppleWebKit/537.36 (KHTML, like Gecko) Chrome/146.0.0.0 Safari/537.36",
      "resource_type": "InventoryTransaction",
      "resource_id": "25",
      "before_state": "",
      "after_state": "{\"id\": 25, \"product\": \"Chasen - Ch\\u1ed5i Tre \\u0110\\u00e1nh Matcha [ID: 24]\", \"variation\": null, \"transaction_type\": \"T\\u1ea1m gi\\u1eef (\\u0110\\u1eb7t h\\u00e0ng) (RESERVE)\", \"quantity\": 1, \"is_physical\": true, \"reference_id\": \"CART_9 | Gi\\u1eef h\\u00e0ng khi th\\u00eam v\\u00e0o gi\\u1ecf\", \"timestamp\": \"2026-03-21 04:09:26.337889+00:00\", \"user\": \"phamquochuy [ID: 3]\"}",
      "status": "SUCCESS",
      "reason": "InventoryTransaction was created",
      "previous_hash": "43cddbdef08d1e7df6b875d61726ae2a8e624929390b1ff2bc39e70052cd8814",
      "current_hash": "2165442419d4c08e1133000587ffb3bcd1b86038ff46ebd7d4127b810604e000"
    }
  },
  {
    "model": "MyApp.auditlog",
    "pk": "fa5e117a-a0b9-4506-8ba6-f3fd1f6e8332",
    "fields": {
      "timestamp": "2026-03-21T04:04:58.749Z",
      "event_type": "DATA_UPDATE",
      "severity_level": "WARNING",
      "actor_id": 3,
      "actor_role": "admin",
      "ip_address": "127.0.0.1",
      "user_agent": "Mozilla/5.0 (Windows NT 10.0; Win64; x64) AppleWebKit/537.36 (KHTML, like Gecko) Chrome/146.0.0.0 Safari/537.36",
      "resource_type": "Product",
      "resource_id": "15",
      "before_state": "{\"id\": 15, \"category\": \"\\u00d4 Long [ID: 3]\", \"title\": \"Tr\\u00e0 \\u00d4 Long \\u0110\\u00e0 L\\u1ea1t\", \"slug\": \"tra-o-long-da-lat\", \"excerpt\": \"\\u00d4 long \\u0110\\u00e0 L\\u1ea1t thanh nh\\u1eb9, h\\u01b0\\u01a1ng hoa lan tho\\u1ea3ng.\", \"image\": \"products/t\\u1ea3i_xu\\u1ed1ng_39.jpg\", \"description\": \"\\u00d4 long tr\\u1ed3ng t\\u1ea1i C\\u1ea7u \\u0110\\u1ea5t, \\u0110\\u00e0 L\\u1ea1t \\u1edf \\u0111\\u1ed9 cao 1.500m. Kh\\u00ed h\\u1eadu m\\u00e1t l\\u1ea1nh quanh n\\u0103m t\\u1ea1o n\\u00ean h\\u01b0\\u01a1ng v\\u1ecb tinh t\\u1ebf ri\\u00eang bi\\u1ec7t. Tr\\u00e0 b\\u00e1n l\\u00ean men (30-40%), n\\u01b0\\u1edbc pha v\\u00e0ng nh\\u1ea1t, h\\u01b0\\u01a1ng hoa lan v\\u00e0 b\\u01a1 thoang tho\\u1ea3ng, v\\u1ecb ng\\u1ecdt t\\u1ef1 nhi\\u00ean n\\u01a1i cu\\u1ed1ng h\\u1ecdng.\", \"ingredients\": \"Tr\\u00e0 \\u00f4 long C\\u1ea7u \\u0110\\u1ea5t, \\u0110\\u00e0 L\\u1ea1t, ch\\u1ebf bi\\u1ebfn b\\u00e1n l\\u00ean men.\", \"brewing_guide\": \"N\\u01b0\\u1edbc 90-95\\u00b0C, 5g tr\\u00e0 cho \\u1ea5m 150ml. Tr\\u00e1ng tr\\u00e0 l\\u1ea7n \\u0111\\u1ea7u, b\\u1ecf n\\u01b0\\u1edbc. H\\u00e3m t\\u1eeb l\\u1ea7n 2, m\\u1ed7i l\\u1ea7n 30-45 gi\\u00e2y. C\\u00f3 th\\u1ec3 h\\u00e3m 5-7 l\\u1ea7n.\", \"price\": \"220000\", \"physical_stock\": 85, \"reserved_stock\": 0, \"views_count\": 4, \"created_at\": \"2026-03-11 15:29:35.348057+00:00\"}",
      "after_state": "{\"id\": 15, \"category\": \"\\u00d4 Long [ID: 3]\", \"title\": \"Tr\\u00e0 \\u00d4 Long \\u0110\\u00e0 L\\u1ea1t\", \"slug\": \"tra-o-long-da-lat\", \"excerpt\": \"\\u00d4 long \\u0110\\u00e0 L\\u1ea1t thanh nh\\u1eb9, h\\u01b0\\u01a1ng hoa lan tho\\u1ea3ng.\", \"image\": \"products/t\\u1ea3i_xu\\u1ed1ng_39.jpg\", \"description\": \"\\u00d4 long tr\\u1ed3ng t\\u1ea1i C\\u1ea7u \\u0110\\u1ea5t, \\u0110\\u00e0 L\\u1ea1t \\u1edf \\u0111\\u1ed9 cao 1.500m. Kh\\u00ed h\\u1eadu m\\u00e1t l\\u1ea1nh quanh n\\u0103m t\\u1ea1o n\\u00ean h\\u01b0\\u01a1ng v\\u1ecb tinh t\\u1ebf ri\\u00eang bi\\u1ec7t. Tr\\u00e0 b\\u00e1n l\\u00ean men (30-40%), n\\u01b0\\u1edbc pha v\\u00e0ng nh\\u1ea1t, h\\u01b0\\u01a1ng hoa lan v\\u00e0 b\\u01a1 thoang tho\\u1ea3ng, v\\u1ecb ng\\u1ecdt t\\u1ef1 nhi\\u00ean n\\u01a1i cu\\u1ed1ng h\\u1ecdng.\", \"ingredients\": \"Tr\\u00e0 \\u00f4 long C\\u1ea7u \\u0110\\u1ea5t, \\u0110\\u00e0 L\\u1ea1t, ch\\u1ebf bi\\u1ebfn b\\u00e1n l\\u00ean men.\", \"brewing_guide\": \"N\\u01b0\\u1edbc 90-95\\u00b0C, 5g tr\\u00e0 cho \\u1ea5m 150ml. Tr\\u00e1ng tr\\u00e0 l\\u1ea7n \\u0111\\u1ea7u, b\\u1ecf n\\u01b0\\u1edbc. H\\u00e3m t\\u1eeb l\\u1ea7n 2, m\\u1ed7i l\\u1ea7n 30-45 gi\\u00e2y. C\\u00f3 th\\u1ec3 h\\u00e3m 5-7 l\\u1ea7n.\", \"price\": \"220000\", \"physical_stock\": 85, \"reserved_stock\": \"F(reserved_stock) + Value(1)\", \"views_count\": 4, \"created_at\": \"2026-03-11 15:29:35.348057+00:00\"}",
      "status": "SUCCESS",
      "reason": "Product was updated",
      "previous_hash": "98182a757676eabc88ac846d728587447422a4f2f9a27d09695aa746db2037e1",
      "current_hash": "d3c0470858432b93a1143c3ed32b3e08f7d005be0a41380f505a7942c38dd1ea"
    }
  },
  {
    "model": "MyApp.auditlog",
    "pk": "fb7a05fb-9255-4ab5-8fff-7f3ea98941d3",
    "fields": {
      "timestamp": "2026-03-24T18:15:47.596Z",
      "event_type": "DATA_UPDATE",
      "severity_level": "WARNING",
      "actor_id": 3,
      "actor_role": "admin",
      "ip_address": "127.0.0.1",
      "user_agent": "Mozilla/5.0 (Windows NT 10.0; Win64; x64) AppleWebKit/537.36 (KHTML, like Gecko) Chrome/146.0.0.0 Safari/537.36",
      "resource_type": "Order",
      "resource_id": "51",
      "before_state": "{\"id\": 51, \"user\": \"phamquochuy [ID: 3]\", \"order_number\": \"ORD-20260324-51695E\", \"total_amount\": \"280000\", \"status\": \"Ch\\u1edd x\\u00e1c nh\\u1eadn (pending)\", \"coupon\": null, \"discount_amount\": \"0\", \"created_at\": \"2026-03-24 18:15:47.585943+00:00\", \"updated_at\": \"2026-03-24 18:15:47.585956+00:00\", \"note\": \"\", \"pdf_generated\": false}",
      "after_state": "{\"id\": 51, \"user\": \"phamquochuy [ID: 3]\", \"order_number\": \"ORD-20260324-51695E\", \"total_amount\": \"280000\", \"status\": \"\\u0110\\u00e3 x\\u00e1c nh\\u1eadn (\\u0110\\u00e3 gi\\u1eef h\\u00e0ng) (confirmed)\", \"coupon\": null, \"discount_amount\": 0, \"created_at\": \"2026-03-24 18:15:47.585943+00:00\", \"updated_at\": \"2026-03-24 18:15:47.595610+00:00\", \"note\": \"\", \"pdf_generated\": false}",
      "status": "SUCCESS",
      "reason": "Order was updated",
      "previous_hash": "680d8b10bb65302bbe29569cc156cfffc4099ce9dcb5c379c8f55d1c508ead06",
      "current_hash": "faf3a3b3bdb25568b3dba7132cb698903f50a6097f2a4bb36797e1143d698565"
    }
  },
  {
    "model": "MyApp.auditlog",
    "pk": "fd438621-5925-4ee7-b64f-8c5defe054e8",
    "fields": {
      "timestamp": "2026-03-21T04:04:58.944Z",
      "event_type": "DATA_UPDATE",
      "severity_level": "WARNING",
      "actor_id": 3,
      "actor_role": "admin",
      "ip_address": "127.0.0.1",
      "user_agent": "Mozilla/5.0 (Windows NT 10.0; Win64; x64) AppleWebKit/537.36 (KHTML, like Gecko) Chrome/146.0.0.0 Safari/537.36",
      "resource_type": "Product",
      "resource_id": "15",
      "before_state": "{\"id\": 15, \"category\": \"\\u00d4 Long [ID: 3]\", \"title\": \"Tr\\u00e0 \\u00d4 Long \\u0110\\u00e0 L\\u1ea1t\", \"slug\": \"tra-o-long-da-lat\", \"excerpt\": \"\\u00d4 long \\u0110\\u00e0 L\\u1ea1t thanh nh\\u1eb9, h\\u01b0\\u01a1ng hoa lan tho\\u1ea3ng.\", \"image\": \"products/t\\u1ea3i_xu\\u1ed1ng_39.jpg\", \"description\": \"\\u00d4 long tr\\u1ed3ng t\\u1ea1i C\\u1ea7u \\u0110\\u1ea5t, \\u0110\\u00e0 L\\u1ea1t \\u1edf \\u0111\\u1ed9 cao 1.500m. Kh\\u00ed h\\u1eadu m\\u00e1t l\\u1ea1nh quanh n\\u0103m t\\u1ea1o n\\u00ean h\\u01b0\\u01a1ng v\\u1ecb tinh t\\u1ebf ri\\u00eang bi\\u1ec7t. Tr\\u00e0 b\\u00e1n l\\u00ean men (30-40%), n\\u01b0\\u1edbc pha v\\u00e0ng nh\\u1ea1t, h\\u01b0\\u01a1ng hoa lan v\\u00e0 b\\u01a1 thoang tho\\u1ea3ng, v\\u1ecb ng\\u1ecdt t\\u1ef1 nhi\\u00ean n\\u01a1i cu\\u1ed1ng h\\u1ecdng.\", \"ingredients\": \"Tr\\u00e0 \\u00f4 long C\\u1ea7u \\u0110\\u1ea5t, \\u0110\\u00e0 L\\u1ea1t, ch\\u1ebf bi\\u1ebfn b\\u00e1n l\\u00ean men.\", \"brewing_guide\": \"N\\u01b0\\u1edbc 90-95\\u00b0C, 5g tr\\u00e0 cho \\u1ea5m 150ml. Tr\\u00e1ng tr\\u00e0 l\\u1ea7n \\u0111\\u1ea7u, b\\u1ecf n\\u01b0\\u1edbc. H\\u00e3m t\\u1eeb l\\u1ea7n 2, m\\u1ed7i l\\u1ea7n 30-45 gi\\u00e2y. C\\u00f3 th\\u1ec3 h\\u00e3m 5-7 l\\u1ea7n.\", \"price\": \"220000\", \"physical_stock\": 85, \"reserved_stock\": 1, \"views_count\": 4, \"created_at\": \"2026-03-11 15:29:35.348057+00:00\"}",
      "after_state": "{\"id\": 15, \"category\": \"\\u00d4 Long [ID: 3]\", \"title\": \"Tr\\u00e0 \\u00d4 Long \\u0110\\u00e0 L\\u1ea1t\", \"slug\": \"tra-o-long-da-lat\", \"excerpt\": \"\\u00d4 long \\u0110\\u00e0 L\\u1ea1t thanh nh\\u1eb9, h\\u01b0\\u01a1ng hoa lan tho\\u1ea3ng.\", \"image\": \"products/t\\u1ea3i_xu\\u1ed1ng_39.jpg\", \"description\": \"\\u00d4 long tr\\u1ed3ng t\\u1ea1i C\\u1ea7u \\u0110\\u1ea5t, \\u0110\\u00e0 L\\u1ea1t \\u1edf \\u0111\\u1ed9 cao 1.500m. Kh\\u00ed h\\u1eadu m\\u00e1t l\\u1ea1nh quanh n\\u0103m t\\u1ea1o n\\u00ean h\\u01b0\\u01a1ng v\\u1ecb tinh t\\u1ebf ri\\u00eang bi\\u1ec7t. Tr\\u00e0 b\\u00e1n l\\u00ean men (30-40%), n\\u01b0\\u1edbc pha v\\u00e0ng nh\\u1ea1t, h\\u01b0\\u01a1ng hoa lan v\\u00e0 b\\u01a1 thoang tho\\u1ea3ng, v\\u1ecb ng\\u1ecdt t\\u1ef1 nhi\\u00ean n\\u01a1i cu\\u1ed1ng h\\u1ecdng.\", \"ingredients\": \"Tr\\u00e0 \\u00f4 long C\\u1ea7u \\u0110\\u1ea5t, \\u0110\\u00e0 L\\u1ea1t, ch\\u1ebf bi\\u1ebfn b\\u00e1n l\\u00ean men.\", \"brewing_guide\": \"N\\u01b0\\u1edbc 90-95\\u00b0C, 5g tr\\u00e0 cho \\u1ea5m 150ml. Tr\\u00e1ng tr\\u00e0 l\\u1ea7n \\u0111\\u1ea7u, b\\u1ecf n\\u01b0\\u1edbc. H\\u00e3m t\\u1eeb l\\u1ea7n 2, m\\u1ed7i l\\u1ea7n 30-45 gi\\u00e2y. C\\u00f3 th\\u1ec3 h\\u00e3m 5-7 l\\u1ea7n.\", \"price\": \"220000\", \"physical_stock\": 85, \"reserved_stock\": 1, \"views_count\": \"F(views_count) + Value(1)\", \"created_at\": \"2026-03-11 15:29:35.348057+00:00\"}",
      "status": "SUCCESS",
      "reason": "Product was updated",
      "previous_hash": "c7238974bf5af35bf84866cf83b415ad9d5c0301170ca454f5422651830abedd",
      "current_hash": "f96bfceac42adc6e45d9840cedca6ca05f6127d42e980e227fce43dc8e2ac16b"
    }
  },
  {
    "model": "django_q.task",
    "pk": "38978aae84ab4d7db277a0401901fb23",
    "fields": {
      "name": "minnesota-carbon-charlie-saturn",
      "func": "MyApp.tasks.process_audit_event_task",
      "hook": null,
      "args": "gAWVhAQAAAAAAAB9lCiMCmV2ZW50X3R5cGWUjAtEQVRBX1VQREFURZSMDnNldmVyaXR5X2xldmVslIwHV0FSTklOR5SMCGFjdG9yX2lklEsDjAphY3Rvcl9yb2xllIwFYWRtaW6UjAppcF9hZGRyZXNzlIwJMTI3LjAuMC4xlIwKdXNlcl9hZ2VudJSMb01vemlsbGEvNS4wIChXaW5kb3dzIE5UIDEwLjA7IFdpbjY0OyB4NjQpIEFwcGxlV2ViS2l0LzUzNy4zNiAoS0hUTUwsIGxpa2UgR2Vja28pIENocm9tZS8xNDYuMC4wLjAgU2FmYXJpLzUzNy4zNpSMDXJlc291cmNlX3R5cGWUjAtVc2VyUHJvZmlsZZSMC3Jlc291cmNlX2lklIwBNpSMDGJlZm9yZV9zdGF0ZZR9lCiMAmlklEsGjAR1c2VylEsGjARyb2xllIwKYWNjb3VudGFudJSMBmF2YXRhcpSMAJSMA2Jpb5SMCVRlYSBMb3ZlcpSMBXBob25llIwKMDkwMTIzNDU2N5SMB2FkZHJlc3OUjFgxMjMgTmd1eeG7hW4gSHXhu4csIFBoxrDhu51uZyDEkOG7k25nIFh1w6JuLCBRdeG6rW4gSG/DoG4gS2nhur9tLCBUaMOgbmggcGjhu5EgSMOgIE7hu5lplIwOc3RyZWV0X2FkZHJlc3OUjBIxMjMgTmd1eeG7hW4gSHXhu4eUjAhwcm92aW5jZZSMFlRow6BuaCBwaOG7kSBIw6AgTuG7mWmUjA1wcm92aW5jZV9jb2RllIwBMZSMCGRpc3RyaWN0lIwTUXXhuq1uIEhvw6BuIEtp4bq/bZSMDWRpc3RyaWN0X2NvZGWUjAEylIwEd2FyZJSMF1BoxrDhu51uZyDEkOG7k25nIFh1w6JulIwJd2FyZF9jb2RllIwCNDCUjBBtZW1iZXJzaGlwX2xldmVslIwGYnJvbnpllIwRbWVtYmVyc2hpcF9udW1iZXKUjBM4MzIwIDE1NTMgMjgzNyA1ODExlIwGcG9pbnRzlEsAdYwLYWZ0ZXJfc3RhdGWUfZQoaBJLBmgTSwZoFIwJd2FyZWhvdXNllGgWaBdoGIwJVGVhIExvdmVylGgajAowOTAxMjM0NTY3lGgcjFgxMjMgTmd1eeG7hW4gSHXhu4csIFBoxrDhu51uZyDEkOG7k25nIFh1w6JuLCBRdeG6rW4gSG/DoG4gS2nhur9tLCBUaMOgbmggcGjhu5EgSMOgIE7hu5lplGgejBIxMjMgTmd1eeG7hW4gSHXhu4eUaCCMFlRow6BuaCBwaOG7kSBIw6AgTuG7mWmUaCJoI2gkjBNRdeG6rW4gSG/DoG4gS2nhur9tlGgmaCdoKIwXUGjGsOG7nW5nIMSQ4buTbmcgWHXDom6UaCqMAjQwlGgsjAZicm9uemWUaC6MEzgzMjAgMTU1MyAyODM3IDU4MTGUaDBLAHWMBnN0YXR1c5SMB1NVQ0NFU1OUjAZyZWFzb26UjBdVc2VyUHJvZmlsZSB3YXMgdXBkYXRlZJR1hZQu",
      "kwargs": "gAV9lC4=",
      "result": null,
      "group": null,
      "cluster": null,
      "started": "2026-03-20T15:49:59.448Z",
      "stopped": "2026-03-20T15:49:59.460Z",
      "success": true,
      "attempt_count": 1
    }
  },
  {
    "model": "django_q.task",
    "pk": "659541d3ff5c4d4095e3a033aec17f8c",
    "fields": {
      "name": "illinois-pennsylvania-uncle-nineteen",
      "func": "MyApp.tasks.process_audit_event_task",
      "hook": null,
      "args": "gAWVgAQAAAAAAAB9lCiMCmV2ZW50X3R5cGWUjAtEQVRBX1VQREFURZSMDnNldmVyaXR5X2xldmVslIwHV0FSTklOR5SMCGFjdG9yX2lklEsDjAphY3Rvcl9yb2xllIwFYWRtaW6UjAppcF9hZGRyZXNzlIwJMTI3LjAuMC4xlIwKdXNlcl9hZ2VudJSMb01vemlsbGEvNS4wIChXaW5kb3dzIE5UIDEwLjA7IFdpbjY0OyB4NjQpIEFwcGxlV2ViS2l0LzUzNy4zNiAoS0hUTUwsIGxpa2UgR2Vja28pIENocm9tZS8xNDYuMC4wLjAgU2FmYXJpLzUzNy4zNpSMDXJlc291cmNlX3R5cGWUjAtVc2VyUHJvZmlsZZSMC3Jlc291cmNlX2lklIwBNpSMDGJlZm9yZV9zdGF0ZZR9lCiMAmlklEsGjAR1c2VylEsGjARyb2xllIwFYWRtaW6UjAZhdmF0YXKUjACUjANiaW+UjAlUZWEgTG92ZXKUjAVwaG9uZZSMCjA5MDEyMzQ1NjeUjAdhZGRyZXNzlIxYMTIzIE5ndXnhu4VuIEh14buHLCBQaMaw4budbmcgxJDhu5NuZyBYdcOibiwgUXXhuq1uIEhvw6BuIEtp4bq/bSwgVGjDoG5oIHBo4buRIEjDoCBO4buZaZSMDnN0cmVldF9hZGRyZXNzlIwSMTIzIE5ndXnhu4VuIEh14buHlIwIcHJvdmluY2WUjBZUaMOgbmggcGjhu5EgSMOgIE7hu5lplIwNcHJvdmluY2VfY29kZZSMATGUjAhkaXN0cmljdJSME1F14bqtbiBIb8OgbiBLaeG6v22UjA1kaXN0cmljdF9jb2RllIwBMpSMBHdhcmSUjBdQaMaw4budbmcgxJDhu5NuZyBYdcOibpSMCXdhcmRfY29kZZSMAjQwlIwQbWVtYmVyc2hpcF9sZXZlbJSMBmJyb256ZZSMEW1lbWJlcnNoaXBfbnVtYmVylIwTODMyMCAxNTUzIDI4MzcgNTgxMZSMBnBvaW50c5RLAHWMC2FmdGVyX3N0YXRllH2UKGgSSwZoE0sGaBSMCmFjY291bnRhbnSUaBZoF2gYjAlUZWEgTG92ZXKUaBqMCjA5MDEyMzQ1NjeUaByMWDEyMyBOZ3V54buFbiBIdeG7hywgUGjGsOG7nW5nIMSQ4buTbmcgWHXDom4sIFF14bqtbiBIb8OgbiBLaeG6v20sIFRow6BuaCBwaOG7kSBIw6AgTuG7mWmUaB6MEjEyMyBOZ3V54buFbiBIdeG7h5RoIIwWVGjDoG5oIHBo4buRIEjDoCBO4buZaZRoImgjaCSME1F14bqtbiBIb8OgbiBLaeG6v22UaCZoJ2gojBdQaMaw4budbmcgxJDhu5NuZyBYdcOibpRoKowCNDCUaCyMBmJyb256ZZRoLowTODMyMCAxNTUzIDI4MzcgNTgxMZRoMEsAdYwGc3RhdHVzlIwHU1VDQ0VTU5SMBnJlYXNvbpSMF1VzZXJQcm9maWxlIHdhcyB1cGRhdGVklHWFlC4=",
      "kwargs": "gAV9lC4=",
      "result": null,
      "group": null,
      "cluster": null,
      "started": "2026-03-20T15:46:05.799Z",
      "stopped": "2026-03-20T15:46:05.848Z",
      "success": true,
      "attempt_count": 1
    }
  },
  {
    "model": "django_q.task",
    "pk": "dc5103bf656e427abff835984437ed73",
    "fields": {
      "name": "delaware-diet-vegan-victor",
      "func": "MyApp.tasks.process_audit_event_task",
      "hook": null,
      "args": "gAWVhAQAAAAAAAB9lCiMCmV2ZW50X3R5cGWUjAtEQVRBX1VQREFURZSMDnNldmVyaXR5X2xldmVslIwHV0FSTklOR5SMCGFjdG9yX2lklEsDjAphY3Rvcl9yb2xllIwFYWRtaW6UjAppcF9hZGRyZXNzlIwJMTI3LjAuMC4xlIwKdXNlcl9hZ2VudJSMb01vemlsbGEvNS4wIChXaW5kb3dzIE5UIDEwLjA7IFdpbjY0OyB4NjQpIEFwcGxlV2ViS2l0LzUzNy4zNiAoS0hUTUwsIGxpa2UgR2Vja28pIENocm9tZS8xNDYuMC4wLjAgU2FmYXJpLzUzNy4zNpSMDXJlc291cmNlX3R5cGWUjAtVc2VyUHJvZmlsZZSMC3Jlc291cmNlX2lklIwBNpSMDGJlZm9yZV9zdGF0ZZR9lCiMAmlklEsGjAR1c2VylEsGjARyb2xllIwJd2FyZWhvdXNllIwGYXZhdGFylIwAlIwDYmlvlIwJVGVhIExvdmVylIwFcGhvbmWUjAowOTAxMjM0NTY3lIwHYWRkcmVzc5SMWDEyMyBOZ3V54buFbiBIdeG7hywgUGjGsOG7nW5nIMSQ4buTbmcgWHXDom4sIFF14bqtbiBIb8OgbiBLaeG6v20sIFRow6BuaCBwaOG7kSBIw6AgTuG7mWmUjA5zdHJlZXRfYWRkcmVzc5SMEjEyMyBOZ3V54buFbiBIdeG7h5SMCHByb3ZpbmNllIwWVGjDoG5oIHBo4buRIEjDoCBO4buZaZSMDXByb3ZpbmNlX2NvZGWUjAExlIwIZGlzdHJpY3SUjBNRdeG6rW4gSG/DoG4gS2nhur9tlIwNZGlzdHJpY3RfY29kZZSMATKUjAR3YXJklIwXUGjGsOG7nW5nIMSQ4buTbmcgWHXDom6UjAl3YXJkX2NvZGWUjAI0MJSMEG1lbWJlcnNoaXBfbGV2ZWyUjAZicm9uemWUjBFtZW1iZXJzaGlwX251bWJlcpSMEzgzMjAgMTU1MyAyODM3IDU4MTGUjAZwb2ludHOUSwB1jAthZnRlcl9zdGF0ZZR9lChoEksGaBNLBmgUjAphY2NvdW50YW50lGgWaBdoGIwJVGVhIExvdmVylGgajAowOTAxMjM0NTY3lGgcjFgxMjMgTmd1eeG7hW4gSHXhu4csIFBoxrDhu51uZyDEkOG7k25nIFh1w6JuLCBRdeG6rW4gSG/DoG4gS2nhur9tLCBUaMOgbmggcGjhu5EgSMOgIE7hu5lplGgejBIxMjMgTmd1eeG7hW4gSHXhu4eUaCCMFlRow6BuaCBwaOG7kSBIw6AgTuG7mWmUaCJoI2gkjBNRdeG6rW4gSG/DoG4gS2nhur9tlGgmaCdoKIwXUGjGsOG7nW5nIMSQ4buTbmcgWHXDom6UaCqMAjQwlGgsjAZicm9uemWUaC6MEzgzMjAgMTU1MyAyODM3IDU4MTGUaDBLAHWMBnN0YXR1c5SMB1NVQ0NFU1OUjAZyZWFzb26UjBdVc2VyUHJvZmlsZSB3YXMgdXBkYXRlZJR1hZQu",
      "kwargs": "gAV9lC4=",
      "result": null,
      "group": null,
      "cluster": null,
      "started": "2026-03-20T15:54:02.851Z",
      "stopped": "2026-03-20T15:54:02.863Z",
      "success": true,
      "attempt_count": 1
    }
  },
  {
    "model": "django_q.task",
    "pk": "f7ea2a0e582744ac9678e4cd121b58f4",
    "fields": {
      "name": "echo-nebraska-sink-orange",
      "func": "MyApp.tasks.process_audit_event_task",
      "hook": null,
      "args": "gAWVfwQAAAAAAAB9lCiMCmV2ZW50X3R5cGWUjAtEQVRBX1VQREFURZSMDnNldmVyaXR5X2xldmVslIwHV0FSTklOR5SMCGFjdG9yX2lklEsDjAphY3Rvcl9yb2xllIwFYWRtaW6UjAppcF9hZGRyZXNzlIwJMTI3LjAuMC4xlIwKdXNlcl9hZ2VudJSMb01vemlsbGEvNS4wIChXaW5kb3dzIE5UIDEwLjA7IFdpbjY0OyB4NjQpIEFwcGxlV2ViS2l0LzUzNy4zNiAoS0hUTUwsIGxpa2UgR2Vja28pIENocm9tZS8xNDYuMC4wLjAgU2FmYXJpLzUzNy4zNpSMDXJlc291cmNlX3R5cGWUjAtVc2VyUHJvZmlsZZSMC3Jlc291cmNlX2lklIwBNpSMDGJlZm9yZV9zdGF0ZZR9lCiMAmlklEsGjAR1c2VylEsGjARyb2xllIwJd2FyZWhvdXNllIwGYXZhdGFylIwAlIwDYmlvlIwJVGVhIExvdmVylIwFcGhvbmWUjAowOTAxMjM0NTY3lIwHYWRkcmVzc5SMWDEyMyBOZ3V54buFbiBIdeG7hywgUGjGsOG7nW5nIMSQ4buTbmcgWHXDom4sIFF14bqtbiBIb8OgbiBLaeG6v20sIFRow6BuaCBwaOG7kSBIw6AgTuG7mWmUjA5zdHJlZXRfYWRkcmVzc5SMEjEyMyBOZ3V54buFbiBIdeG7h5SMCHByb3ZpbmNllIwWVGjDoG5oIHBo4buRIEjDoCBO4buZaZSMDXByb3ZpbmNlX2NvZGWUjAExlIwIZGlzdHJpY3SUjBNRdeG6rW4gSG/DoG4gS2nhur9tlIwNZGlzdHJpY3RfY29kZZSMATKUjAR3YXJklIwXUGjGsOG7nW5nIMSQ4buTbmcgWHXDom6UjAl3YXJkX2NvZGWUjAI0MJSMEG1lbWJlcnNoaXBfbGV2ZWyUjAZicm9uemWUjBFtZW1iZXJzaGlwX251bWJlcpSMEzgzMjAgMTU1MyAyODM3IDU4MTGUjAZwb2ludHOUSwB1jAthZnRlcl9zdGF0ZZR9lChoEksGaBNLBmgUjAVhZG1pbpRoFmgXaBiMCVRlYSBMb3ZlcpRoGowKMDkwMTIzNDU2N5RoHIxYMTIzIE5ndXnhu4VuIEh14buHLCBQaMaw4budbmcgxJDhu5NuZyBYdcOibiwgUXXhuq1uIEhvw6BuIEtp4bq/bSwgVGjDoG5oIHBo4buRIEjDoCBO4buZaZRoHowSMTIzIE5ndXnhu4VuIEh14buHlGggjBZUaMOgbmggcGjhu5EgSMOgIE7hu5lplGgiaCNoJIwTUXXhuq1uIEhvw6BuIEtp4bq/bZRoJmgnaCiMF1BoxrDhu51uZyDEkOG7k25nIFh1w6JulGgqjAI0MJRoLIwGYnJvbnpllGgujBM4MzIwIDE1NTMgMjgzNyA1ODExlGgwSwB1jAZzdGF0dXOUjAdTVUNDRVNTlIwGcmVhc29ulIwXVXNlclByb2ZpbGUgd2FzIHVwZGF0ZWSUdYWULg==",
      "kwargs": "gAV9lC4=",
      "result": null,
      "group": null,
      "cluster": null,
      "started": "2026-03-20T15:45:03.245Z",
      "stopped": "2026-03-20T15:45:03.276Z",
      "success": true,
      "attempt_count": 1
    }
  },
  {
    "model": "django_q.ormq",
    "pk": 1,
    "fields": {
      "key": "audit_cluster",
      "payload": ".eJzlVt9rHEUcj63XS3NtfVAotYhTVJLQu81d7i419ClNa9Q1oSRp87jM7U52xttfzM4mvYKQUGJf5iU4oRERDT5IkdbGgtBc0YcL_h_7Jj756KPf2dtErT8oKCi4y9zM98d8v5_vzHxmb62w9f3gQPa8p0bkEeYoiVrNZqNVI3at3pps1Ju1SQdP1qp2nTjVemN5vKbkswH2iZJneeiTsMKJU0kCthxyv-JjNyAxS3xwWk4CW8lXZztTUWQIHLdjI-KhTeLYwonDhEVWSCAsbQFvzN1YaRBDuboTQYrS5anFKevaVeiuKHkqBhtnomN5MPCULC5Nzc-9NTej5CC2RcgtKMA8Kof6Ag89CFHAjs8CJYdYZGHH4ZBfyeO18QtGFV6oZiiJCbewC1mVDGfDm8zz8FjTqKKRJRY44WqM5hZRDbwvIlBMNC6iGxONUQRleWSJtEwmxpr1C0Z9Ao2Yby7OvlNGHmsTNEPsdjiKpqleprFaYyJLWEULeBlzlk9R8iQgChNuk7zk4lUeOokNWEqHFr0vR8brSp5oEVhnYsUCC6KXiz5jnpaDNkhuyDvKLMiCYELXfe5S2v0QsvfuBmiR9z5FM2l300eXejsikwMXVj32EujOtMKKTUlQERxX3NCvtLDQY-1SJDdswiOAM5kFnEB2FlLokO6TIZFPAuRhH9lpdwvtb7K0eyswYBMYnAwAlUT94uIx68eP7yhoXWgPoH0N7au-vL2eG7fXcsN9bdDKz3Ov-wfCt7l1t--5vZ7PeJyHWjPejaCKkkNim7NIsBCOwk9PU8lK2v2I_WE9ZURDjFb2b-m5SSftrsOAQgCYdR08bgs0h30DXU5AIXr3bIr8tHuH5fmaVd8ro3amF_S7B5DH1tm-wEjgjpHvkwuBvkQB7ccToBNlhCFRCOiydLs2imi6d9cvQ997hED1WZRH_ERn1nW1NeIkhwUbUWKBC4RlcNiBBnO_OxMHBZdRoNFDpEMM-5t61Wwc_hkOCH-yxckqpLDchDmw3xsQdQfi9CtvpXu7IAR5zUHvYQYzF9uUId57KDLgBppPu_cwitO9HVinGCeZ3ek9Ctyy9tgJ9OrhTgZriz2BMvsVKHB1p89fxJkNeI6Nv16FB66SiHZiZmMPqBTabWUOy1NAN8JXiHOgGpClFUZWY8sOE7gbTCORJbws4LL4Df3oi2aBnn0avtGX_opq9OW_QzF67t8iF33lf0wo-to_TiI6_F-hDR09JAw9bw7TsjlAK_LMGyO_osUoOo-uYy8hI7VRlchjmhoJXC3FhWvT01cWFoBznOBYX7vP5182tIpjlEQOcMhRyQZ4tFfzz78swnyu9XJQ2wXTfzR-GX6gpoeKPxx94bnTjRPfvK3olBzU-pthoG0gHteiQzyBQTYH9HtbzasNaO9DS4yfARH5AxI:1w3bhY:DA4sKsJ4mt9xWwHj3BchHSbZt0YdE_NYdcOvnrQGNEM",
      "lock": "2026-03-20T15:23:52.843Z"
    }
  },
  {
    "model": "django_q.ormq",
    "pk": 2,
    "fields": {
      "key": "audit_cluster",
      "payload": ".eJxtkltv0zAUgLd1W7tuMCF4AYQwaKBNWrukTW_aU-kuoLIOtZv2GDmxs0RN4six6TYJAQ8DTfIb5hfxb_gVHJdqgIStKD737xz709L3YWFuuj7oTbUQEa1QjdacFnao79UCp02cjud12rTt2fUWqTudhlaLKU6oVg9pkuBKTFmGOan4LAgoreRMihBcApn6Wm0cXXazrCpwPs6rGWc-zXMXSxIJl76nqXCNBbwxP8-1QSjP1JcZFFjd65503dN38NvX6m4ONh6JSzeGQ6xV8aw7HLwZHGpVwr5g3AX8fkGVfwucxZBiCZMkSrUqR5mLCeFQX6sVu9aqWrBtMMicchefQ1Wt2BG7iuIY7zSqFto8i1LCJjkanCAbvHcRKJrOLrpoOlsI2orpGfX6kdhp1FvVehNt9l-fHL3dRnE0puiQ-mO2hXohZwndsZ3mtKCFRjjAPJqFaHUHiJjkPp21vHTMCeXQ-q3e3MmC09FqzaMB49TNBRbUDCuc79tq0fCbtteYiXRTmXgmwf3j4V6lZtWaVt12KnXroP3KgRyCCRy7OGHS9Ltca1uw4GCSShhNiVO4OUKh6LLPZMZSPVDrJMp9E3EbOG-ZV8CAQ5UORz8-7x10R9BMRgIXJkk5EBJ9I9UqDgRA_YMcPuoXwsf_Bwyf3DKFT9UKvfBDnJ5DrvDZIHxuyoYbf1UMX95I8CuOTnu9_REQLHOKc2BW96ZzRBOcI5mRKY68Bvt4MntqqghQ3OhVydhFZJ70n-M33SsXfxYerL-w5z5OdNhQJaO_YqmxgbhiREJjgUHuz5n9VQ_1NXxf4JPVXzm1Mlc:1w3bv3:85c4nEePxzaOTL1x3N-5yf3CC6vG4axWMFcQ7BV5pyY",
      "lock": "2026-03-20T15:37:49.038Z"
    }
  },
  {
    "model": "django_q.ormq",
    "pk": 3,
    "fields": {
      "key": "audit_cluster",
      "payload": ".eJy1VM1PE0EUR6C0FD-DiVGjjvELIpTddrdL44mgAVNBhBJOZjPdnTIT2p3N7G6RJibGRL2MB8N4NDHeTYxHODbx_-Dq2bPxDbSAitzsZtI372Pee7_fm3mRev8y1bP7e65GZC_zlUSGYViO6dmmNVmynJJf8q2CV8oTh1i2US3mlewPcIMoORyyVguP11iTjBOP8vFVAtr-WhJ4St6c25gKw1yMo7UoFwrukShyceKz2CVNEsSutoA3FquR0smzHfVGCIcM3Z-qTLnLC_D3QMnTEdgEizfcOgh1JdMrU4vzD-dnlMxgL-bChcLLfTK7txG8DkeksN9ggZJZFrrY9wXkV3LQzDs5Az4TDElEhItXIauSfI63WL2OJ-ycgUZWWODz9QjNV5AJ3vcQKIrWPfSsaI0iaKtOVki1zOIJu-DkCkU0Up6tzD0aQ3W2RtAM8db4KJqmgjfIhGkVdxMaaAnXsGCdECVPQUU8ER7ptrwM5SwIXmO6-qF9q-bkREnJk1VS44K4UYxjohGjJ8qDsl83obSw13XGS6IY8golB3ATxxiEHiX7qoxD9xWC0SPe1NZUSHkAAWkzX7DsogHSPkpPQYcWaHsLVejO9ls02_6Kx0Dx7cvO9odg9W_Tk2Rn63OAKu1Pwa5xDKztjwFFITi9Q7M725uAR_szmmMB1XzGgpD4gJbhIxJCLzA2TRZ4UOXlY8871XV0Pe6Dd68DeGV8BmmYB-Se_bM-COlaOyF9TtGBaVzHAuC--M9WAUPt0glK5R0jb8P5DdKoEhFRGLXOhA5UBQ9a4HPukC1ItAjtTtoFG-VNw0EFY7KELCsPt2og5CyII1XuSeQQrsUwnL9xTS_Butyda3qFXqXXDlNKrx-QSW_8bxLpraNZo3eOJ4uO7tJD7x7BCh3f44FOHEcBNbvA08I-ztQ-GlXqaDgHNJAJDFp6aXl6-sHSEqAtCI44vA8XDt07tI4jlIQ-oO6r5BV4ra13HiiZhjOE1sNkgT1m-gk8EDfVdDb9ve_8mduZ7I-fij6WGa1v6Uu2qbeDeuuTeoxhX-7R3xu1qF7Beg0ryf0Cnd8kxw:1w3bvM:akbL9Tz4dP6jpfDgu6BoANVnoFmNr0nS5aYNvdW7eU8",
      "lock": "2026-03-20T15:38:08.722Z"
    }
  },
  {
    "model": "django_q.ormq",
    "pk": 4,
    "fields": {
      "key": "audit_cluster",
      "payload": ".eJztVt9rHFUU3ramm2RNBSsqLcFjVbpLdzezyWaT2qcQaytrQmlSo74MN3du9l53fnHnTjYpCILUIt4HgyNFRGxoS9ESTG1f3H1zQv6PefWv8MxkGxNo8UFfBGdYZu4593zfOefe785-NvDt3cFcdn0aFfVRYUUaGmRqerkxXScWm6rThnHeMGi9YdDJCWu6fn4KpzznEodF-jQl0hIusSvC65BKEDoOk5WA2MQROGkldGmk35xbn_H9qiJBO6j60qMsCEwSWkKZbJW5ykw9OJvIVhClSQz3zes-UhTemVmcMa9dwcfFSJ8I0CeFWjdtfLEjnV-auTr_3vylSA8SqjxpYgHNY3p4byA9GyEGiOUIN9LDwjeJZUnkj_RQbXyqauBdQ0cYMGmSFrJG2pvzrgvbJmOTVQOKS8K1vE4A84tQw9kXAA2N-gVYa9RLgGXZbIktN4Uam5yYqk40oNi8vDj3fhls0WZwidG2V4JZLj2HjdXqjYzQgAWyQqToh0R6BDPyQklZv-T8FelZIcVcCvuedF2Ojo9H-vlltuJJZgaKKJa2ix9pvqwHKY5anlyPmgN6QAmV1v1K0r3rwGLS20JGmG9xAZd3t90W9jqwQ3y8SJyKCnG9Ki46KzxMfXm2Rpn0kX06i1dpfECA8njL5cBF0rsZHkArg4VxoOItymHcMBy7ii0XDrYz0qP-XinBmEq6d4S5Fia9Dbdl1uvVT3wkK1gsoFL4Snhu9OHJI7ncIU47vp0NHsDORtK9pyCIf1IHuKH4kVgTbqt0OLunpAQ7X2cA-9XEj4CiJQQl4y6FVQF20rsFLRF3fTiDaDiXJ70fz5TRlvR-ATfDzhA2FKzGt0HtfI4sfHd7dxOfq0nvqxQM7Zx5WfAPAmOJC0FKaiW9e26rCnNIIwCpHUw66X0JbvyzC1b8G2JQ7oGT9L5TYHtJd1NkeNjOAtYomSVwg-LWne_XkjXjSUEHmoKmh2m6iFsGN-sEEt3Hmh_jO9YEtZphVGrYmd-3ZxF-ZFmyDlKYrVBYuGpbi3J3O-l9T6GNoHup2Un3vpstw_3wbZDISrCu7iblZbSGWGT8uF-Wkh4GuH2IrCW2F99B24QBPo-7qoobMkwrvSX6wBlJuY-7nHQfHkBw40epr82z_PfSWUNQhPoVO4q7zZeCYt7HpycNvPCY8Pl6ICixUSYebUfNV_UJlBKTq8x6YsrpwqpgncCkXoi6bw6FukBWFB4Eh6TFTzUH-Olna4mPPlVG_LV_IB_--t8Jh7_xv1ieIRb-1r8uEH72vyYJXtoXAz-nR98tHhZECc7BB8QOWXG8UYp4uZnjlVQAx9OtH-IRk1-4Njt7cWEBNSUZCfBw1if7XyXokABC30KNWFF4A2e0O_1Pt85jvEztejD1K5H-Sfjr9Ztodjj_x7GXXjh7aiT-OOIzejC1X_fc1IfDoXRoMVsRHDdz6X0zuhrdwN8X-AurfwJCMqzz:1w3bwc:lLMgBZG65SvESdfyb5jtkTJRVqHiae9ZM7BzBU2KcPQ",
      "lock": "2026-03-20T15:39:26.902Z"
    }
  },
  {
    "model": "django_q.ormq",
    "pk": 5,
    "fields": {
      "key": "audit_cluster",
      "payload": ".eJxNUk1P20AQDQRICAVatVKlHqo99BCkEux8R5yiELUooapIEFIv1sRe41Ucr7W7JgWpai-0l72x_Sn9U_0VnQ0JxStLbz52Zt6b_bH5-3s-t_i-mbJeZ4HRJGhBo91qh27oTOrNdhU6jlutNcIwpCFA0DF6I4EZNfpNzHhyKFO4iqhS7FAqCtNDlgQMMCfMEt_od2c33TStKJBTWUkF96mUHmQBUx69ponybASzQVxJY2coLd03KXbYOemOu95Jf9gf943ekxgTTN14MYLY6GLv_HR82usOEYKvuPCQwCCvSw-G4DHW2IRgxhKjSyz1IAgEDmD0tlttVRw8LgYySYUHV9jWaH7Gb1kcw1Gj4pDyJZLhc0k-jYmL2ccEHc36MfnarB8Q5BXTSzoZMHXUqLUqtSYpDz6Oz4bvScymlHyg_pQfkF4k-IweufXmoqFDRhCCYMsrRu_iRDwTPl1xvsBxPgseMjv9zmPU7matbfSzCQ25oJ5UoKiVLFobFPWGJWEseGCNEvg8SxRYUltwDQqE0Tmj8xPGkf-YAhlylBMFSiOeUBO91YWVPoj3pBKUKu-Jq4j7u2aJv8jdXRmez4OFpxgwvMN8tQivjMfwxhxEYMG2BY_u5zM6m1AhI1zPcq1bE8GTWyTx4kksySw0-mWt7jqk4dRc0uw0O6TaaDt4JeUsUdIMcpnegVDhQh_0wQ5bFmW49MLootfrj0aYLihIjo_i9ROxyRwkCWhMFQ1MdodZ0_nyWeoC1hDWjyyxrGL2_f-H96ZXKvzNv9ovF9b_fDFRWxet_9bqem_NbWtibQVoD3L2_DLn5g7_n_hnlX9hkkv2:1w3bxH:gXoXFybLpydsnVxEJpT1Le6Cw8A-au1fnmkKVbjS0Xc",
      "lock": "2026-03-20T15:40:07.177Z"
    }
  },
  {
    "model": "django_q.ormq",
    "pk": 6,
    "fields": {
      "key": "audit_cluster",
      "payload": ".eJxlU81PE0EUBwEp4AeJXrztgQNEu-xXtxRiYinVQgsaKCGYmM10d7Ydu91ZZmapkJh4wY9kbo5_gHf_Ai8evHvzD_DqX-GbFvHgfGTf_N68937vvdk3M59-Tk2Mxmu1LK-RSEnDx2s4ijEKI9f17BihiltxKpXOWil2rQrylZxO0QAreY8LhtGgGJM07BVDxDIsigKlXQpX4jwNlVzaPatmmSkQ73MzYzTEnAcoj4gI8ClORaA1cBuxLleawvwlfJZBgIWtarsabNVb9XZdyVscdIyIsyABIVGyUNvfbm_Xqi0QUSgoC4B_c0rOjw-MJuBjBkUDkio5T7IARREDAkrO2U7ZtGDaoMg5ZgHqQlgl6S49J0mCVkumZSwfkTSiQ27stQ0bbm8YAPjehvHK91YMyCvBR7jTJGK15JZN1zeWm432buuBkZA-Np7gsE9XjFqP0QFetT1_FNAyDlCMGLk0UfImMKI5C_FlztOHQAdSv4J1TybXlLzRwTFlOOACCaxr1ZtsFmQhQ5wPKYNLx1mnH8VOwHvIKflLtjUaS9ja9OKWG9tPG_XH-V5zp3HeSflS298TlbxWO24xuukkO8PO8VZ1tT7cIs-eH9LGyX5j0HY9Z7dyMnwIRUoQF0FCu7qUhmM5ftFyi7ZrWOX1kl5m2V-zrdJ9y1q3LCBLeMDzDDNdXPVBFvR3_Grm-lhQlNqOC25jwsDvWDHd_PX1G-hHocbQTJt-_wwRZ_AAEej4nSvbR12NmCEdQPN1MIHiGALNgQztJ6dYvZcLEZQqeElJiqP_aHsWLNMveyXP-0v7epfRPOPqhZKLo2cBGQwI54SmGszlAooFwOMeyAmw0GIOT2r24LBWqx8cAAQ_BafAelG30hgibkQ4wQI45Beg7g8vX7ucBWOmcVnQTAXROf8TP6ra_Ozvqbu3l2ev_fiiehVZ0Pg5TbUOjnP6CL4FgnNzQs93al9dwH4LOzf_AGjPYuk:1w3bxH:fgtK-9ez0XUtZXidGiIZ0QgBmmDI1b2412MIojZVkUE",
      "lock": "2026-03-20T15:40:07.184Z"
    }
  }
]